--------------------------------------------------------
--  SCRIPT DE CREACION DE ESQUEMA
--------------------------------------------------------
CREATE TABLE PAISES (
id    INT GENERATED BY DEFAULT AS IDENTITY PRIMARY KEY,
descripcion nvarchar2(255) NOT NULL,
indicativo  int NOT NULL,
moneda varchar2(20) NOT NULL
);


CREATE TABLE VEHICULOS(
id    INT GENERATED BY DEFAULT AS IDENTITY PRIMARY KEY,
modelo          nvarchar2(255) NOT NULL,
año             int NOT NULL,
marca           nvarchar2(255) NOT NULL,
placa           nvarchar2(255) NOT NULL,
tipo_vehiculo   nvarchar2(255) NOT NULL,
CONSTRAINT check_tipo_vehiculo
CHECK (tipo_vehiculo IN('Uber X','Uber Black'))
);


CREATE TABLE CIUDADES (
id    INT GENERATED BY DEFAULT AS IDENTITY PRIMARY KEY,
nombre           nvarchar2(255) NOT NULL,
pais_id         int NOT NULL,
CONSTRAINT fk_paises
    FOREIGN KEY (pais_id)
    REFERENCES PAISES (id)
);

CREATE TABLE EMPRESAS(
id    INT GENERATED BY DEFAULT AS IDENTITY PRIMARY KEY,
descripcion     nvarchar2(255) NOT NULL,
nit             nvarchar2(255) NOT NULL,
direccion       nvarchar2(255) NOT NULL
);


CREATE TABLE USUARIOS(
id    INT GENERATED BY DEFAULT AS IDENTITY PRIMARY KEY,
nombre          nvarchar2(255) NOT NULL,
apellido        nvarchar2(255) NOT NULL,
imagen_url      nvarchar2(255),
telefono        nvarchar2(255) NOT NULL,
tipo_usuario    nvarchar2(255) NOT NULL,
usuario         varchar2 (64) NOT NULL,
idioma          nvarchar2(20),
ciudad_id       int,
CONSTRAINT check_tipo_usuario
    CHECK (tipo_usuario IN('Empresarial','Conductor','Cliente')),
CONSTRAINT fk_ciudades
    FOREIGN KEY (ciudad_id)
    REFERENCES CIUDADES (id)
);

CREATE TABLE EMAILS(
id    INT GENERATED BY DEFAULT AS IDENTITY PRIMARY KEY,
usuario_id      int NOT NULL,
email           varchar2(64) NOT NULL,
CONSTRAINT fk_usuarios
    FOREIGN KEY (usuario_id) 
    REFERENCES USUARIOS (id)
);

CREATE TABLE ASIGNACIONES_VEHICULOS(
id    INT GENERATED BY DEFAULT AS IDENTITY PRIMARY KEY,
usuario_id      int NOT NULL,
vehiculo_id     int NOT NULL,
CONSTRAINT fk_usuarios_asignaciones_vehiculos
    FOREIGN KEY (usuario_id)
    REFERENCES USUARIOS (id),
CONSTRAINT fk_vehiculos_asignaciones_vehiculos
    FOREIGN KEY (vehiculo_id)
    REFERENCES VEHICULOS (id)
);


CREATE TABLE CODIGOS_PROMOCIONALES(
id    INT GENERATED BY DEFAULT AS IDENTITY PRIMARY KEY,
codigo          nvarchar2(255)NOT NULL,
valor           numeric(18,4)NOT NULL,
estado          nvarchar2(255) NOT NULL,

CONSTRAINT check_estado_codigos_promicionales
    CHECK (estado IN('Activo','Inactivo','Ejecutado'))
);



CREATE TABLE USUARIOS_CODIGOS_PROMOCIONALES(
id    INT GENERATED BY DEFAULT AS IDENTITY PRIMARY KEY,
usuario_id int NOT NULL,
codigo_promocional_id int NOT NULL,
CONSTRAINT fk_codigos_promocionales
    FOREIGN KEY (codigo_promocional_id)
    REFERENCES CODIGOS_PROMOCIONALES (id),
    
    CONSTRAINT fk_usuario_codigo_promocional
    FOREIGN KEY (usuario_id)
    REFERENCES USUARIOS (id)
);


CREATE TABLE MEDIOS_PAGO_USUARIO(
id    INT GENERATED BY DEFAULT AS IDENTITY PRIMARY KEY,
usuario_id INT,
medio_pago_detalle nvarchar2(255)NOT NULL,
estado varchar2(8) NOT NULL,
tipo varchar2(64) NOT NULL,
CONSTRAINT check_estado_medios_pago_usuario
    CHECK (estado IN('Activo','Inactivo')),
CONSTRAINT check_tipo_medios_pago_usuario
    CHECK (tipo IN('Tarjeta de crédito','Tarjeta débito','Cuenta de ahorros','PayPay','Android')),
  CONSTRAINT fk_usuario_medios_pago
    FOREIGN KEY (usuario_id)
    REFERENCES USUARIOS (id)
);

CREATE TABLE CONFIGURACION_ENVIO_RECIBOS (
id    INT GENERATED BY DEFAULT AS IDENTITY PRIMARY KEY,
email_id int NOT NULL,
medio_pago_usuario_id int NOT NULL,
    CONSTRAINT fk_emails
    FOREIGN KEY (email_id)
    REFERENCES EMAILS (id),
    
    CONSTRAINT fk_medio_pago_usuario_configuracion_envio
    FOREIGN KEY (medio_pago_usuario_id)
    REFERENCES MEDIOS_PAGO_USUARIO (id)

);


CREATE TABLE USUARIOS_EMPRESAS(
id    INT GENERATED BY DEFAULT AS IDENTITY PRIMARY KEY,
usuario_id INT NOT NULL,
empresa_id INT NOT NULL,
estados NVARCHAR2(32) NOT NULL,
fecha_inicio TIMESTAMP NOT NULL,
fecha_fin TIMESTAMP NOT NULL,

 CONSTRAINT check_estados_usuarios_empresas
    CHECK (estados IN('Activo','Inactivo')),

 CONSTRAINT fk_usuario_empresas_usuario
    FOREIGN KEY (usuario_id)
    REFERENCES USUARIOS (id),
     CONSTRAINT fk_usuario_empresas_empresas
    FOREIGN KEY (empresa_id)
    REFERENCES EMPRESAS (id)
);

CREATE TABLE SERVICIOS(
id    INT GENERATED BY DEFAULT AS IDENTITY PRIMARY KEY,
cliente_id int NOT NULL,
cliente_compartido_id int ,
asignacion_vehiculo_id int NOT NULL,
distancia_recorrida int NOT NULL,
tiempo_requerido int NOT NULL,
fecha_inicio TIMESTAMP NOT NULL,
fecha_fin TIMESTAMP NOT NULL,
servicio_compartido char(1),
estado nvarchar2(20) NOT NULL,
tarifa_dinamica char(1) NOT NULL,
direccion_origen nvarchar2(255) NOT NULL,
direccion_destino nvarchar2(255) NOT NULL,
 CONSTRAINT fk_cliente_factura
    FOREIGN KEY (cliente_id)
    REFERENCES USUARIOS (id),
    
     CONSTRAINT fk_cliente_compartido_factura
    FOREIGN KEY (cliente_compartido_id)
    REFERENCES USUARIOS (id),
    
    CONSTRAINT fk_servicio_asignaciones_vehiculos
    FOREIGN KEY (asignacion_vehiculo_id)
    REFERENCES ASIGNACIONES_VEHICULOS (id),   
        
    
    CONSTRAINT check_tarifa_dinamica
    CHECK (tarifa_dinamica IN('Y','N')),
    
    CONSTRAINT check_servicio_compartido
    CHECK (servicio_compartido IN('Y','N'))
    
  
);

CREATE TABLE FACTURAS(
id    INT GENERATED BY DEFAULT AS IDENTITY PRIMARY KEY,
servicio_id     int NOT NULL,
medio_pago_id int NOT NULL,
valor number NOT NULL,
estado varchar2(16) NOT NULL,


CONSTRAINT fk_servicio_medio_pagos_facturas
    FOREIGN KEY (medio_pago_id)
    REFERENCES MEDIOS_PAGO_USUARIO (id),

CONSTRAINT check_estado_facturas
    CHECK (estado IN('Liquidada','Pendiente')),

comision number generated always as (valor * 0.34) virtual,
 CONSTRAINT fk_detalle_facturas_servicios_facturas
    FOREIGN KEY (servicio_id)
    REFERENCES SERVICIOS (id)
);

CREATE TABLE DETALLE_FACTURAS(
id    INT GENERATED BY DEFAULT AS IDENTITY PRIMARY KEY,
factura_id int NOT NULL,
concepto nvarchar2(255) NOT NULL,
valor number NOT NULL,
   CONSTRAINT fk_detalle_facturas_facturas_detalle
    FOREIGN KEY (factura_id)
    REFERENCES FACTURAS (id)
);

CREATE TABLE GEOLOCALIZACIONES(
id    INT GENERATED BY DEFAULT AS IDENTITY PRIMARY KEY,
servicio_id int NOT NULL,
longitud nvarchar2(255) NOT NULL,
latitud nvarchar2(255) NOT NULL,
 CONSTRAINT fk_geolocalizaciones_ubicacion
    FOREIGN KEY (servicio_id)
    REFERENCES SERVICIOS (id)
);

CREATE TABLE PAGOS_CONDUCTORES(
id    INT GENERATED BY DEFAULT AS IDENTITY PRIMARY KEY,
conductor_id int NOT NULL,
medio_pago_id int NOT NULL,
valor number NOT NULL,
fecha_corte_incial TIMESTAMP NOT NULL,
fecha_corte_final TIMESTAMP NOT NULL,
observaciones varchar2(2048),
 CONSTRAINT fk_pagos_medio_pago_pagos_conductores
    FOREIGN KEY (medio_pago_id)
    REFERENCES MEDIOS_PAGO_USUARIO (id),
     CONSTRAINT fk_pagos_conductor
    FOREIGN KEY (conductor_id)
    REFERENCES USUARIOS (id)
);


--------------------------------------------------------
--  SCRIPT DE CARGA DE DATOS
--------------------------------------------------------
REM INSERTING into PAISES
SET DEFINE OFF;
Insert into PAISES (ID,DESCRIPCION,INDICATIVO,MONEDA) values (1,'Colombia',57,'COP');
Insert into PAISES (ID,DESCRIPCION,INDICATIVO,MONEDA) values (2,'Estados Unidos',25,'USD');
Insert into PAISES (ID,DESCRIPCION,INDICATIVO,MONEDA) values (3,'Peru',15,'SOL');
REM INSERTING into CIUDADES
SET DEFINE OFF;
Insert into CIUDADES (ID,NOMBRE,PAIS_ID) values (1,'Medellin',1);
Insert into CIUDADES (ID,NOMBRE,PAIS_ID) values (2,'Bogota',1);
Insert into CIUDADES (ID,NOMBRE,PAIS_ID) values (3,'Miami',2);
Insert into CIUDADES (ID,NOMBRE,PAIS_ID) values (4,'New Yorck',2);
Insert into CIUDADES (ID,NOMBRE,PAIS_ID) values (5,'Los Angeles',2);
Insert into CIUDADES (ID,NOMBRE,PAIS_ID) values (6,'Lima',3);
Insert into CIUDADES (ID,NOMBRE,PAIS_ID) values (7,'Cusco',3);
Insert into CIUDADES (ID,NOMBRE,PAIS_ID) values (8,'Cali',1);
Insert into CIUDADES (ID,NOMBRE,PAIS_ID) values (9,'Barranquilla',1);
Insert into CIUDADES (ID,NOMBRE,PAIS_ID) values (10,'Tampa',2);
REM INSERTING into EMPRESAS
SET DEFINE OFF;
Insert into EMPRESAS (ID,DESCRIPCION,NIT,DIRECCION) values (1,'Exito','1254356353','cra 58 nº96 35');
Insert into EMPRESAS (ID,DESCRIPCION,NIT,DIRECCION) values (2,'Alpina','635356525','calle 33 nº98-65');
REM INSERTING into VEHICULOS
SET DEFINE OFF;
Insert into VEHICULOS (ID,MODELO,"AÑO",MARCA,PLACA,TIPO_VEHICULO) values (1,'S3',2003,'Mercedes-Benz','CDP546','Uber X');
Insert into VEHICULOS (ID,MODELO,"AÑO",MARCA,PLACA,TIPO_VEHICULO) values (2,'T4',2007,'Ford','XZU479','Uber Black');
Insert into VEHICULOS (ID,MODELO,"AÑO",MARCA,PLACA,TIPO_VEHICULO) values (3,'A2',2013,'Toyota','ZGR933','Uber X');
Insert into VEHICULOS (ID,MODELO,"AÑO",MARCA,PLACA,TIPO_VEHICULO) values (4,'S3',2011,'Buick','BJU221','Uber X');
Insert into VEHICULOS (ID,MODELO,"AÑO",MARCA,PLACA,TIPO_VEHICULO) values (5,'S3',2008,'Volvo','DZG700','Uber X');
Insert into VEHICULOS (ID,MODELO,"AÑO",MARCA,PLACA,TIPO_VEHICULO) values (6,'T4',2008,'Lincoln','MGZ054','Uber X');
Insert into VEHICULOS (ID,MODELO,"AÑO",MARCA,PLACA,TIPO_VEHICULO) values (7,'T4',2018,'Renault','NNW362','Uber X');
Insert into VEHICULOS (ID,MODELO,"AÑO",MARCA,PLACA,TIPO_VEHICULO) values (8,'PTO6',2003,'Peugeot','JQO964','Uber Black');
Insert into VEHICULOS (ID,MODELO,"AÑO",MARCA,PLACA,TIPO_VEHICULO) values (9,'PTO6',2004,'Porsche','EGQ831','Uber X');
Insert into VEHICULOS (ID,MODELO,"AÑO",MARCA,PLACA,TIPO_VEHICULO) values (10,'T4',2000,'Honda','WWA921','Uber X');
Insert into VEHICULOS (ID,MODELO,"AÑO",MARCA,PLACA,TIPO_VEHICULO) values (11,'T9',2017,'Skoda','TLO018','Uber X');
Insert into VEHICULOS (ID,MODELO,"AÑO",MARCA,PLACA,TIPO_VEHICULO) values (12,'T4',2002,'Tata Motors','JJN691','Uber Black');
Insert into VEHICULOS (ID,MODELO,"AÑO",MARCA,PLACA,TIPO_VEHICULO) values (13,'T9',2002,'FAW','OVK390','Uber X');
Insert into VEHICULOS (ID,MODELO,"AÑO",MARCA,PLACA,TIPO_VEHICULO) values (14,'S3',2006,'Mercedes-Benz','KDI026','Uber Black');
Insert into VEHICULOS (ID,MODELO,"AÑO",MARCA,PLACA,TIPO_VEHICULO) values (15,'T10',2004,'Mitsubishi Motors','UWF688','Uber Black');
Insert into VEHICULOS (ID,MODELO,"AÑO",MARCA,PLACA,TIPO_VEHICULO) values (16,'T4',2006,'GMC','EVC629','Uber Black');
Insert into VEHICULOS (ID,MODELO,"AÑO",MARCA,PLACA,TIPO_VEHICULO) values (17,'A1',2018,'Buick','IEQ386','Uber X');
Insert into VEHICULOS (ID,MODELO,"AÑO",MARCA,PLACA,TIPO_VEHICULO) values (18,'A2',2001,'GMC','IKV480','Uber Black');
Insert into VEHICULOS (ID,MODELO,"AÑO",MARCA,PLACA,TIPO_VEHICULO) values (19,'T4',2000,'Acura','WMF230','Uber X');
Insert into VEHICULOS (ID,MODELO,"AÑO",MARCA,PLACA,TIPO_VEHICULO) values (20,'A2',2016,'Mercedes-Benz','NEB098','Uber X');
Insert into VEHICULOS (ID,MODELO,"AÑO",MARCA,PLACA,TIPO_VEHICULO) values (21,'A2',2019,'MINI','YCW081','Uber Black');
Insert into VEHICULOS (ID,MODELO,"AÑO",MARCA,PLACA,TIPO_VEHICULO) values (22,'RS-7',2017,'Smart','JAR784','Uber Black');
Insert into VEHICULOS (ID,MODELO,"AÑO",MARCA,PLACA,TIPO_VEHICULO) values (23,'A1',2003,'Lexus','TFC663','Uber Black');
Insert into VEHICULOS (ID,MODELO,"AÑO",MARCA,PLACA,TIPO_VEHICULO) values (24,'T4',2000,'Chevrolet','FWD478','Uber Black');
Insert into VEHICULOS (ID,MODELO,"AÑO",MARCA,PLACA,TIPO_VEHICULO) values (25,'TT5',2004,'Daimler','ZQO503','Uber X');
Insert into VEHICULOS (ID,MODELO,"AÑO",MARCA,PLACA,TIPO_VEHICULO) values (26,'PTO6',2015,'Seat','MDP923','Uber X');
Insert into VEHICULOS (ID,MODELO,"AÑO",MARCA,PLACA,TIPO_VEHICULO) values (27,'RS-7',2003,'GMC','LMN329','Uber X');
Insert into VEHICULOS (ID,MODELO,"AÑO",MARCA,PLACA,TIPO_VEHICULO) values (28,'T9',2008,'Smart','DQX670','Uber Black');
Insert into VEHICULOS (ID,MODELO,"AÑO",MARCA,PLACA,TIPO_VEHICULO) values (29,'PTO6',2010,'Daihatsu','LDF834','Uber X');
Insert into VEHICULOS (ID,MODELO,"AÑO",MARCA,PLACA,TIPO_VEHICULO) values (30,'NS-8',2000,'Mitsubishi Motors','LIZ590','Uber Black');
Insert into VEHICULOS (ID,MODELO,"AÑO",MARCA,PLACA,TIPO_VEHICULO) values (31,'RS-7',2010,'Renault','XIQ754','Uber X');
Insert into VEHICULOS (ID,MODELO,"AÑO",MARCA,PLACA,TIPO_VEHICULO) values (32,'NS-8',2016,'Jeep','AAR134','Uber X');
Insert into VEHICULOS (ID,MODELO,"AÑO",MARCA,PLACA,TIPO_VEHICULO) values (33,'NS-8',2013,'Infiniti','RBX145','Uber X');
Insert into VEHICULOS (ID,MODELO,"AÑO",MARCA,PLACA,TIPO_VEHICULO) values (34,'T10',2007,'Volvo','IDN501','Uber X');
Insert into VEHICULOS (ID,MODELO,"AÑO",MARCA,PLACA,TIPO_VEHICULO) values (35,'A2',2003,'Infiniti','FBD530','Uber Black');
Insert into VEHICULOS (ID,MODELO,"AÑO",MARCA,PLACA,TIPO_VEHICULO) values (36,'NS-8',2014,'Peugeot','SOC357','Uber Black');
Insert into VEHICULOS (ID,MODELO,"AÑO",MARCA,PLACA,TIPO_VEHICULO) values (37,'PTO6',2006,'Jeep','ITM301','Uber X');
Insert into VEHICULOS (ID,MODELO,"AÑO",MARCA,PLACA,TIPO_VEHICULO) values (38,'PTO6',2000,'Nissan','GKF627','Uber X');
Insert into VEHICULOS (ID,MODELO,"AÑO",MARCA,PLACA,TIPO_VEHICULO) values (39,'RS-7',2004,'Renault','MLA500','Uber X');
Insert into VEHICULOS (ID,MODELO,"AÑO",MARCA,PLACA,TIPO_VEHICULO) values (40,'T10',2017,'Audi','HFO805','Uber X');
Insert into VEHICULOS (ID,MODELO,"AÑO",MARCA,PLACA,TIPO_VEHICULO) values (41,'TT5',2004,'Lexus','VWG037','Uber X');
Insert into VEHICULOS (ID,MODELO,"AÑO",MARCA,PLACA,TIPO_VEHICULO) values (42,'T4',2010,'Audi','GTZ990','Uber X');
Insert into VEHICULOS (ID,MODELO,"AÑO",MARCA,PLACA,TIPO_VEHICULO) values (43,'PTO6',2015,'Subaru','VED467','Uber X');
Insert into VEHICULOS (ID,MODELO,"AÑO",MARCA,PLACA,TIPO_VEHICULO) values (44,'RS-7',2011,'Dodge','WXM598','Uber Black');
Insert into VEHICULOS (ID,MODELO,"AÑO",MARCA,PLACA,TIPO_VEHICULO) values (45,'RS-7',2005,'Subaru','YYV530','Uber X');
Insert into VEHICULOS (ID,MODELO,"AÑO",MARCA,PLACA,TIPO_VEHICULO) values (46,'S3',2013,'Skoda','PJY413','Uber X');
Insert into VEHICULOS (ID,MODELO,"AÑO",MARCA,PLACA,TIPO_VEHICULO) values (47,'T10',2013,'Mitsubishi Motors','FBE133','Uber Black');
Insert into VEHICULOS (ID,MODELO,"AÑO",MARCA,PLACA,TIPO_VEHICULO) values (48,'S3',2014,'Buick','FBW237','Uber X');
Insert into VEHICULOS (ID,MODELO,"AÑO",MARCA,PLACA,TIPO_VEHICULO) values (49,'PTO6',2007,'Buick','OUB774','Uber X');
Insert into VEHICULOS (ID,MODELO,"AÑO",MARCA,PLACA,TIPO_VEHICULO) values (50,'PTO6',2018,'Volvo','CEO078','Uber Black');
Insert into VEHICULOS (ID,MODELO,"AÑO",MARCA,PLACA,TIPO_VEHICULO) values (51,'RS-7',2005,'Smart','ZXD584','Uber X');
Insert into VEHICULOS (ID,MODELO,"AÑO",MARCA,PLACA,TIPO_VEHICULO) values (52,'RS-7',2013,'Volvo','YBI883','Uber X');
Insert into VEHICULOS (ID,MODELO,"AÑO",MARCA,PLACA,TIPO_VEHICULO) values (53,'TT5',2019,'Renault','RDJ479','Uber Black');
Insert into VEHICULOS (ID,MODELO,"AÑO",MARCA,PLACA,TIPO_VEHICULO) values (54,'T4',2012,'Jeep','CBX127','Uber Black');
Insert into VEHICULOS (ID,MODELO,"AÑO",MARCA,PLACA,TIPO_VEHICULO) values (55,'RS-7',2010,'Mazda','DHE068','Uber Black');
Insert into VEHICULOS (ID,MODELO,"AÑO",MARCA,PLACA,TIPO_VEHICULO) values (56,'T10',2002,'Daimler','DYM935','Uber X');
Insert into VEHICULOS (ID,MODELO,"AÑO",MARCA,PLACA,TIPO_VEHICULO) values (57,'T9',2001,'Seat','PEX139','Uber Black');
Insert into VEHICULOS (ID,MODELO,"AÑO",MARCA,PLACA,TIPO_VEHICULO) values (58,'S3',2003,'Volvo','NCC936','Uber Black');
Insert into VEHICULOS (ID,MODELO,"AÑO",MARCA,PLACA,TIPO_VEHICULO) values (59,'NS-8',2017,'Subaru','BQM078','Uber X');
Insert into VEHICULOS (ID,MODELO,"AÑO",MARCA,PLACA,TIPO_VEHICULO) values (60,'RS-7',2003,'Seat','RUL268','Uber Black');
Insert into VEHICULOS (ID,MODELO,"AÑO",MARCA,PLACA,TIPO_VEHICULO) values (61,'A1',2005,'RAM Trucks','EXI810','Uber Black');
Insert into VEHICULOS (ID,MODELO,"AÑO",MARCA,PLACA,TIPO_VEHICULO) values (62,'PTO6',2012,'Ford','HKA167','Uber Black');
Insert into VEHICULOS (ID,MODELO,"AÑO",MARCA,PLACA,TIPO_VEHICULO) values (63,'PTO6',2017,'Jeep','XEN170','Uber Black');
Insert into VEHICULOS (ID,MODELO,"AÑO",MARCA,PLACA,TIPO_VEHICULO) values (64,'T9',2018,'Audi','JMI209','Uber Black');
Insert into VEHICULOS (ID,MODELO,"AÑO",MARCA,PLACA,TIPO_VEHICULO) values (65,'T10',2013,'Mitsubishi Motors','JUS223','Uber X');
Insert into VEHICULOS (ID,MODELO,"AÑO",MARCA,PLACA,TIPO_VEHICULO) values (66,'A1',2009,'Dacia','VJU382','Uber Black');
Insert into VEHICULOS (ID,MODELO,"AÑO",MARCA,PLACA,TIPO_VEHICULO) values (67,'TT5',2010,'BMW','SXQ050','Uber X');
Insert into VEHICULOS (ID,MODELO,"AÑO",MARCA,PLACA,TIPO_VEHICULO) values (68,'S3',2013,'Audi','AUD734','Uber Black');
Insert into VEHICULOS (ID,MODELO,"AÑO",MARCA,PLACA,TIPO_VEHICULO) values (69,'T9',2016,'Jeep','NJV657','Uber X');
Insert into VEHICULOS (ID,MODELO,"AÑO",MARCA,PLACA,TIPO_VEHICULO) values (70,'T10',2007,'Buick','JYI609','Uber X');
Insert into VEHICULOS (ID,MODELO,"AÑO",MARCA,PLACA,TIPO_VEHICULO) values (71,'S3',2004,'Honda','FKZ382','Uber X');
Insert into VEHICULOS (ID,MODELO,"AÑO",MARCA,PLACA,TIPO_VEHICULO) values (72,'TT5',2017,'Skoda','CFM649','Uber Black');
Insert into VEHICULOS (ID,MODELO,"AÑO",MARCA,PLACA,TIPO_VEHICULO) values (73,'T4',2017,'Mahindra and Mahindra','ELJ562','Uber X');
Insert into VEHICULOS (ID,MODELO,"AÑO",MARCA,PLACA,TIPO_VEHICULO) values (74,'A1',2004,'Audi','YNV138','Uber Black');
Insert into VEHICULOS (ID,MODELO,"AÑO",MARCA,PLACA,TIPO_VEHICULO) values (75,'T4',2006,'Ferrari','XFT159','Uber Black');
Insert into VEHICULOS (ID,MODELO,"AÑO",MARCA,PLACA,TIPO_VEHICULO) values (76,'TT5',2013,'Jeep','SJF207','Uber Black');
Insert into VEHICULOS (ID,MODELO,"AÑO",MARCA,PLACA,TIPO_VEHICULO) values (77,'PTO6',2013,'Infiniti','UJX849','Uber X');
Insert into VEHICULOS (ID,MODELO,"AÑO",MARCA,PLACA,TIPO_VEHICULO) values (78,'NS-8',2011,'Mitsubishi Motors','XOU900','Uber Black');
Insert into VEHICULOS (ID,MODELO,"AÑO",MARCA,PLACA,TIPO_VEHICULO) values (79,'T4',2013,'Peugeot','MMU489','Uber Black');
Insert into VEHICULOS (ID,MODELO,"AÑO",MARCA,PLACA,TIPO_VEHICULO) values (80,'TT5',2018,'General Motors','KUI969','Uber X');
Insert into VEHICULOS (ID,MODELO,"AÑO",MARCA,PLACA,TIPO_VEHICULO) values (81,'RS-7',2000,'Infiniti','QHB682','Uber Black');
Insert into VEHICULOS (ID,MODELO,"AÑO",MARCA,PLACA,TIPO_VEHICULO) values (82,'RS-7',2016,'Smart','ENS452','Uber X');
Insert into VEHICULOS (ID,MODELO,"AÑO",MARCA,PLACA,TIPO_VEHICULO) values (83,'T4',2009,'Audi','OQK388','Uber X');
Insert into VEHICULOS (ID,MODELO,"AÑO",MARCA,PLACA,TIPO_VEHICULO) values (84,'PTO6',2009,'Mitsubishi Motors','VFQ878','Uber X');
Insert into VEHICULOS (ID,MODELO,"AÑO",MARCA,PLACA,TIPO_VEHICULO) values (85,'S3',2001,'Daihatsu','GDH145','Uber Black');
Insert into VEHICULOS (ID,MODELO,"AÑO",MARCA,PLACA,TIPO_VEHICULO) values (86,'PTO6',2003,'Cadillac','UWT168','Uber Black');
Insert into VEHICULOS (ID,MODELO,"AÑO",MARCA,PLACA,TIPO_VEHICULO) values (87,'TT5',2009,'Mazda','RXV151','Uber X');
Insert into VEHICULOS (ID,MODELO,"AÑO",MARCA,PLACA,TIPO_VEHICULO) values (88,'PTO6',2001,'Mercedes-Benz','ZZO803','Uber Black');
Insert into VEHICULOS (ID,MODELO,"AÑO",MARCA,PLACA,TIPO_VEHICULO) values (89,'T9',2017,'Tata Motors','GHJ812','Uber X');
Insert into VEHICULOS (ID,MODELO,"AÑO",MARCA,PLACA,TIPO_VEHICULO) values (90,'RS-7',2019,'Tata Motors','FWT161','Uber Black');
Insert into VEHICULOS (ID,MODELO,"AÑO",MARCA,PLACA,TIPO_VEHICULO) values (91,'RS-7',2011,'Skoda','MGM617','Uber Black');
Insert into VEHICULOS (ID,MODELO,"AÑO",MARCA,PLACA,TIPO_VEHICULO) values (92,'S3',2007,'Porsche','AAT881','Uber Black');
Insert into VEHICULOS (ID,MODELO,"AÑO",MARCA,PLACA,TIPO_VEHICULO) values (93,'A1',2016,'Mitsubishi Motors','HTZ796','Uber X');
Insert into VEHICULOS (ID,MODELO,"AÑO",MARCA,PLACA,TIPO_VEHICULO) values (94,'A2',2010,'Citroën','OAL223','Uber X');
Insert into VEHICULOS (ID,MODELO,"AÑO",MARCA,PLACA,TIPO_VEHICULO) values (95,'A2',2004,'Dongfeng Motor','KDL585','Uber Black');
Insert into VEHICULOS (ID,MODELO,"AÑO",MARCA,PLACA,TIPO_VEHICULO) values (96,'RS-7',2013,'Renault','OQE752','Uber X');
Insert into VEHICULOS (ID,MODELO,"AÑO",MARCA,PLACA,TIPO_VEHICULO) values (97,'RS-7',2001,'Buick','QYD981','Uber Black');
Insert into VEHICULOS (ID,MODELO,"AÑO",MARCA,PLACA,TIPO_VEHICULO) values (98,'T9',2007,'Lincoln','NYN876','Uber Black');
Insert into VEHICULOS (ID,MODELO,"AÑO",MARCA,PLACA,TIPO_VEHICULO) values (99,'T10',2016,'Daimler','TYW545','Uber X');
Insert into VEHICULOS (ID,MODELO,"AÑO",MARCA,PLACA,TIPO_VEHICULO) values (100,'PTO6',2010,'Ferrari','PVQ415','Uber Black');
REM INSERTING into USUARIOS
SET DEFINE OFF;
Insert into USUARIOS (ID,NOMBRE,APELLIDO,IMAGEN_URL,TELEFONO,TIPO_USUARIO,USUARIO,IDIOMA,CIUDAD_ID) values (117,'Richard','Herring','F71881.jpg','345 826 14 99','Cliente','YDWD_4','ESPAÑOL',2);
Insert into USUARIOS (ID,NOMBRE,APELLIDO,IMAGEN_URL,TELEFONO,TIPO_USUARIO,USUARIO,IDIOMA,CIUDAD_ID) values (118,'Bert','Valencia','L66787.jpg','357 532 23 88','Cliente','IHDL_9','ESPAÑOL',1);
Insert into USUARIOS (ID,NOMBRE,APELLIDO,IMAGEN_URL,TELEFONO,TIPO_USUARIO,USUARIO,IDIOMA,CIUDAD_ID) values (119,'Chancellor','Reed','B43485.jpg','384 931 54 44','Cliente','HPJE_0','ESPAÑOL',4);
Insert into USUARIOS (ID,NOMBRE,APELLIDO,IMAGEN_URL,TELEFONO,TIPO_USUARIO,USUARIO,IDIOMA,CIUDAD_ID) values (120,'Reed','Lowe','D53032.jpg','308 872 44 34','Cliente','JVRT_5','FRANCES',8);
Insert into USUARIOS (ID,NOMBRE,APELLIDO,IMAGEN_URL,TELEFONO,TIPO_USUARIO,USUARIO,IDIOMA,CIUDAD_ID) values (121,'Raphael','Rosales','P02430.jpg','341 082 80 26','Cliente','YJGI_6','FRANCES',1);
Insert into USUARIOS (ID,NOMBRE,APELLIDO,IMAGEN_URL,TELEFONO,TIPO_USUARIO,USUARIO,IDIOMA,CIUDAD_ID) values (122,'Buckminster','Whitfield','S48502.jpg','360 362 20 90','Cliente','DXMX_8','ESPAÑOL',6);
Insert into USUARIOS (ID,NOMBRE,APELLIDO,IMAGEN_URL,TELEFONO,TIPO_USUARIO,USUARIO,IDIOMA,CIUDAD_ID) values (123,'Tanisha','Franks','H26983.jpg','378 236 66 66','Cliente','BLDY_5','ESPAÑOL',4);
Insert into USUARIOS (ID,NOMBRE,APELLIDO,IMAGEN_URL,TELEFONO,TIPO_USUARIO,USUARIO,IDIOMA,CIUDAD_ID) values (124,'Perry','Hunter','W71920.jpg','382 112 46 90','Cliente','KDNQ_6','ESPAÑOL',5);
Insert into USUARIOS (ID,NOMBRE,APELLIDO,IMAGEN_URL,TELEFONO,TIPO_USUARIO,USUARIO,IDIOMA,CIUDAD_ID) values (125,'Raphael','Castillo','T37303.jpg','300 179 34 45','Cliente','ZLFV_5','FRANCES',5);
Insert into USUARIOS (ID,NOMBRE,APELLIDO,IMAGEN_URL,TELEFONO,TIPO_USUARIO,USUARIO,IDIOMA,CIUDAD_ID) values (126,'Chantale','Kent','K68973.jpg','379 888 41 18','Cliente','YPHY_3','FRANCES',4);
Insert into USUARIOS (ID,NOMBRE,APELLIDO,IMAGEN_URL,TELEFONO,TIPO_USUARIO,USUARIO,IDIOMA,CIUDAD_ID) values (127,'Vaughan','Mendoza','Z60733.jpg','307 425 05 08','Cliente','ZKGW_5','INGLES',2);
Insert into USUARIOS (ID,NOMBRE,APELLIDO,IMAGEN_URL,TELEFONO,TIPO_USUARIO,USUARIO,IDIOMA,CIUDAD_ID) values (128,'Ivana','Jefferson','F20030.jpg','343 922 91 81','Cliente','NMWN_0','ESPAÑOL',10);
Insert into USUARIOS (ID,NOMBRE,APELLIDO,IMAGEN_URL,TELEFONO,TIPO_USUARIO,USUARIO,IDIOMA,CIUDAD_ID) values (129,'Cole','Rodgers','Y90036.jpg','336 976 59 89','Cliente','FAAN_4','INGLES',6);
Insert into USUARIOS (ID,NOMBRE,APELLIDO,IMAGEN_URL,TELEFONO,TIPO_USUARIO,USUARIO,IDIOMA,CIUDAD_ID) values (130,'Orson','Freeman','H39380.jpg','301 832 97 49','Cliente','CWIN_0','ESPAÑOL',2);
Insert into USUARIOS (ID,NOMBRE,APELLIDO,IMAGEN_URL,TELEFONO,TIPO_USUARIO,USUARIO,IDIOMA,CIUDAD_ID) values (131,'Lyle','Berger','Y62006.jpg','383 043 91 61','Cliente','WHMV_1','ESPAÑOL',8);
Insert into USUARIOS (ID,NOMBRE,APELLIDO,IMAGEN_URL,TELEFONO,TIPO_USUARIO,USUARIO,IDIOMA,CIUDAD_ID) values (132,'Jordan','Gay','H54853.jpg','398 212 47 65','Cliente','QTLF_2','INGLES',5);
Insert into USUARIOS (ID,NOMBRE,APELLIDO,IMAGEN_URL,TELEFONO,TIPO_USUARIO,USUARIO,IDIOMA,CIUDAD_ID) values (133,'Roth','Petty','C04114.jpg','356 675 45 78','Cliente','JOVQ_7','ESPAÑOL',10);
Insert into USUARIOS (ID,NOMBRE,APELLIDO,IMAGEN_URL,TELEFONO,TIPO_USUARIO,USUARIO,IDIOMA,CIUDAD_ID) values (134,'Quinlan','Mejia','B51894.jpg','375 573 26 04','Cliente','PCOU_8','ESPAÑOL',9);
Insert into USUARIOS (ID,NOMBRE,APELLIDO,IMAGEN_URL,TELEFONO,TIPO_USUARIO,USUARIO,IDIOMA,CIUDAD_ID) values (135,'Noah','Soto','B69163.jpg','322 851 17 03','Cliente','GMYX_2','ESPAÑOL',9);
Insert into USUARIOS (ID,NOMBRE,APELLIDO,IMAGEN_URL,TELEFONO,TIPO_USUARIO,USUARIO,IDIOMA,CIUDAD_ID) values (136,'Sydnee','Luna','E52049.jpg','374 418 63 69','Cliente','HDXU_2','INGLES',9);
Insert into USUARIOS (ID,NOMBRE,APELLIDO,IMAGEN_URL,TELEFONO,TIPO_USUARIO,USUARIO,IDIOMA,CIUDAD_ID) values (137,'Allegra','Russo','I26646.jpg','399 562 68 30','Cliente','BROK_0','INGLES',6);
Insert into USUARIOS (ID,NOMBRE,APELLIDO,IMAGEN_URL,TELEFONO,TIPO_USUARIO,USUARIO,IDIOMA,CIUDAD_ID) values (138,'Armando','Schwartz','T79392.jpg','370 542 42 50','Cliente','DECS_9','ESPAÑOL',4);
Insert into USUARIOS (ID,NOMBRE,APELLIDO,IMAGEN_URL,TELEFONO,TIPO_USUARIO,USUARIO,IDIOMA,CIUDAD_ID) values (139,'Laura','Sosa','E89632.jpg','385 922 88 00','Cliente','IURJ_3','ESPAÑOL',6);
Insert into USUARIOS (ID,NOMBRE,APELLIDO,IMAGEN_URL,TELEFONO,TIPO_USUARIO,USUARIO,IDIOMA,CIUDAD_ID) values (140,'Lacy','Nelson','A40209.jpg','396 053 35 64','Cliente','JGHI_9','ESPAÑOL',10);
Insert into USUARIOS (ID,NOMBRE,APELLIDO,IMAGEN_URL,TELEFONO,TIPO_USUARIO,USUARIO,IDIOMA,CIUDAD_ID) values (141,'Cameron','Beck','B21117.jpg','357 522 01 96','Cliente','DCOE_0','ESPAÑOL',9);
Insert into USUARIOS (ID,NOMBRE,APELLIDO,IMAGEN_URL,TELEFONO,TIPO_USUARIO,USUARIO,IDIOMA,CIUDAD_ID) values (142,'Kamal','Burton','A28936.jpg','350 017 01 87','Cliente','JSQN_5','FRANCES',8);
Insert into USUARIOS (ID,NOMBRE,APELLIDO,IMAGEN_URL,TELEFONO,TIPO_USUARIO,USUARIO,IDIOMA,CIUDAD_ID) values (143,'Hilel','Munoz','N95399.jpg','309 446 63 44','Cliente','XRDM_5','INGLES',3);
Insert into USUARIOS (ID,NOMBRE,APELLIDO,IMAGEN_URL,TELEFONO,TIPO_USUARIO,USUARIO,IDIOMA,CIUDAD_ID) values (144,'Jescie','Forbes','H45678.jpg','326 586 41 85','Cliente','OOFA_7','ESPAÑOL',5);
Insert into USUARIOS (ID,NOMBRE,APELLIDO,IMAGEN_URL,TELEFONO,TIPO_USUARIO,USUARIO,IDIOMA,CIUDAD_ID) values (145,'Kevyn','Stephenson','J52883.jpg','351 118 79 34','Cliente','FZUZ_7','FRANCES',1);
Insert into USUARIOS (ID,NOMBRE,APELLIDO,IMAGEN_URL,TELEFONO,TIPO_USUARIO,USUARIO,IDIOMA,CIUDAD_ID) values (146,'Dai','Delgado','J37350.jpg','381 807 38 00','Cliente','CKYH_9','FRANCES',4);
Insert into USUARIOS (ID,NOMBRE,APELLIDO,IMAGEN_URL,TELEFONO,TIPO_USUARIO,USUARIO,IDIOMA,CIUDAD_ID) values (147,'Madeline','Jensen','I12829.jpg','375 269 44 90','Cliente','MQCD_9','INGLES',2);
Insert into USUARIOS (ID,NOMBRE,APELLIDO,IMAGEN_URL,TELEFONO,TIPO_USUARIO,USUARIO,IDIOMA,CIUDAD_ID) values (148,'Macon','Tanner','W33410.jpg','344 140 05 13','Cliente','AAJK_8','FRANCES',9);
Insert into USUARIOS (ID,NOMBRE,APELLIDO,IMAGEN_URL,TELEFONO,TIPO_USUARIO,USUARIO,IDIOMA,CIUDAD_ID) values (149,'Dennis','Hayden','T70585.jpg','378 223 78 54','Cliente','UAWC_1','FRANCES',5);
Insert into USUARIOS (ID,NOMBRE,APELLIDO,IMAGEN_URL,TELEFONO,TIPO_USUARIO,USUARIO,IDIOMA,CIUDAD_ID) values (150,'Vincent','Reilly','Z40637.jpg','320 581 82 56','Cliente','KHLK_9','ESPAÑOL',3);
Insert into USUARIOS (ID,NOMBRE,APELLIDO,IMAGEN_URL,TELEFONO,TIPO_USUARIO,USUARIO,IDIOMA,CIUDAD_ID) values (151,'Benjamin','Ryan','S88736.jpg','393 349 58 86','Cliente','AEIP_7','ESPAÑOL',10);
Insert into USUARIOS (ID,NOMBRE,APELLIDO,IMAGEN_URL,TELEFONO,TIPO_USUARIO,USUARIO,IDIOMA,CIUDAD_ID) values (152,'Reece','Gallegos','M89258.jpg','379 512 61 10','Cliente','RTHW_9','INGLES',5);
Insert into USUARIOS (ID,NOMBRE,APELLIDO,IMAGEN_URL,TELEFONO,TIPO_USUARIO,USUARIO,IDIOMA,CIUDAD_ID) values (153,'Wade','Britt','Q91142.jpg','374 563 26 59','Cliente','LYBV_2','FRANCES',1);
Insert into USUARIOS (ID,NOMBRE,APELLIDO,IMAGEN_URL,TELEFONO,TIPO_USUARIO,USUARIO,IDIOMA,CIUDAD_ID) values (154,'Melodie','Hatfield','I80724.jpg','326 035 80 53','Cliente','TCZW_1','INGLES',6);
Insert into USUARIOS (ID,NOMBRE,APELLIDO,IMAGEN_URL,TELEFONO,TIPO_USUARIO,USUARIO,IDIOMA,CIUDAD_ID) values (155,'Jorden','Miller','N86405.jpg','380 623 31 04','Cliente','OVQV_1','INGLES',2);
Insert into USUARIOS (ID,NOMBRE,APELLIDO,IMAGEN_URL,TELEFONO,TIPO_USUARIO,USUARIO,IDIOMA,CIUDAD_ID) values (156,'Whoopi','Hubbard','R97897.jpg','367 334 54 33','Cliente','EMQO_1','INGLES',10);
Insert into USUARIOS (ID,NOMBRE,APELLIDO,IMAGEN_URL,TELEFONO,TIPO_USUARIO,USUARIO,IDIOMA,CIUDAD_ID) values (157,'Ariel','Clarke','H66431.jpg','305 762 47 76','Cliente','IPFD_9','FRANCES',9);
Insert into USUARIOS (ID,NOMBRE,APELLIDO,IMAGEN_URL,TELEFONO,TIPO_USUARIO,USUARIO,IDIOMA,CIUDAD_ID) values (158,'Jayme','Wise','B06150.jpg','331 171 29 95','Cliente','RJJI_5','FRANCES',5);
Insert into USUARIOS (ID,NOMBRE,APELLIDO,IMAGEN_URL,TELEFONO,TIPO_USUARIO,USUARIO,IDIOMA,CIUDAD_ID) values (159,'Sopoline','Hayden','K90596.jpg','375 671 55 33','Cliente','NSWC_4','ESPAÑOL',7);
Insert into USUARIOS (ID,NOMBRE,APELLIDO,IMAGEN_URL,TELEFONO,TIPO_USUARIO,USUARIO,IDIOMA,CIUDAD_ID) values (160,'Rinah','Hodge','F33561.jpg','386 082 45 33','Cliente','NQYW_8','INGLES',1);
Insert into USUARIOS (ID,NOMBRE,APELLIDO,IMAGEN_URL,TELEFONO,TIPO_USUARIO,USUARIO,IDIOMA,CIUDAD_ID) values (161,'Blake','Morin','X01570.jpg','363 912 24 18','Cliente','OLGO_5','FRANCES',7);
Insert into USUARIOS (ID,NOMBRE,APELLIDO,IMAGEN_URL,TELEFONO,TIPO_USUARIO,USUARIO,IDIOMA,CIUDAD_ID) values (162,'Bree','Gallegos','H33911.jpg','331 987 55 19','Cliente','MJUX_3','FRANCES',6);
Insert into USUARIOS (ID,NOMBRE,APELLIDO,IMAGEN_URL,TELEFONO,TIPO_USUARIO,USUARIO,IDIOMA,CIUDAD_ID) values (163,'Imogene','Whitley','F95326.jpg','390 880 31 94','Cliente','RFCB_5','FRANCES',5);
Insert into USUARIOS (ID,NOMBRE,APELLIDO,IMAGEN_URL,TELEFONO,TIPO_USUARIO,USUARIO,IDIOMA,CIUDAD_ID) values (164,'Serina','Foreman','R15144.jpg','340 474 46 50','Cliente','WKFW_9','INGLES',2);
Insert into USUARIOS (ID,NOMBRE,APELLIDO,IMAGEN_URL,TELEFONO,TIPO_USUARIO,USUARIO,IDIOMA,CIUDAD_ID) values (165,'Robert','Chapman','D41280.jpg','360 524 74 75','Cliente','HEIZ_7','ESPAÑOL',1);
Insert into USUARIOS (ID,NOMBRE,APELLIDO,IMAGEN_URL,TELEFONO,TIPO_USUARIO,USUARIO,IDIOMA,CIUDAD_ID) values (166,'Sandra','Stein','R36799.jpg','382 531 19 02','Cliente','COZL_3','INGLES',3);
Insert into USUARIOS (ID,NOMBRE,APELLIDO,IMAGEN_URL,TELEFONO,TIPO_USUARIO,USUARIO,IDIOMA,CIUDAD_ID) values (167,'Hermione','Wilcox','B34310.jpg','391 469 09 33','Cliente','HECR_4','ESPAÑOL',4);
Insert into USUARIOS (ID,NOMBRE,APELLIDO,IMAGEN_URL,TELEFONO,TIPO_USUARIO,USUARIO,IDIOMA,CIUDAD_ID) values (168,'Sophia','Morton','U10326.jpg','336 055 58 88','Cliente','LKKL_1','FRANCES',9);
Insert into USUARIOS (ID,NOMBRE,APELLIDO,IMAGEN_URL,TELEFONO,TIPO_USUARIO,USUARIO,IDIOMA,CIUDAD_ID) values (169,'Victoria','Leonard','S85432.jpg','381 223 55 73','Cliente','ENUG_4','ESPAÑOL',5);
Insert into USUARIOS (ID,NOMBRE,APELLIDO,IMAGEN_URL,TELEFONO,TIPO_USUARIO,USUARIO,IDIOMA,CIUDAD_ID) values (170,'Josephine','Gibson','I84243.jpg','311 952 65 10','Cliente','VUBL_2','INGLES',1);
Insert into USUARIOS (ID,NOMBRE,APELLIDO,IMAGEN_URL,TELEFONO,TIPO_USUARIO,USUARIO,IDIOMA,CIUDAD_ID) values (171,'Sacha','Mcdowell','C10084.jpg','352 080 60 27','Cliente','HOHG_8','INGLES',7);
Insert into USUARIOS (ID,NOMBRE,APELLIDO,IMAGEN_URL,TELEFONO,TIPO_USUARIO,USUARIO,IDIOMA,CIUDAD_ID) values (172,'Samson','Hopkins','K60672.jpg','398 922 60 15','Cliente','JOCP_9','FRANCES',3);
Insert into USUARIOS (ID,NOMBRE,APELLIDO,IMAGEN_URL,TELEFONO,TIPO_USUARIO,USUARIO,IDIOMA,CIUDAD_ID) values (173,'Tarik','Holt','M80942.jpg','308 980 64 84','Cliente','NLCN_7','ESPAÑOL',10);
Insert into USUARIOS (ID,NOMBRE,APELLIDO,IMAGEN_URL,TELEFONO,TIPO_USUARIO,USUARIO,IDIOMA,CIUDAD_ID) values (174,'Griffin','Gibbs','U58196.jpg','338 659 46 64','Cliente','ZHQU_9','FRANCES',2);
Insert into USUARIOS (ID,NOMBRE,APELLIDO,IMAGEN_URL,TELEFONO,TIPO_USUARIO,USUARIO,IDIOMA,CIUDAD_ID) values (175,'Marcia','Joyce','I66989.jpg','380 981 81 26','Cliente','LPTN_7','ESPAÑOL',10);
Insert into USUARIOS (ID,NOMBRE,APELLIDO,IMAGEN_URL,TELEFONO,TIPO_USUARIO,USUARIO,IDIOMA,CIUDAD_ID) values (176,'Justina','Cotton','E31523.jpg','358 799 81 26','Cliente','LCUD_2','FRANCES',10);
Insert into USUARIOS (ID,NOMBRE,APELLIDO,IMAGEN_URL,TELEFONO,TIPO_USUARIO,USUARIO,IDIOMA,CIUDAD_ID) values (177,'Wayne','Gordon','S70210.jpg','337 244 06 25','Cliente','NIHT_2','ESPAÑOL',7);
Insert into USUARIOS (ID,NOMBRE,APELLIDO,IMAGEN_URL,TELEFONO,TIPO_USUARIO,USUARIO,IDIOMA,CIUDAD_ID) values (178,'Athena','Kerr','T41464.jpg','349 269 60 39','Cliente','NOLX_0','INGLES',2);
Insert into USUARIOS (ID,NOMBRE,APELLIDO,IMAGEN_URL,TELEFONO,TIPO_USUARIO,USUARIO,IDIOMA,CIUDAD_ID) values (179,'Doris','Bentley','J48518.jpg','392 158 10 52','Cliente','WJGK_1','INGLES',10);
Insert into USUARIOS (ID,NOMBRE,APELLIDO,IMAGEN_URL,TELEFONO,TIPO_USUARIO,USUARIO,IDIOMA,CIUDAD_ID) values (180,'Luke','Mcclain','I58615.jpg','317 944 70 63','Cliente','XNWY_1','FRANCES',5);
Insert into USUARIOS (ID,NOMBRE,APELLIDO,IMAGEN_URL,TELEFONO,TIPO_USUARIO,USUARIO,IDIOMA,CIUDAD_ID) values (181,'Xenos','Tillman','R68144.jpg','318 799 07 26','Cliente','ZLCA_1','INGLES',9);
Insert into USUARIOS (ID,NOMBRE,APELLIDO,IMAGEN_URL,TELEFONO,TIPO_USUARIO,USUARIO,IDIOMA,CIUDAD_ID) values (182,'Vincent','Gutierrez','R25393.jpg','325 375 36 33','Cliente','RUQY_9','INGLES',6);
Insert into USUARIOS (ID,NOMBRE,APELLIDO,IMAGEN_URL,TELEFONO,TIPO_USUARIO,USUARIO,IDIOMA,CIUDAD_ID) values (183,'Clarke','Finley','D62099.jpg','316 217 80 02','Cliente','ENQV_7','ESPAÑOL',7);
Insert into USUARIOS (ID,NOMBRE,APELLIDO,IMAGEN_URL,TELEFONO,TIPO_USUARIO,USUARIO,IDIOMA,CIUDAD_ID) values (184,'Chiquita','Boone','H26944.jpg','379 427 61 65','Cliente','YEXV_2','ESPAÑOL',6);
Insert into USUARIOS (ID,NOMBRE,APELLIDO,IMAGEN_URL,TELEFONO,TIPO_USUARIO,USUARIO,IDIOMA,CIUDAD_ID) values (185,'Keelie','Singleton','X02061.jpg','387 732 54 89','Cliente','FBQT_4','INGLES',10);
Insert into USUARIOS (ID,NOMBRE,APELLIDO,IMAGEN_URL,TELEFONO,TIPO_USUARIO,USUARIO,IDIOMA,CIUDAD_ID) values (186,'Jin','Hendrix','X36981.jpg','352 302 82 18','Cliente','ILDP_0','INGLES',10);
Insert into USUARIOS (ID,NOMBRE,APELLIDO,IMAGEN_URL,TELEFONO,TIPO_USUARIO,USUARIO,IDIOMA,CIUDAD_ID) values (187,'Blair','Sanders','H83707.jpg','307 383 99 03','Cliente','TLST_1','INGLES',10);
Insert into USUARIOS (ID,NOMBRE,APELLIDO,IMAGEN_URL,TELEFONO,TIPO_USUARIO,USUARIO,IDIOMA,CIUDAD_ID) values (188,'Stacey','Weiss','I76635.jpg','393 831 68 70','Cliente','XVOU_5','FRANCES',9);
Insert into USUARIOS (ID,NOMBRE,APELLIDO,IMAGEN_URL,TELEFONO,TIPO_USUARIO,USUARIO,IDIOMA,CIUDAD_ID) values (189,'Boris','Peck','Z23903.jpg','370 809 68 96','Cliente','QLFL_0','FRANCES',10);
Insert into USUARIOS (ID,NOMBRE,APELLIDO,IMAGEN_URL,TELEFONO,TIPO_USUARIO,USUARIO,IDIOMA,CIUDAD_ID) values (190,'Nerea','Allen','F95195.jpg','316 878 17 61','Cliente','QUOR_0','ESPAÑOL',1);
Insert into USUARIOS (ID,NOMBRE,APELLIDO,IMAGEN_URL,TELEFONO,TIPO_USUARIO,USUARIO,IDIOMA,CIUDAD_ID) values (191,'Prescott','Summers','X81374.jpg','362 179 27 04','Cliente','KIED_1','ESPAÑOL',4);
Insert into USUARIOS (ID,NOMBRE,APELLIDO,IMAGEN_URL,TELEFONO,TIPO_USUARIO,USUARIO,IDIOMA,CIUDAD_ID) values (192,'Sheila','Clemons','M91843.jpg','316 297 80 29','Cliente','NHBH_4','ESPAÑOL',5);
Insert into USUARIOS (ID,NOMBRE,APELLIDO,IMAGEN_URL,TELEFONO,TIPO_USUARIO,USUARIO,IDIOMA,CIUDAD_ID) values (193,'Flynn','Whitney','S83113.jpg','394 437 76 76','Cliente','MDOV_8','ESPAÑOL',7);
Insert into USUARIOS (ID,NOMBRE,APELLIDO,IMAGEN_URL,TELEFONO,TIPO_USUARIO,USUARIO,IDIOMA,CIUDAD_ID) values (194,'Caldwell','Cruz','W51508.jpg','361 679 06 93','Cliente','NJEU_5','ESPAÑOL',1);
Insert into USUARIOS (ID,NOMBRE,APELLIDO,IMAGEN_URL,TELEFONO,TIPO_USUARIO,USUARIO,IDIOMA,CIUDAD_ID) values (195,'Amela','Banks','A46884.jpg','385 849 87 71','Cliente','OVBG_9','ESPAÑOL',4);
Insert into USUARIOS (ID,NOMBRE,APELLIDO,IMAGEN_URL,TELEFONO,TIPO_USUARIO,USUARIO,IDIOMA,CIUDAD_ID) values (196,'Wesley','Snow','T65207.jpg','374 062 92 37','Cliente','UBCT_8','ESPAÑOL',5);
Insert into USUARIOS (ID,NOMBRE,APELLIDO,IMAGEN_URL,TELEFONO,TIPO_USUARIO,USUARIO,IDIOMA,CIUDAD_ID) values (197,'Cade','Drake','C28581.jpg','388 243 75 20','Cliente','IWRJ_0','INGLES',3);
Insert into USUARIOS (ID,NOMBRE,APELLIDO,IMAGEN_URL,TELEFONO,TIPO_USUARIO,USUARIO,IDIOMA,CIUDAD_ID) values (198,'Nola','Lynn','J98113.jpg','379 917 68 60','Cliente','WSEL_5','FRANCES',10);
Insert into USUARIOS (ID,NOMBRE,APELLIDO,IMAGEN_URL,TELEFONO,TIPO_USUARIO,USUARIO,IDIOMA,CIUDAD_ID) values (199,'Kibo','Schmidt','E17678.jpg','399 781 55 60','Cliente','IBLO_3','FRANCES',8);
Insert into USUARIOS (ID,NOMBRE,APELLIDO,IMAGEN_URL,TELEFONO,TIPO_USUARIO,USUARIO,IDIOMA,CIUDAD_ID) values (200,'Jeremy','Rich','L62824.jpg','353 453 09 11','Cliente','HAOJ_9','FRANCES',8);
Insert into USUARIOS (ID,NOMBRE,APELLIDO,IMAGEN_URL,TELEFONO,TIPO_USUARIO,USUARIO,IDIOMA,CIUDAD_ID) values (201,'Bradley','Walls','S44725.jpg','380 463 48 03','Cliente','BAWR_1','INGLES',8);
Insert into USUARIOS (ID,NOMBRE,APELLIDO,IMAGEN_URL,TELEFONO,TIPO_USUARIO,USUARIO,IDIOMA,CIUDAD_ID) values (202,'Janna','Richards','S55855.jpg','370 643 32 67','Cliente','VZIZ_6','FRANCES',8);
Insert into USUARIOS (ID,NOMBRE,APELLIDO,IMAGEN_URL,TELEFONO,TIPO_USUARIO,USUARIO,IDIOMA,CIUDAD_ID) values (203,'Ruby','Hudson','Q81137.jpg','305 893 44 33','Cliente','UMKV_4','ESPAÑOL',6);
Insert into USUARIOS (ID,NOMBRE,APELLIDO,IMAGEN_URL,TELEFONO,TIPO_USUARIO,USUARIO,IDIOMA,CIUDAD_ID) values (204,'Cameron','Glover','Z30760.jpg','325 325 48 46','Cliente','SQTW_1','FRANCES',1);
Insert into USUARIOS (ID,NOMBRE,APELLIDO,IMAGEN_URL,TELEFONO,TIPO_USUARIO,USUARIO,IDIOMA,CIUDAD_ID) values (205,'Eliana','Oliver','L39355.jpg','307 283 88 79','Cliente','GRMO_3','INGLES',4);
Insert into USUARIOS (ID,NOMBRE,APELLIDO,IMAGEN_URL,TELEFONO,TIPO_USUARIO,USUARIO,IDIOMA,CIUDAD_ID) values (206,'Asher','Colon','M34436.jpg','338 192 33 95','Cliente','IAYG_6','FRANCES',8);
Insert into USUARIOS (ID,NOMBRE,APELLIDO,IMAGEN_URL,TELEFONO,TIPO_USUARIO,USUARIO,IDIOMA,CIUDAD_ID) values (207,'Fuller','Buckner','N89791.jpg','302 249 48 15','Cliente','OKUS_5','INGLES',1);
Insert into USUARIOS (ID,NOMBRE,APELLIDO,IMAGEN_URL,TELEFONO,TIPO_USUARIO,USUARIO,IDIOMA,CIUDAD_ID) values (208,'Henry','Dunn','Z71052.jpg','341 839 69 74','Cliente','DVSK_5','FRANCES',2);
Insert into USUARIOS (ID,NOMBRE,APELLIDO,IMAGEN_URL,TELEFONO,TIPO_USUARIO,USUARIO,IDIOMA,CIUDAD_ID) values (209,'Grace','Glover','B43519.jpg','358 420 13 16','Cliente','DSJG_4','ESPAÑOL',1);
Insert into USUARIOS (ID,NOMBRE,APELLIDO,IMAGEN_URL,TELEFONO,TIPO_USUARIO,USUARIO,IDIOMA,CIUDAD_ID) values (210,'Yael','Hansen','H10097.jpg','314 434 55 31','Cliente','HNPX_4','INGLES',2);
Insert into USUARIOS (ID,NOMBRE,APELLIDO,IMAGEN_URL,TELEFONO,TIPO_USUARIO,USUARIO,IDIOMA,CIUDAD_ID) values (211,'Yolanda','Mcpherson','L77200.jpg','355 606 32 91','Cliente','JDOQ_4','ESPAÑOL',6);
Insert into USUARIOS (ID,NOMBRE,APELLIDO,IMAGEN_URL,TELEFONO,TIPO_USUARIO,USUARIO,IDIOMA,CIUDAD_ID) values (212,'Shelly','Mann','I88228.jpg','318 070 29 79','Cliente','CUBQ_0','ESPAÑOL',5);
Insert into USUARIOS (ID,NOMBRE,APELLIDO,IMAGEN_URL,TELEFONO,TIPO_USUARIO,USUARIO,IDIOMA,CIUDAD_ID) values (213,'Garth','Buchanan','C10277.jpg','313 855 24 13','Cliente','ECYN_2','INGLES',5);
Insert into USUARIOS (ID,NOMBRE,APELLIDO,IMAGEN_URL,TELEFONO,TIPO_USUARIO,USUARIO,IDIOMA,CIUDAD_ID) values (214,'Elliott','Brown','I21473.jpg','382 531 97 38','Cliente','SXVL_5','ESPAÑOL',5);
Insert into USUARIOS (ID,NOMBRE,APELLIDO,IMAGEN_URL,TELEFONO,TIPO_USUARIO,USUARIO,IDIOMA,CIUDAD_ID) values (215,'Sonya','Mccullough','G68802.jpg','398 005 54 20','Cliente','QBJB_5','INGLES',6);
Insert into USUARIOS (ID,NOMBRE,APELLIDO,IMAGEN_URL,TELEFONO,TIPO_USUARIO,USUARIO,IDIOMA,CIUDAD_ID) values (216,'Richard','Mccormick','A65952.jpg','376 197 36 45','Cliente','DJUC_5','INGLES',4);
Insert into USUARIOS (ID,NOMBRE,APELLIDO,IMAGEN_URL,TELEFONO,TIPO_USUARIO,USUARIO,IDIOMA,CIUDAD_ID) values (217,'Patrick','Osborne','Z75758.jpg','376 650 42 88','Cliente','FHOB_2','FRANCES',4);
Insert into USUARIOS (ID,NOMBRE,APELLIDO,IMAGEN_URL,TELEFONO,TIPO_USUARIO,USUARIO,IDIOMA,CIUDAD_ID) values (218,'Grant','Morrison','Z94178.jpg','308 084 46 69','Cliente','IXHP_6','FRANCES',8);
Insert into USUARIOS (ID,NOMBRE,APELLIDO,IMAGEN_URL,TELEFONO,TIPO_USUARIO,USUARIO,IDIOMA,CIUDAD_ID) values (219,'Stuart','Becker','B95965.jpg','345 613 09 11','Cliente','BHIB_0','FRANCES',6);
Insert into USUARIOS (ID,NOMBRE,APELLIDO,IMAGEN_URL,TELEFONO,TIPO_USUARIO,USUARIO,IDIOMA,CIUDAD_ID) values (220,'Cecilia','Downs','G11919.jpg','381 734 88 93','Cliente','AYQX_2','FRANCES',6);
Insert into USUARIOS (ID,NOMBRE,APELLIDO,IMAGEN_URL,TELEFONO,TIPO_USUARIO,USUARIO,IDIOMA,CIUDAD_ID) values (221,'Cullen','Sykes','E67404.jpg','361 324 29 63','Cliente','AINB_7','INGLES',1);
Insert into USUARIOS (ID,NOMBRE,APELLIDO,IMAGEN_URL,TELEFONO,TIPO_USUARIO,USUARIO,IDIOMA,CIUDAD_ID) values (222,'Candice','Langley','A39241.jpg','341 764 88 37','Cliente','EVJL_8','ESPAÑOL',5);
Insert into USUARIOS (ID,NOMBRE,APELLIDO,IMAGEN_URL,TELEFONO,TIPO_USUARIO,USUARIO,IDIOMA,CIUDAD_ID) values (223,'Pamela','Gaines','G65904.jpg','329 056 70 61','Cliente','GYIY_9','FRANCES',7);
Insert into USUARIOS (ID,NOMBRE,APELLIDO,IMAGEN_URL,TELEFONO,TIPO_USUARIO,USUARIO,IDIOMA,CIUDAD_ID) values (224,'Barrett','Davenport','I70979.jpg','374 533 63 90','Cliente','AXME_6','FRANCES',4);
Insert into USUARIOS (ID,NOMBRE,APELLIDO,IMAGEN_URL,TELEFONO,TIPO_USUARIO,USUARIO,IDIOMA,CIUDAD_ID) values (225,'Fritz','Oconnor','K38382.jpg','331 332 29 77','Cliente','QLRM_1','ESPAÑOL',8);
Insert into USUARIOS (ID,NOMBRE,APELLIDO,IMAGEN_URL,TELEFONO,TIPO_USUARIO,USUARIO,IDIOMA,CIUDAD_ID) values (226,'Sonia','Mckay','O94640.jpg','378 928 57 78','Cliente','DPRX_5','INGLES',1);
Insert into USUARIOS (ID,NOMBRE,APELLIDO,IMAGEN_URL,TELEFONO,TIPO_USUARIO,USUARIO,IDIOMA,CIUDAD_ID) values (227,'Preston','Galloway','L75281.jpg','399 950 23 03','Cliente','ZQTZ_1','FRANCES',1);
Insert into USUARIOS (ID,NOMBRE,APELLIDO,IMAGEN_URL,TELEFONO,TIPO_USUARIO,USUARIO,IDIOMA,CIUDAD_ID) values (228,'Aladdin','Snow','R61119.jpg','375 029 50 79','Cliente','BCOK_6','FRANCES',6);
Insert into USUARIOS (ID,NOMBRE,APELLIDO,IMAGEN_URL,TELEFONO,TIPO_USUARIO,USUARIO,IDIOMA,CIUDAD_ID) values (229,'Hanna','Macias','T88759.jpg','352 634 96 49','Cliente','IGYF_6','FRANCES',1);
Insert into USUARIOS (ID,NOMBRE,APELLIDO,IMAGEN_URL,TELEFONO,TIPO_USUARIO,USUARIO,IDIOMA,CIUDAD_ID) values (230,'Acton','Trujillo','L37974.jpg','374 124 48 90','Cliente','POYE_5','INGLES',7);
Insert into USUARIOS (ID,NOMBRE,APELLIDO,IMAGEN_URL,TELEFONO,TIPO_USUARIO,USUARIO,IDIOMA,CIUDAD_ID) values (231,'Charity','Langley','A31127.jpg','371 445 08 33','Cliente','KUHK_9','INGLES',6);
Insert into USUARIOS (ID,NOMBRE,APELLIDO,IMAGEN_URL,TELEFONO,TIPO_USUARIO,USUARIO,IDIOMA,CIUDAD_ID) values (232,'Kylynn','Dotson','F34640.jpg','320 092 31 69','Cliente','DXBD_8','FRANCES',2);
Insert into USUARIOS (ID,NOMBRE,APELLIDO,IMAGEN_URL,TELEFONO,TIPO_USUARIO,USUARIO,IDIOMA,CIUDAD_ID) values (233,'Wang','Vazquez','V51741.jpg','349 175 42 97','Cliente','ZYGH_7','ESPAÑOL',4);
Insert into USUARIOS (ID,NOMBRE,APELLIDO,IMAGEN_URL,TELEFONO,TIPO_USUARIO,USUARIO,IDIOMA,CIUDAD_ID) values (234,'Dexter','Meyer','M94322.jpg','314 206 90 19','Cliente','HBVB_6','ESPAÑOL',4);
Insert into USUARIOS (ID,NOMBRE,APELLIDO,IMAGEN_URL,TELEFONO,TIPO_USUARIO,USUARIO,IDIOMA,CIUDAD_ID) values (235,'Maggy','Morton','C07463.jpg','353 033 38 33','Cliente','ZFWJ_1','FRANCES',10);
Insert into USUARIOS (ID,NOMBRE,APELLIDO,IMAGEN_URL,TELEFONO,TIPO_USUARIO,USUARIO,IDIOMA,CIUDAD_ID) values (236,'Keane','Dillon','J98572.jpg','375 325 89 94','Cliente','ZOUA_3','INGLES',7);
Insert into USUARIOS (ID,NOMBRE,APELLIDO,IMAGEN_URL,TELEFONO,TIPO_USUARIO,USUARIO,IDIOMA,CIUDAD_ID) values (237,'Kimberly','Lynch','N01146.jpg','382 423 60 76','Cliente','XTFA_7','FRANCES',3);
Insert into USUARIOS (ID,NOMBRE,APELLIDO,IMAGEN_URL,TELEFONO,TIPO_USUARIO,USUARIO,IDIOMA,CIUDAD_ID) values (238,'Shelby','Barton','V08497.jpg','348 045 13 46','Cliente','PPTB_0','ESPAÑOL',2);
Insert into USUARIOS (ID,NOMBRE,APELLIDO,IMAGEN_URL,TELEFONO,TIPO_USUARIO,USUARIO,IDIOMA,CIUDAD_ID) values (239,'Gwendolyn','Wood','M61941.jpg','324 999 81 34','Cliente','XYZM_4','INGLES',2);
Insert into USUARIOS (ID,NOMBRE,APELLIDO,IMAGEN_URL,TELEFONO,TIPO_USUARIO,USUARIO,IDIOMA,CIUDAD_ID) values (240,'Nicole','Fields','T18406.jpg','312 260 49 58','Cliente','AYQL_4','ESPAÑOL',5);
Insert into USUARIOS (ID,NOMBRE,APELLIDO,IMAGEN_URL,TELEFONO,TIPO_USUARIO,USUARIO,IDIOMA,CIUDAD_ID) values (241,'Oleg','Pickett','V82592.jpg','385 792 63 85','Cliente','HDWX_5','ESPAÑOL',5);
Insert into USUARIOS (ID,NOMBRE,APELLIDO,IMAGEN_URL,TELEFONO,TIPO_USUARIO,USUARIO,IDIOMA,CIUDAD_ID) values (242,'Halee','Weber','Z34733.jpg','320 776 47 81','Cliente','NGCO_1','INGLES',3);
Insert into USUARIOS (ID,NOMBRE,APELLIDO,IMAGEN_URL,TELEFONO,TIPO_USUARIO,USUARIO,IDIOMA,CIUDAD_ID) values (243,'Hilel','Snyder','F65716.jpg','385 705 76 23','Cliente','KDGM_5','INGLES',10);
Insert into USUARIOS (ID,NOMBRE,APELLIDO,IMAGEN_URL,TELEFONO,TIPO_USUARIO,USUARIO,IDIOMA,CIUDAD_ID) values (244,'Renee','Carr','B42828.jpg','393 371 65 35','Cliente','NNFB_2','ESPAÑOL',4);
Insert into USUARIOS (ID,NOMBRE,APELLIDO,IMAGEN_URL,TELEFONO,TIPO_USUARIO,USUARIO,IDIOMA,CIUDAD_ID) values (245,'Veronica','Roth','L50332.jpg','395 619 09 11','Cliente','HBBK_3','INGLES',3);
Insert into USUARIOS (ID,NOMBRE,APELLIDO,IMAGEN_URL,TELEFONO,TIPO_USUARIO,USUARIO,IDIOMA,CIUDAD_ID) values (246,'Chandler','Howell','K60402.jpg','355 109 43 96','Cliente','CITG_9','INGLES',6);
Insert into USUARIOS (ID,NOMBRE,APELLIDO,IMAGEN_URL,TELEFONO,TIPO_USUARIO,USUARIO,IDIOMA,CIUDAD_ID) values (247,'Maya','Schmidt','B70848.jpg','380 685 43 85','Cliente','ACLT_1','FRANCES',7);
Insert into USUARIOS (ID,NOMBRE,APELLIDO,IMAGEN_URL,TELEFONO,TIPO_USUARIO,USUARIO,IDIOMA,CIUDAD_ID) values (248,'Kylee','Branch','U71147.jpg','391 359 57 60','Cliente','SXMJ_6','FRANCES',10);
Insert into USUARIOS (ID,NOMBRE,APELLIDO,IMAGEN_URL,TELEFONO,TIPO_USUARIO,USUARIO,IDIOMA,CIUDAD_ID) values (249,'Brendan','Soto','A60661.jpg','382 994 35 99','Cliente','DUEM_7','FRANCES',10);
Insert into USUARIOS (ID,NOMBRE,APELLIDO,IMAGEN_URL,TELEFONO,TIPO_USUARIO,USUARIO,IDIOMA,CIUDAD_ID) values (250,'Kibo','May','S10230.jpg','365 860 29 87','Cliente','TGAH_7','ESPAÑOL',3);
Insert into USUARIOS (ID,NOMBRE,APELLIDO,IMAGEN_URL,TELEFONO,TIPO_USUARIO,USUARIO,IDIOMA,CIUDAD_ID) values (251,'Akeem','Craft','D68506.jpg','395 367 44 11','Cliente','MSVH_6','INGLES',9);
Insert into USUARIOS (ID,NOMBRE,APELLIDO,IMAGEN_URL,TELEFONO,TIPO_USUARIO,USUARIO,IDIOMA,CIUDAD_ID) values (252,'Jennifer','Bowers','A50354.jpg','392 301 28 38','Cliente','LHAP_7','INGLES',9);
Insert into USUARIOS (ID,NOMBRE,APELLIDO,IMAGEN_URL,TELEFONO,TIPO_USUARIO,USUARIO,IDIOMA,CIUDAD_ID) values (253,'Odysseus','Riggs','B08851.jpg','374 940 35 75','Cliente','ILPA_9','ESPAÑOL',7);
Insert into USUARIOS (ID,NOMBRE,APELLIDO,IMAGEN_URL,TELEFONO,TIPO_USUARIO,USUARIO,IDIOMA,CIUDAD_ID) values (254,'Brendan','Christensen','S57012.jpg','393 913 92 07','Cliente','VGDJ_6','FRANCES',10);
Insert into USUARIOS (ID,NOMBRE,APELLIDO,IMAGEN_URL,TELEFONO,TIPO_USUARIO,USUARIO,IDIOMA,CIUDAD_ID) values (255,'Medge','Taylor','M51555.jpg','398 994 48 92','Cliente','ISYK_2','INGLES',6);
Insert into USUARIOS (ID,NOMBRE,APELLIDO,IMAGEN_URL,TELEFONO,TIPO_USUARIO,USUARIO,IDIOMA,CIUDAD_ID) values (256,'Walker','Brady','E39688.jpg','354 171 89 64','Cliente','JZQZ_5','ESPAÑOL',6);
Insert into USUARIOS (ID,NOMBRE,APELLIDO,IMAGEN_URL,TELEFONO,TIPO_USUARIO,USUARIO,IDIOMA,CIUDAD_ID) values (257,'Juliet','Peck','N68452.jpg','368 657 33 00','Cliente','APGU_1','ESPAÑOL',5);
Insert into USUARIOS (ID,NOMBRE,APELLIDO,IMAGEN_URL,TELEFONO,TIPO_USUARIO,USUARIO,IDIOMA,CIUDAD_ID) values (258,'Karleigh','Berry','J14150.jpg','368 089 74 82','Cliente','SIJJ_5','ESPAÑOL',10);
Insert into USUARIOS (ID,NOMBRE,APELLIDO,IMAGEN_URL,TELEFONO,TIPO_USUARIO,USUARIO,IDIOMA,CIUDAD_ID) values (259,'Caryn','Herman','R07244.jpg','377 137 30 37','Cliente','CHGD_3','ESPAÑOL',1);
Insert into USUARIOS (ID,NOMBRE,APELLIDO,IMAGEN_URL,TELEFONO,TIPO_USUARIO,USUARIO,IDIOMA,CIUDAD_ID) values (260,'Anjolie','Byers','Z33764.jpg','364 472 87 93','Cliente','CCLI_5','INGLES',6);
Insert into USUARIOS (ID,NOMBRE,APELLIDO,IMAGEN_URL,TELEFONO,TIPO_USUARIO,USUARIO,IDIOMA,CIUDAD_ID) values (261,'Winifred','Mckee','H26505.jpg','367 059 55 30','Cliente','IFQD_2','FRANCES',2);
Insert into USUARIOS (ID,NOMBRE,APELLIDO,IMAGEN_URL,TELEFONO,TIPO_USUARIO,USUARIO,IDIOMA,CIUDAD_ID) values (262,'Kay','Hobbs','J91046.jpg','308 558 02 20','Cliente','QTEP_6','FRANCES',9);
Insert into USUARIOS (ID,NOMBRE,APELLIDO,IMAGEN_URL,TELEFONO,TIPO_USUARIO,USUARIO,IDIOMA,CIUDAD_ID) values (263,'Tanek','Buchanan','N95914.jpg','313 860 04 76','Cliente','BJKO_2','FRANCES',8);
Insert into USUARIOS (ID,NOMBRE,APELLIDO,IMAGEN_URL,TELEFONO,TIPO_USUARIO,USUARIO,IDIOMA,CIUDAD_ID) values (264,'Hope','Dale','W09510.jpg','314 693 08 25','Cliente','WWRU_9','FRANCES',1);
Insert into USUARIOS (ID,NOMBRE,APELLIDO,IMAGEN_URL,TELEFONO,TIPO_USUARIO,USUARIO,IDIOMA,CIUDAD_ID) values (265,'Ulric','Stephens','C41462.jpg','347 896 29 49','Cliente','RGZW_9','FRANCES',8);
Insert into USUARIOS (ID,NOMBRE,APELLIDO,IMAGEN_URL,TELEFONO,TIPO_USUARIO,USUARIO,IDIOMA,CIUDAD_ID) values (266,'Kyra','Hall','M37825.jpg','351 632 90 15','Cliente','HAAZ_2','FRANCES',6);
Insert into USUARIOS (ID,NOMBRE,APELLIDO,IMAGEN_URL,TELEFONO,TIPO_USUARIO,USUARIO,IDIOMA,CIUDAD_ID) values (267,'Hilel','Buckley','R75905.jpg','350 015 89 52','Cliente','IWVA_6','INGLES',5);
Insert into USUARIOS (ID,NOMBRE,APELLIDO,IMAGEN_URL,TELEFONO,TIPO_USUARIO,USUARIO,IDIOMA,CIUDAD_ID) values (268,'Branden','Petersen','Z95997.jpg','345 429 65 65','Cliente','OQCO_4','ESPAÑOL',10);
Insert into USUARIOS (ID,NOMBRE,APELLIDO,IMAGEN_URL,TELEFONO,TIPO_USUARIO,USUARIO,IDIOMA,CIUDAD_ID) values (269,'Robin','Hunt','M89038.jpg','325 360 47 97','Cliente','PIKM_1','ESPAÑOL',2);
Insert into USUARIOS (ID,NOMBRE,APELLIDO,IMAGEN_URL,TELEFONO,TIPO_USUARIO,USUARIO,IDIOMA,CIUDAD_ID) values (270,'Benedict','Waller','Q46857.jpg','317 476 79 30','Cliente','ADPL_7','ESPAÑOL',9);
Insert into USUARIOS (ID,NOMBRE,APELLIDO,IMAGEN_URL,TELEFONO,TIPO_USUARIO,USUARIO,IDIOMA,CIUDAD_ID) values (271,'Jin','Pate','L64140.jpg','365 955 87 41','Cliente','JPLK_6','FRANCES',7);
Insert into USUARIOS (ID,NOMBRE,APELLIDO,IMAGEN_URL,TELEFONO,TIPO_USUARIO,USUARIO,IDIOMA,CIUDAD_ID) values (272,'Brian','Frederick','X38846.jpg','360 998 53 32','Cliente','YDGZ_0','INGLES',6);
Insert into USUARIOS (ID,NOMBRE,APELLIDO,IMAGEN_URL,TELEFONO,TIPO_USUARIO,USUARIO,IDIOMA,CIUDAD_ID) values (273,'Henry','Good','H82559.jpg','355 592 51 04','Cliente','ILFN_5','FRANCES',8);
Insert into USUARIOS (ID,NOMBRE,APELLIDO,IMAGEN_URL,TELEFONO,TIPO_USUARIO,USUARIO,IDIOMA,CIUDAD_ID) values (274,'Idona','Mckinney','B09859.jpg','379 072 87 43','Cliente','DQII_2','INGLES',10);
Insert into USUARIOS (ID,NOMBRE,APELLIDO,IMAGEN_URL,TELEFONO,TIPO_USUARIO,USUARIO,IDIOMA,CIUDAD_ID) values (275,'Raja','Frank','G06545.jpg','394 091 98 21','Cliente','ALSZ_5','FRANCES',4);
Insert into USUARIOS (ID,NOMBRE,APELLIDO,IMAGEN_URL,TELEFONO,TIPO_USUARIO,USUARIO,IDIOMA,CIUDAD_ID) values (276,'Wendy','Weeks','L21260.jpg','328 535 40 24','Cliente','IYTS_3','INGLES',3);
Insert into USUARIOS (ID,NOMBRE,APELLIDO,IMAGEN_URL,TELEFONO,TIPO_USUARIO,USUARIO,IDIOMA,CIUDAD_ID) values (277,'Serena','Dejesus','G19203.jpg','360 025 45 87','Cliente','EQJE_1','ESPAÑOL',4);
Insert into USUARIOS (ID,NOMBRE,APELLIDO,IMAGEN_URL,TELEFONO,TIPO_USUARIO,USUARIO,IDIOMA,CIUDAD_ID) values (278,'Moana','Mcguire','Q58073.jpg','302 402 97 79','Cliente','NSYM_7','FRANCES',10);
Insert into USUARIOS (ID,NOMBRE,APELLIDO,IMAGEN_URL,TELEFONO,TIPO_USUARIO,USUARIO,IDIOMA,CIUDAD_ID) values (279,'Oscar','Downs','G12500.jpg','398 646 71 48','Cliente','ZGBP_8','FRANCES',4);
Insert into USUARIOS (ID,NOMBRE,APELLIDO,IMAGEN_URL,TELEFONO,TIPO_USUARIO,USUARIO,IDIOMA,CIUDAD_ID) values (280,'Walker','Shepherd','X37167.jpg','312 709 69 81','Cliente','YKWS_4','INGLES',2);
Insert into USUARIOS (ID,NOMBRE,APELLIDO,IMAGEN_URL,TELEFONO,TIPO_USUARIO,USUARIO,IDIOMA,CIUDAD_ID) values (281,'Madeline','Mcleod','C33470.jpg','310 259 88 30','Cliente','MAHI_8','INGLES',5);
Insert into USUARIOS (ID,NOMBRE,APELLIDO,IMAGEN_URL,TELEFONO,TIPO_USUARIO,USUARIO,IDIOMA,CIUDAD_ID) values (282,'Cole','Mcgee','E61800.jpg','303 591 63 51','Cliente','PTQV_6','FRANCES',9);
Insert into USUARIOS (ID,NOMBRE,APELLIDO,IMAGEN_URL,TELEFONO,TIPO_USUARIO,USUARIO,IDIOMA,CIUDAD_ID) values (283,'Ebony','Rivers','B56834.jpg','359 436 10 54','Cliente','GYYD_1','INGLES',8);
Insert into USUARIOS (ID,NOMBRE,APELLIDO,IMAGEN_URL,TELEFONO,TIPO_USUARIO,USUARIO,IDIOMA,CIUDAD_ID) values (284,'Xandra','Sutton','U33186.jpg','363 653 26 07','Cliente','OJIM_6','INGLES',9);
Insert into USUARIOS (ID,NOMBRE,APELLIDO,IMAGEN_URL,TELEFONO,TIPO_USUARIO,USUARIO,IDIOMA,CIUDAD_ID) values (285,'Troy','Battle','X82361.jpg','345 350 95 00','Cliente','NIUW_2','INGLES',7);
Insert into USUARIOS (ID,NOMBRE,APELLIDO,IMAGEN_URL,TELEFONO,TIPO_USUARIO,USUARIO,IDIOMA,CIUDAD_ID) values (286,'Donovan','Holman','X19418.jpg','312 783 48 44','Cliente','ELMQ_7','ESPAÑOL',4);
Insert into USUARIOS (ID,NOMBRE,APELLIDO,IMAGEN_URL,TELEFONO,TIPO_USUARIO,USUARIO,IDIOMA,CIUDAD_ID) values (287,'Jelani','Mcgee','M60868.jpg','389 491 89 75','Cliente','YMKO_5','FRANCES',1);
Insert into USUARIOS (ID,NOMBRE,APELLIDO,IMAGEN_URL,TELEFONO,TIPO_USUARIO,USUARIO,IDIOMA,CIUDAD_ID) values (288,'Nero','Barlow','E01788.jpg','392 949 88 31','Cliente','WLFR_1','ESPAÑOL',3);
Insert into USUARIOS (ID,NOMBRE,APELLIDO,IMAGEN_URL,TELEFONO,TIPO_USUARIO,USUARIO,IDIOMA,CIUDAD_ID) values (289,'Ethan','Alford','X16778.jpg','399 281 64 92','Cliente','EVLP_5','ESPAÑOL',8);
Insert into USUARIOS (ID,NOMBRE,APELLIDO,IMAGEN_URL,TELEFONO,TIPO_USUARIO,USUARIO,IDIOMA,CIUDAD_ID) values (290,'Sebastian','Morse','H40827.jpg','301 993 21 94','Cliente','DHCB_0','ESPAÑOL',8);
Insert into USUARIOS (ID,NOMBRE,APELLIDO,IMAGEN_URL,TELEFONO,TIPO_USUARIO,USUARIO,IDIOMA,CIUDAD_ID) values (291,'Kendall','Middleton','R33241.jpg','317 062 31 76','Cliente','DBHD_2','FRANCES',8);
Insert into USUARIOS (ID,NOMBRE,APELLIDO,IMAGEN_URL,TELEFONO,TIPO_USUARIO,USUARIO,IDIOMA,CIUDAD_ID) values (292,'George','Knowles','R38385.jpg','345 910 37 35','Cliente','LEUI_0','ESPAÑOL',2);
Insert into USUARIOS (ID,NOMBRE,APELLIDO,IMAGEN_URL,TELEFONO,TIPO_USUARIO,USUARIO,IDIOMA,CIUDAD_ID) values (293,'Graiden','Potts','A44043.jpg','347 691 71 95','Cliente','YZYF_3','INGLES',1);
Insert into USUARIOS (ID,NOMBRE,APELLIDO,IMAGEN_URL,TELEFONO,TIPO_USUARIO,USUARIO,IDIOMA,CIUDAD_ID) values (1,'Marsden','Dodson','G95827.jpg','325 826 98 04','Conductor','EZPH_3','FRANCES',6);
Insert into USUARIOS (ID,NOMBRE,APELLIDO,IMAGEN_URL,TELEFONO,TIPO_USUARIO,USUARIO,IDIOMA,CIUDAD_ID) values (2,'Channing','Mcfadden','R01423.jpg','380 752 83 59','Conductor','EZWB_9','ESPAÑOL',5);
Insert into USUARIOS (ID,NOMBRE,APELLIDO,IMAGEN_URL,TELEFONO,TIPO_USUARIO,USUARIO,IDIOMA,CIUDAD_ID) values (3,'Perry','Norman','P58113.jpg','346 246 97 94','Conductor','MXHG_4','INGLES',3);
Insert into USUARIOS (ID,NOMBRE,APELLIDO,IMAGEN_URL,TELEFONO,TIPO_USUARIO,USUARIO,IDIOMA,CIUDAD_ID) values (4,'Fitzgerald','Pratt','L16039.jpg','380 722 68 76','Conductor','RTPN_8','INGLES',7);
Insert into USUARIOS (ID,NOMBRE,APELLIDO,IMAGEN_URL,TELEFONO,TIPO_USUARIO,USUARIO,IDIOMA,CIUDAD_ID) values (5,'Ira','Odom','L13537.jpg','337 161 15 93','Conductor','XKYL_9','INGLES',7);
Insert into USUARIOS (ID,NOMBRE,APELLIDO,IMAGEN_URL,TELEFONO,TIPO_USUARIO,USUARIO,IDIOMA,CIUDAD_ID) values (6,'Sloane','Williamson','K69177.jpg','347 274 19 51','Conductor','DCSZ_3','ESPAÑOL',3);
Insert into USUARIOS (ID,NOMBRE,APELLIDO,IMAGEN_URL,TELEFONO,TIPO_USUARIO,USUARIO,IDIOMA,CIUDAD_ID) values (7,'Lester','Noble','M28382.jpg','335 636 72 40','Conductor','PVPP_3','ESPAÑOL',5);
Insert into USUARIOS (ID,NOMBRE,APELLIDO,IMAGEN_URL,TELEFONO,TIPO_USUARIO,USUARIO,IDIOMA,CIUDAD_ID) values (8,'Len','Porter','V50505.jpg','395 745 72 48','Conductor','ZDLY_9','ESPAÑOL',7);
Insert into USUARIOS (ID,NOMBRE,APELLIDO,IMAGEN_URL,TELEFONO,TIPO_USUARIO,USUARIO,IDIOMA,CIUDAD_ID) values (9,'Angela','Wells','E44701.jpg','372 086 53 27','Conductor','KMRF_4','FRANCES',3);
Insert into USUARIOS (ID,NOMBRE,APELLIDO,IMAGEN_URL,TELEFONO,TIPO_USUARIO,USUARIO,IDIOMA,CIUDAD_ID) values (10,'Norman','Alvarado','M89239.jpg','327 449 51 53','Conductor','ZEZF_4','INGLES',7);
Insert into USUARIOS (ID,NOMBRE,APELLIDO,IMAGEN_URL,TELEFONO,TIPO_USUARIO,USUARIO,IDIOMA,CIUDAD_ID) values (11,'Declan','Graves','Y03984.jpg','354 809 34 99','Conductor','YSOG_6','INGLES',7);
Insert into USUARIOS (ID,NOMBRE,APELLIDO,IMAGEN_URL,TELEFONO,TIPO_USUARIO,USUARIO,IDIOMA,CIUDAD_ID) values (12,'Grant','Carter','L01717.jpg','399 306 02 63','Conductor','AHOG_7','ESPAÑOL',3);
Insert into USUARIOS (ID,NOMBRE,APELLIDO,IMAGEN_URL,TELEFONO,TIPO_USUARIO,USUARIO,IDIOMA,CIUDAD_ID) values (13,'Lois','Hopkins','D89820.jpg','306 966 40 98','Conductor','THJJ_6','ESPAÑOL',5);
Insert into USUARIOS (ID,NOMBRE,APELLIDO,IMAGEN_URL,TELEFONO,TIPO_USUARIO,USUARIO,IDIOMA,CIUDAD_ID) values (14,'Eve','Guzman','F52136.jpg','399 797 41 68','Conductor','TESF_5','ESPAÑOL',4);
Insert into USUARIOS (ID,NOMBRE,APELLIDO,IMAGEN_URL,TELEFONO,TIPO_USUARIO,USUARIO,IDIOMA,CIUDAD_ID) values (15,'Camille','Campos','M58451.jpg','371 381 02 34','Conductor','KBIU_6','FRANCES',7);
Insert into USUARIOS (ID,NOMBRE,APELLIDO,IMAGEN_URL,TELEFONO,TIPO_USUARIO,USUARIO,IDIOMA,CIUDAD_ID) values (16,'Camden','Morin','W50297.jpg','306 092 86 45','Conductor','NOQM_9','INGLES',5);
Insert into USUARIOS (ID,NOMBRE,APELLIDO,IMAGEN_URL,TELEFONO,TIPO_USUARIO,USUARIO,IDIOMA,CIUDAD_ID) values (17,'Baxter','Morgan','J46638.jpg','331 024 71 11','Conductor','AEGC_1','ESPAÑOL',10);
Insert into USUARIOS (ID,NOMBRE,APELLIDO,IMAGEN_URL,TELEFONO,TIPO_USUARIO,USUARIO,IDIOMA,CIUDAD_ID) values (18,'Fay','Aguilar','F13551.jpg','359 273 54 75','Conductor','QPHZ_7','FRANCES',6);
Insert into USUARIOS (ID,NOMBRE,APELLIDO,IMAGEN_URL,TELEFONO,TIPO_USUARIO,USUARIO,IDIOMA,CIUDAD_ID) values (19,'Axel','Knox','S33632.jpg','374 567 38 59','Conductor','VFWQ_6','ESPAÑOL',2);
Insert into USUARIOS (ID,NOMBRE,APELLIDO,IMAGEN_URL,TELEFONO,TIPO_USUARIO,USUARIO,IDIOMA,CIUDAD_ID) values (20,'Quemby','Johnson','B40857.jpg','337 097 84 43','Conductor','YJHQ_5','INGLES',9);
Insert into USUARIOS (ID,NOMBRE,APELLIDO,IMAGEN_URL,TELEFONO,TIPO_USUARIO,USUARIO,IDIOMA,CIUDAD_ID) values (21,'Yeo','Forbes','G06550.jpg','366 352 95 39','Conductor','EZOW_6','FRANCES',10);
Insert into USUARIOS (ID,NOMBRE,APELLIDO,IMAGEN_URL,TELEFONO,TIPO_USUARIO,USUARIO,IDIOMA,CIUDAD_ID) values (22,'Evangeline','Rojas','K36560.jpg','326 819 01 62','Conductor','ZUDD_3','FRANCES',5);
Insert into USUARIOS (ID,NOMBRE,APELLIDO,IMAGEN_URL,TELEFONO,TIPO_USUARIO,USUARIO,IDIOMA,CIUDAD_ID) values (23,'Amal','Watson','S31982.jpg','364 443 70 86','Conductor','UHZG_9','INGLES',1);
Insert into USUARIOS (ID,NOMBRE,APELLIDO,IMAGEN_URL,TELEFONO,TIPO_USUARIO,USUARIO,IDIOMA,CIUDAD_ID) values (24,'Xavier','Duran','X89551.jpg','371 719 81 77','Conductor','GOCH_8','INGLES',10);
Insert into USUARIOS (ID,NOMBRE,APELLIDO,IMAGEN_URL,TELEFONO,TIPO_USUARIO,USUARIO,IDIOMA,CIUDAD_ID) values (25,'Aileen','Mann','H43215.jpg','346 012 24 93','Conductor','HXTA_5','FRANCES',7);
Insert into USUARIOS (ID,NOMBRE,APELLIDO,IMAGEN_URL,TELEFONO,TIPO_USUARIO,USUARIO,IDIOMA,CIUDAD_ID) values (26,'Murphy','Dotson','S57408.jpg','306 897 30 39','Conductor','VHFW_1','FRANCES',6);
Insert into USUARIOS (ID,NOMBRE,APELLIDO,IMAGEN_URL,TELEFONO,TIPO_USUARIO,USUARIO,IDIOMA,CIUDAD_ID) values (27,'Vance','Valdez','J59632.jpg','332 875 85 28','Conductor','SWVU_6','ESPAÑOL',6);
Insert into USUARIOS (ID,NOMBRE,APELLIDO,IMAGEN_URL,TELEFONO,TIPO_USUARIO,USUARIO,IDIOMA,CIUDAD_ID) values (28,'Janna','Singleton','T62198.jpg','387 393 93 55','Conductor','IIRL_3','FRANCES',5);
Insert into USUARIOS (ID,NOMBRE,APELLIDO,IMAGEN_URL,TELEFONO,TIPO_USUARIO,USUARIO,IDIOMA,CIUDAD_ID) values (29,'Linda','Porter','V28958.jpg','363 209 05 71','Conductor','LADZ_4','ESPAÑOL',3);
Insert into USUARIOS (ID,NOMBRE,APELLIDO,IMAGEN_URL,TELEFONO,TIPO_USUARIO,USUARIO,IDIOMA,CIUDAD_ID) values (30,'Felix','Davenport','O77249.jpg','380 700 48 28','Conductor','JAGS_9','ESPAÑOL',2);
Insert into USUARIOS (ID,NOMBRE,APELLIDO,IMAGEN_URL,TELEFONO,TIPO_USUARIO,USUARIO,IDIOMA,CIUDAD_ID) values (31,'Yolanda','Madden','X46199.jpg','318 894 05 85','Conductor','HPHM_0','ESPAÑOL',8);
Insert into USUARIOS (ID,NOMBRE,APELLIDO,IMAGEN_URL,TELEFONO,TIPO_USUARIO,USUARIO,IDIOMA,CIUDAD_ID) values (32,'Thomas','Coleman','X36798.jpg','352 184 52 77','Conductor','YGHU_8','INGLES',7);
Insert into USUARIOS (ID,NOMBRE,APELLIDO,IMAGEN_URL,TELEFONO,TIPO_USUARIO,USUARIO,IDIOMA,CIUDAD_ID) values (33,'Melanie','Dejesus','V55071.jpg','371 087 20 28','Conductor','ZOMH_5','ESPAÑOL',6);
Insert into USUARIOS (ID,NOMBRE,APELLIDO,IMAGEN_URL,TELEFONO,TIPO_USUARIO,USUARIO,IDIOMA,CIUDAD_ID) values (34,'Orla','Duran','H24843.jpg','306 968 60 31','Conductor','SOBI_2','FRANCES',8);
Insert into USUARIOS (ID,NOMBRE,APELLIDO,IMAGEN_URL,TELEFONO,TIPO_USUARIO,USUARIO,IDIOMA,CIUDAD_ID) values (35,'Leslie','Burns','D45367.jpg','325 487 64 38','Conductor','IBJX_6','ESPAÑOL',7);
Insert into USUARIOS (ID,NOMBRE,APELLIDO,IMAGEN_URL,TELEFONO,TIPO_USUARIO,USUARIO,IDIOMA,CIUDAD_ID) values (36,'Wyatt','Clay','U17334.jpg','379 405 48 48','Conductor','KEUR_4','INGLES',10);
Insert into USUARIOS (ID,NOMBRE,APELLIDO,IMAGEN_URL,TELEFONO,TIPO_USUARIO,USUARIO,IDIOMA,CIUDAD_ID) values (37,'Justin','Ford','C41574.jpg','364 340 56 45','Conductor','EBGX_1','INGLES',8);
Insert into USUARIOS (ID,NOMBRE,APELLIDO,IMAGEN_URL,TELEFONO,TIPO_USUARIO,USUARIO,IDIOMA,CIUDAD_ID) values (38,'Tad','Cobb','Z54270.jpg','311 088 98 52','Conductor','ZATE_9','INGLES',2);
Insert into USUARIOS (ID,NOMBRE,APELLIDO,IMAGEN_URL,TELEFONO,TIPO_USUARIO,USUARIO,IDIOMA,CIUDAD_ID) values (39,'Damon','Ward','N71701.jpg','383 148 34 61','Conductor','EFNO_1','FRANCES',1);
Insert into USUARIOS (ID,NOMBRE,APELLIDO,IMAGEN_URL,TELEFONO,TIPO_USUARIO,USUARIO,IDIOMA,CIUDAD_ID) values (40,'Conan','Ramos','L10861.jpg','377 682 71 08','Conductor','BBCV_8','ESPAÑOL',2);
Insert into USUARIOS (ID,NOMBRE,APELLIDO,IMAGEN_URL,TELEFONO,TIPO_USUARIO,USUARIO,IDIOMA,CIUDAD_ID) values (41,'Levi','Osborne','Q71737.jpg','393 656 42 98','Conductor','CMCV_6','ESPAÑOL',8);
Insert into USUARIOS (ID,NOMBRE,APELLIDO,IMAGEN_URL,TELEFONO,TIPO_USUARIO,USUARIO,IDIOMA,CIUDAD_ID) values (42,'Kyra','Henderson','J42826.jpg','334 746 04 91','Conductor','PXCA_1','FRANCES',4);
Insert into USUARIOS (ID,NOMBRE,APELLIDO,IMAGEN_URL,TELEFONO,TIPO_USUARIO,USUARIO,IDIOMA,CIUDAD_ID) values (43,'Paloma','Huffman','C02711.jpg','389 694 64 65','Conductor','MCHW_4','INGLES',7);
Insert into USUARIOS (ID,NOMBRE,APELLIDO,IMAGEN_URL,TELEFONO,TIPO_USUARIO,USUARIO,IDIOMA,CIUDAD_ID) values (44,'Whoopi','Strickland','G99402.jpg','363 448 59 67','Conductor','JBPM_9','INGLES',9);
Insert into USUARIOS (ID,NOMBRE,APELLIDO,IMAGEN_URL,TELEFONO,TIPO_USUARIO,USUARIO,IDIOMA,CIUDAD_ID) values (45,'Tyler','Simpson','C18758.jpg','355 762 49 63','Conductor','VZJJ_7','INGLES',2);
Insert into USUARIOS (ID,NOMBRE,APELLIDO,IMAGEN_URL,TELEFONO,TIPO_USUARIO,USUARIO,IDIOMA,CIUDAD_ID) values (46,'Lance','Wagner','X54989.jpg','354 935 59 33','Conductor','JDQT_9','ESPAÑOL',10);
Insert into USUARIOS (ID,NOMBRE,APELLIDO,IMAGEN_URL,TELEFONO,TIPO_USUARIO,USUARIO,IDIOMA,CIUDAD_ID) values (47,'Rama','Ware','A70443.jpg','353 959 49 40','Conductor','MODJ_7','FRANCES',1);
Insert into USUARIOS (ID,NOMBRE,APELLIDO,IMAGEN_URL,TELEFONO,TIPO_USUARIO,USUARIO,IDIOMA,CIUDAD_ID) values (48,'Myles','Bond','J07270.jpg','369 657 02 84','Conductor','SBLC_3','ESPAÑOL',10);
Insert into USUARIOS (ID,NOMBRE,APELLIDO,IMAGEN_URL,TELEFONO,TIPO_USUARIO,USUARIO,IDIOMA,CIUDAD_ID) values (49,'Claudia','Maldonado','H43970.jpg','359 469 50 25','Conductor','SVIY_3','FRANCES',1);
Insert into USUARIOS (ID,NOMBRE,APELLIDO,IMAGEN_URL,TELEFONO,TIPO_USUARIO,USUARIO,IDIOMA,CIUDAD_ID) values (50,'Keiko','Warner','S90807.jpg','339 215 03 78','Conductor','XRIQ_5','INGLES',9);
Insert into USUARIOS (ID,NOMBRE,APELLIDO,IMAGEN_URL,TELEFONO,TIPO_USUARIO,USUARIO,IDIOMA,CIUDAD_ID) values (51,'Declan','Vaughan','V01154.jpg','350 770 57 07','Conductor','MSHQ_6','FRANCES',8);
Insert into USUARIOS (ID,NOMBRE,APELLIDO,IMAGEN_URL,TELEFONO,TIPO_USUARIO,USUARIO,IDIOMA,CIUDAD_ID) values (52,'Kaye','Morton','J24477.jpg','301 797 52 36','Conductor','FSVF_3','ESPAÑOL',6);
Insert into USUARIOS (ID,NOMBRE,APELLIDO,IMAGEN_URL,TELEFONO,TIPO_USUARIO,USUARIO,IDIOMA,CIUDAD_ID) values (53,'Angelica','Sweeney','H91240.jpg','327 744 35 27','Conductor','DLDS_7','FRANCES',8);
Insert into USUARIOS (ID,NOMBRE,APELLIDO,IMAGEN_URL,TELEFONO,TIPO_USUARIO,USUARIO,IDIOMA,CIUDAD_ID) values (54,'Clark','Craig','Z73576.jpg','337 533 04 65','Conductor','DNUO_1','FRANCES',4);
Insert into USUARIOS (ID,NOMBRE,APELLIDO,IMAGEN_URL,TELEFONO,TIPO_USUARIO,USUARIO,IDIOMA,CIUDAD_ID) values (55,'Audrey','Langley','E60599.jpg','321 729 51 57','Conductor','VGCF_2','ESPAÑOL',4);
Insert into USUARIOS (ID,NOMBRE,APELLIDO,IMAGEN_URL,TELEFONO,TIPO_USUARIO,USUARIO,IDIOMA,CIUDAD_ID) values (56,'Hedley','Castaneda','J30329.jpg','370 423 14 20','Conductor','YULJ_3','FRANCES',9);
Insert into USUARIOS (ID,NOMBRE,APELLIDO,IMAGEN_URL,TELEFONO,TIPO_USUARIO,USUARIO,IDIOMA,CIUDAD_ID) values (57,'Guinevere','Stafford','I02333.jpg','392 936 46 32','Conductor','JTNM_5','ESPAÑOL',8);
Insert into USUARIOS (ID,NOMBRE,APELLIDO,IMAGEN_URL,TELEFONO,TIPO_USUARIO,USUARIO,IDIOMA,CIUDAD_ID) values (58,'Arthur','Key','J98600.jpg','300 645 18 70','Conductor','DIKD_0','FRANCES',4);
Insert into USUARIOS (ID,NOMBRE,APELLIDO,IMAGEN_URL,TELEFONO,TIPO_USUARIO,USUARIO,IDIOMA,CIUDAD_ID) values (59,'Hayes','Wolfe','B69642.jpg','301 792 72 54','Conductor','TLLA_2','INGLES',10);
Insert into USUARIOS (ID,NOMBRE,APELLIDO,IMAGEN_URL,TELEFONO,TIPO_USUARIO,USUARIO,IDIOMA,CIUDAD_ID) values (60,'Timon','Mills','X70779.jpg','360 713 07 67','Conductor','KEOR_3','FRANCES',7);
Insert into USUARIOS (ID,NOMBRE,APELLIDO,IMAGEN_URL,TELEFONO,TIPO_USUARIO,USUARIO,IDIOMA,CIUDAD_ID) values (61,'Natalie','Carr','C90346.jpg','369 321 58 31','Conductor','FJHR_0','ESPAÑOL',3);
Insert into USUARIOS (ID,NOMBRE,APELLIDO,IMAGEN_URL,TELEFONO,TIPO_USUARIO,USUARIO,IDIOMA,CIUDAD_ID) values (62,'Jaquelyn','Glass','S82392.jpg','372 946 21 70','Conductor','AIPF_4','FRANCES',7);
Insert into USUARIOS (ID,NOMBRE,APELLIDO,IMAGEN_URL,TELEFONO,TIPO_USUARIO,USUARIO,IDIOMA,CIUDAD_ID) values (63,'Kameko','Watts','R26112.jpg','338 328 17 13','Conductor','OADK_8','FRANCES',1);
Insert into USUARIOS (ID,NOMBRE,APELLIDO,IMAGEN_URL,TELEFONO,TIPO_USUARIO,USUARIO,IDIOMA,CIUDAD_ID) values (64,'Merrill','Morris','B66795.jpg','379 283 93 61','Conductor','HPJV_6','FRANCES',3);
Insert into USUARIOS (ID,NOMBRE,APELLIDO,IMAGEN_URL,TELEFONO,TIPO_USUARIO,USUARIO,IDIOMA,CIUDAD_ID) values (65,'Ashton','Tate','V93141.jpg','375 175 25 66','Conductor','FNIE_5','INGLES',9);
Insert into USUARIOS (ID,NOMBRE,APELLIDO,IMAGEN_URL,TELEFONO,TIPO_USUARIO,USUARIO,IDIOMA,CIUDAD_ID) values (66,'Donna','Caldwell','S50428.jpg','316 109 55 89','Conductor','INJA_8','FRANCES',8);
Insert into USUARIOS (ID,NOMBRE,APELLIDO,IMAGEN_URL,TELEFONO,TIPO_USUARIO,USUARIO,IDIOMA,CIUDAD_ID) values (67,'Leonard','Wilson','N66218.jpg','352 050 76 46','Conductor','FMPV_4','ESPAÑOL',10);
Insert into USUARIOS (ID,NOMBRE,APELLIDO,IMAGEN_URL,TELEFONO,TIPO_USUARIO,USUARIO,IDIOMA,CIUDAD_ID) values (68,'Molly','Pierce','C14094.jpg','314 446 32 30','Conductor','JKCO_4','ESPAÑOL',9);
Insert into USUARIOS (ID,NOMBRE,APELLIDO,IMAGEN_URL,TELEFONO,TIPO_USUARIO,USUARIO,IDIOMA,CIUDAD_ID) values (69,'Ali','Sanders','Y65250.jpg','314 749 40 49','Conductor','ZMZC_9','ESPAÑOL',4);
Insert into USUARIOS (ID,NOMBRE,APELLIDO,IMAGEN_URL,TELEFONO,TIPO_USUARIO,USUARIO,IDIOMA,CIUDAD_ID) values (70,'Fletcher','Castillo','W55518.jpg','397 642 45 06','Conductor','MYOK_8','ESPAÑOL',7);
Insert into USUARIOS (ID,NOMBRE,APELLIDO,IMAGEN_URL,TELEFONO,TIPO_USUARIO,USUARIO,IDIOMA,CIUDAD_ID) values (71,'Riley','Reid','C30785.jpg','336 883 48 76','Conductor','GAGL_3','INGLES',9);
Insert into USUARIOS (ID,NOMBRE,APELLIDO,IMAGEN_URL,TELEFONO,TIPO_USUARIO,USUARIO,IDIOMA,CIUDAD_ID) values (72,'Sebastian','Chaney','O75203.jpg','377 826 30 84','Conductor','XWFU_0','ESPAÑOL',8);
Insert into USUARIOS (ID,NOMBRE,APELLIDO,IMAGEN_URL,TELEFONO,TIPO_USUARIO,USUARIO,IDIOMA,CIUDAD_ID) values (73,'April','Caldwell','J31065.jpg','358 931 11 60','Conductor','BJTU_2','INGLES',6);
Insert into USUARIOS (ID,NOMBRE,APELLIDO,IMAGEN_URL,TELEFONO,TIPO_USUARIO,USUARIO,IDIOMA,CIUDAD_ID) values (74,'Cole','Elliott','N70511.jpg','320 539 53 15','Conductor','GDJK_6','ESPAÑOL',2);
Insert into USUARIOS (ID,NOMBRE,APELLIDO,IMAGEN_URL,TELEFONO,TIPO_USUARIO,USUARIO,IDIOMA,CIUDAD_ID) values (75,'Magee','Holland','V37788.jpg','370 369 69 60','Conductor','QHQG_3','ESPAÑOL',6);
Insert into USUARIOS (ID,NOMBRE,APELLIDO,IMAGEN_URL,TELEFONO,TIPO_USUARIO,USUARIO,IDIOMA,CIUDAD_ID) values (76,'Virginia','Burns','E97455.jpg','312 107 72 87','Conductor','JJZN_3','INGLES',3);
Insert into USUARIOS (ID,NOMBRE,APELLIDO,IMAGEN_URL,TELEFONO,TIPO_USUARIO,USUARIO,IDIOMA,CIUDAD_ID) values (77,'Iliana','Aguirre','Z88427.jpg','339 468 29 92','Conductor','SEDQ_7','FRANCES',1);
Insert into USUARIOS (ID,NOMBRE,APELLIDO,IMAGEN_URL,TELEFONO,TIPO_USUARIO,USUARIO,IDIOMA,CIUDAD_ID) values (78,'Xaviera','Schwartz','T24515.jpg','332 771 97 19','Conductor','VSDS_1','FRANCES',3);
Insert into USUARIOS (ID,NOMBRE,APELLIDO,IMAGEN_URL,TELEFONO,TIPO_USUARIO,USUARIO,IDIOMA,CIUDAD_ID) values (79,'Wylie','Wilkerson','N04476.jpg','330 193 21 32','Conductor','NRCM_0','ESPAÑOL',5);
Insert into USUARIOS (ID,NOMBRE,APELLIDO,IMAGEN_URL,TELEFONO,TIPO_USUARIO,USUARIO,IDIOMA,CIUDAD_ID) values (80,'Nola','Hobbs','R11476.jpg','346 934 17 44','Conductor','ZBOZ_0','ESPAÑOL',6);
Insert into USUARIOS (ID,NOMBRE,APELLIDO,IMAGEN_URL,TELEFONO,TIPO_USUARIO,USUARIO,IDIOMA,CIUDAD_ID) values (81,'Maggie','Burton','H19577.jpg','365 092 75 24','Conductor','ECRI_5','INGLES',7);
Insert into USUARIOS (ID,NOMBRE,APELLIDO,IMAGEN_URL,TELEFONO,TIPO_USUARIO,USUARIO,IDIOMA,CIUDAD_ID) values (82,'Elijah','Rush','Q94651.jpg','337 102 84 02','Conductor','ZDSV_3','FRANCES',1);
Insert into USUARIOS (ID,NOMBRE,APELLIDO,IMAGEN_URL,TELEFONO,TIPO_USUARIO,USUARIO,IDIOMA,CIUDAD_ID) values (83,'Marny','Turner','T93448.jpg','315 425 58 10','Conductor','QYSS_6','FRANCES',10);
Insert into USUARIOS (ID,NOMBRE,APELLIDO,IMAGEN_URL,TELEFONO,TIPO_USUARIO,USUARIO,IDIOMA,CIUDAD_ID) values (84,'Garrison','Steele','V57555.jpg','364 872 68 43','Conductor','HDEP_6','ESPAÑOL',10);
Insert into USUARIOS (ID,NOMBRE,APELLIDO,IMAGEN_URL,TELEFONO,TIPO_USUARIO,USUARIO,IDIOMA,CIUDAD_ID) values (85,'Venus','Guzman','Z07420.jpg','331 391 89 34','Conductor','ZMJH_5','INGLES',9);
Insert into USUARIOS (ID,NOMBRE,APELLIDO,IMAGEN_URL,TELEFONO,TIPO_USUARIO,USUARIO,IDIOMA,CIUDAD_ID) values (86,'Whilemina','Madden','L57070.jpg','310 949 57 04','Conductor','YRXZ_3','INGLES',6);
Insert into USUARIOS (ID,NOMBRE,APELLIDO,IMAGEN_URL,TELEFONO,TIPO_USUARIO,USUARIO,IDIOMA,CIUDAD_ID) values (87,'Honorato','Snow','H38695.jpg','385 861 84 30','Conductor','YILT_3','INGLES',2);
Insert into USUARIOS (ID,NOMBRE,APELLIDO,IMAGEN_URL,TELEFONO,TIPO_USUARIO,USUARIO,IDIOMA,CIUDAD_ID) values (88,'Shad','Conner','K25133.jpg','395 055 42 03','Conductor','UUER_2','INGLES',7);
Insert into USUARIOS (ID,NOMBRE,APELLIDO,IMAGEN_URL,TELEFONO,TIPO_USUARIO,USUARIO,IDIOMA,CIUDAD_ID) values (89,'Wanda','Stafford','U97642.jpg','347 208 94 49','Conductor','TSKM_6','ESPAÑOL',1);
Insert into USUARIOS (ID,NOMBRE,APELLIDO,IMAGEN_URL,TELEFONO,TIPO_USUARIO,USUARIO,IDIOMA,CIUDAD_ID) values (90,'Malachi','Vinson','R25919.jpg','359 097 94 68','Conductor','KNRW_2','INGLES',3);
Insert into USUARIOS (ID,NOMBRE,APELLIDO,IMAGEN_URL,TELEFONO,TIPO_USUARIO,USUARIO,IDIOMA,CIUDAD_ID) values (91,'Yoshi','Langley','K74885.jpg','311 901 91 11','Conductor','NJZT_4','FRANCES',8);
Insert into USUARIOS (ID,NOMBRE,APELLIDO,IMAGEN_URL,TELEFONO,TIPO_USUARIO,USUARIO,IDIOMA,CIUDAD_ID) values (92,'Felicia','Mills','T63882.jpg','394 352 91 77','Conductor','QKGD_3','INGLES',9);
Insert into USUARIOS (ID,NOMBRE,APELLIDO,IMAGEN_URL,TELEFONO,TIPO_USUARIO,USUARIO,IDIOMA,CIUDAD_ID) values (93,'Brianna','Irwin','W79799.jpg','364 428 39 23','Conductor','ZZMU_2','FRANCES',7);
Insert into USUARIOS (ID,NOMBRE,APELLIDO,IMAGEN_URL,TELEFONO,TIPO_USUARIO,USUARIO,IDIOMA,CIUDAD_ID) values (94,'Ronan','Stuart','B77544.jpg','366 999 09 87','Conductor','RKJC_4','FRANCES',8);
Insert into USUARIOS (ID,NOMBRE,APELLIDO,IMAGEN_URL,TELEFONO,TIPO_USUARIO,USUARIO,IDIOMA,CIUDAD_ID) values (95,'Samantha','Cohen','T70909.jpg','347 248 48 10','Conductor','MNZL_0','ESPAÑOL',7);
Insert into USUARIOS (ID,NOMBRE,APELLIDO,IMAGEN_URL,TELEFONO,TIPO_USUARIO,USUARIO,IDIOMA,CIUDAD_ID) values (96,'Jaquelyn','Blake','P95082.jpg','394 401 37 08','Conductor','QQAT_4','ESPAÑOL',6);
Insert into USUARIOS (ID,NOMBRE,APELLIDO,IMAGEN_URL,TELEFONO,TIPO_USUARIO,USUARIO,IDIOMA,CIUDAD_ID) values (97,'Adrienne','Matthews','U89884.jpg','330 201 49 19','Conductor','LXXJ_7','INGLES',5);
Insert into USUARIOS (ID,NOMBRE,APELLIDO,IMAGEN_URL,TELEFONO,TIPO_USUARIO,USUARIO,IDIOMA,CIUDAD_ID) values (98,'Gil','Edwards','I97190.jpg','377 294 04 80','Conductor','FWMG_6','ESPAÑOL',10);
Insert into USUARIOS (ID,NOMBRE,APELLIDO,IMAGEN_URL,TELEFONO,TIPO_USUARIO,USUARIO,IDIOMA,CIUDAD_ID) values (99,'Leonard','Gilbert','L12689.jpg','325 132 81 87','Conductor','KEGB_6','INGLES',7);
Insert into USUARIOS (ID,NOMBRE,APELLIDO,IMAGEN_URL,TELEFONO,TIPO_USUARIO,USUARIO,IDIOMA,CIUDAD_ID) values (100,'Hollee','Oconnor','O25744.jpg','305 537 88 22','Conductor','AIWH_1','FRANCES',7);
Insert into USUARIOS (ID,NOMBRE,APELLIDO,IMAGEN_URL,TELEFONO,TIPO_USUARIO,USUARIO,IDIOMA,CIUDAD_ID) values (101,'Grant','Gardner','B41585.jpg','354 171 56 28','Cliente','OTGE_7','ESPAÑOL',3);
Insert into USUARIOS (ID,NOMBRE,APELLIDO,IMAGEN_URL,TELEFONO,TIPO_USUARIO,USUARIO,IDIOMA,CIUDAD_ID) values (102,'Liberty','Pennington','S31348.jpg','337 995 68 78','Cliente','DLMC_1','ESPAÑOL',3);
Insert into USUARIOS (ID,NOMBRE,APELLIDO,IMAGEN_URL,TELEFONO,TIPO_USUARIO,USUARIO,IDIOMA,CIUDAD_ID) values (103,'Thaddeus','Rice','I76852.jpg','372 924 55 01','Cliente','DPPG_6','ESPAÑOL',5);
Insert into USUARIOS (ID,NOMBRE,APELLIDO,IMAGEN_URL,TELEFONO,TIPO_USUARIO,USUARIO,IDIOMA,CIUDAD_ID) values (104,'Wesley','Franco','G58443.jpg','329 389 39 72','Cliente','OFUM_7','ESPAÑOL',9);
Insert into USUARIOS (ID,NOMBRE,APELLIDO,IMAGEN_URL,TELEFONO,TIPO_USUARIO,USUARIO,IDIOMA,CIUDAD_ID) values (105,'Reuben','Stevenson','G06558.jpg','300 351 74 72','Cliente','OTIU_8','ESPAÑOL',9);
Insert into USUARIOS (ID,NOMBRE,APELLIDO,IMAGEN_URL,TELEFONO,TIPO_USUARIO,USUARIO,IDIOMA,CIUDAD_ID) values (106,'Donna','Hansen','R13015.jpg','307 548 76 31','Cliente','QHHO_4','INGLES',7);
Insert into USUARIOS (ID,NOMBRE,APELLIDO,IMAGEN_URL,TELEFONO,TIPO_USUARIO,USUARIO,IDIOMA,CIUDAD_ID) values (107,'Hedley','England','Z28506.jpg','393 124 37 10','Cliente','JPHW_7','INGLES',1);
Insert into USUARIOS (ID,NOMBRE,APELLIDO,IMAGEN_URL,TELEFONO,TIPO_USUARIO,USUARIO,IDIOMA,CIUDAD_ID) values (108,'Shea','Rivers','N63305.jpg','348 541 80 84','Cliente','XDOW_3','FRANCES',6);
Insert into USUARIOS (ID,NOMBRE,APELLIDO,IMAGEN_URL,TELEFONO,TIPO_USUARIO,USUARIO,IDIOMA,CIUDAD_ID) values (109,'Noah','Summers','M95062.jpg','337 901 54 94','Cliente','JNMA_9','INGLES',8);
Insert into USUARIOS (ID,NOMBRE,APELLIDO,IMAGEN_URL,TELEFONO,TIPO_USUARIO,USUARIO,IDIOMA,CIUDAD_ID) values (110,'Ria','Dalton','X91277.jpg','317 106 81 79','Cliente','LFND_6','ESPAÑOL',7);
Insert into USUARIOS (ID,NOMBRE,APELLIDO,IMAGEN_URL,TELEFONO,TIPO_USUARIO,USUARIO,IDIOMA,CIUDAD_ID) values (111,'Skyler','Guerra','G32428.jpg','322 507 21 65','Cliente','IIQM_8','ESPAÑOL',3);
Insert into USUARIOS (ID,NOMBRE,APELLIDO,IMAGEN_URL,TELEFONO,TIPO_USUARIO,USUARIO,IDIOMA,CIUDAD_ID) values (112,'Merritt','Morgan','F41659.jpg','322 885 37 38','Cliente','RPNS_8','ESPAÑOL',3);
Insert into USUARIOS (ID,NOMBRE,APELLIDO,IMAGEN_URL,TELEFONO,TIPO_USUARIO,USUARIO,IDIOMA,CIUDAD_ID) values (113,'Oliver','Curry','P31056.jpg','306 141 89 70','Cliente','ZTSE_0','ESPAÑOL',4);
Insert into USUARIOS (ID,NOMBRE,APELLIDO,IMAGEN_URL,TELEFONO,TIPO_USUARIO,USUARIO,IDIOMA,CIUDAD_ID) values (114,'Oleg','Guthrie','J23169.jpg','382 132 07 12','Cliente','XFZI_2','ESPAÑOL',10);
Insert into USUARIOS (ID,NOMBRE,APELLIDO,IMAGEN_URL,TELEFONO,TIPO_USUARIO,USUARIO,IDIOMA,CIUDAD_ID) values (115,'Amena','Hahn','S48929.jpg','313 211 45 02','Cliente','XCYB_3','INGLES',3);
Insert into USUARIOS (ID,NOMBRE,APELLIDO,IMAGEN_URL,TELEFONO,TIPO_USUARIO,USUARIO,IDIOMA,CIUDAD_ID) values (116,'Dora','Castro','Y72018.jpg','341 021 28 70','Cliente','STPN_3','INGLES',9);
Insert into USUARIOS (ID,NOMBRE,APELLIDO,IMAGEN_URL,TELEFONO,TIPO_USUARIO,USUARIO,IDIOMA,CIUDAD_ID) values (353,'Gemma','Santiago','K14363.jpg','388 367 51 80','Cliente','ONAG_7','ESPAÑOL',1);
Insert into USUARIOS (ID,NOMBRE,APELLIDO,IMAGEN_URL,TELEFONO,TIPO_USUARIO,USUARIO,IDIOMA,CIUDAD_ID) values (354,'Paul','Olsen','M35710.jpg','364 447 20 48','Cliente','PBNR_9','ESPAÑOL',6);
Insert into USUARIOS (ID,NOMBRE,APELLIDO,IMAGEN_URL,TELEFONO,TIPO_USUARIO,USUARIO,IDIOMA,CIUDAD_ID) values (355,'Eaton','Olson','T38202.jpg','360 031 26 94','Cliente','LLAI_7','INGLES',5);
Insert into USUARIOS (ID,NOMBRE,APELLIDO,IMAGEN_URL,TELEFONO,TIPO_USUARIO,USUARIO,IDIOMA,CIUDAD_ID) values (356,'Amy','Rivas','L09048.jpg','323 185 93 85','Cliente','RZNX_0','INGLES',3);
Insert into USUARIOS (ID,NOMBRE,APELLIDO,IMAGEN_URL,TELEFONO,TIPO_USUARIO,USUARIO,IDIOMA,CIUDAD_ID) values (357,'Lani','Ryan','U61157.jpg','316 747 32 78','Cliente','WVOP_3','ESPAÑOL',4);
Insert into USUARIOS (ID,NOMBRE,APELLIDO,IMAGEN_URL,TELEFONO,TIPO_USUARIO,USUARIO,IDIOMA,CIUDAD_ID) values (358,'Unity','Dickson','L15785.jpg','382 859 25 21','Cliente','MOBL_0','INGLES',8);
Insert into USUARIOS (ID,NOMBRE,APELLIDO,IMAGEN_URL,TELEFONO,TIPO_USUARIO,USUARIO,IDIOMA,CIUDAD_ID) values (359,'Hector','Shepard','B06451.jpg','337 466 45 76','Cliente','WEKD_8','FRANCES',3);
Insert into USUARIOS (ID,NOMBRE,APELLIDO,IMAGEN_URL,TELEFONO,TIPO_USUARIO,USUARIO,IDIOMA,CIUDAD_ID) values (360,'Galena','Hooper','S50624.jpg','346 658 26 47','Cliente','VNOA_0','INGLES',7);
Insert into USUARIOS (ID,NOMBRE,APELLIDO,IMAGEN_URL,TELEFONO,TIPO_USUARIO,USUARIO,IDIOMA,CIUDAD_ID) values (361,'Tasha','Goodman','N74437.jpg','348 719 39 79','Cliente','NXYH_9','INGLES',2);
Insert into USUARIOS (ID,NOMBRE,APELLIDO,IMAGEN_URL,TELEFONO,TIPO_USUARIO,USUARIO,IDIOMA,CIUDAD_ID) values (362,'Oprah','Clarke','C33292.jpg','347 844 66 65','Cliente','WIXS_8','FRANCES',8);
Insert into USUARIOS (ID,NOMBRE,APELLIDO,IMAGEN_URL,TELEFONO,TIPO_USUARIO,USUARIO,IDIOMA,CIUDAD_ID) values (363,'Nelle','Gray','J19393.jpg','302 959 73 41','Cliente','DVXQ_4','FRANCES',6);
Insert into USUARIOS (ID,NOMBRE,APELLIDO,IMAGEN_URL,TELEFONO,TIPO_USUARIO,USUARIO,IDIOMA,CIUDAD_ID) values (364,'Hunter','Nguyen','O67180.jpg','388 245 45 84','Cliente','OZJT_8','ESPAÑOL',4);
Insert into USUARIOS (ID,NOMBRE,APELLIDO,IMAGEN_URL,TELEFONO,TIPO_USUARIO,USUARIO,IDIOMA,CIUDAD_ID) values (365,'Cecilia','Foley','M05066.jpg','307 331 31 63','Cliente','ACJN_4','ESPAÑOL',10);
Insert into USUARIOS (ID,NOMBRE,APELLIDO,IMAGEN_URL,TELEFONO,TIPO_USUARIO,USUARIO,IDIOMA,CIUDAD_ID) values (366,'Amena','Sparks','Q94560.jpg','306 568 89 88','Cliente','RXWW_6','ESPAÑOL',4);
Insert into USUARIOS (ID,NOMBRE,APELLIDO,IMAGEN_URL,TELEFONO,TIPO_USUARIO,USUARIO,IDIOMA,CIUDAD_ID) values (367,'Blaine','Goodman','L99902.jpg','311 582 19 60','Cliente','YSZU_1','INGLES',2);
Insert into USUARIOS (ID,NOMBRE,APELLIDO,IMAGEN_URL,TELEFONO,TIPO_USUARIO,USUARIO,IDIOMA,CIUDAD_ID) values (368,'Suki','Hughes','K87127.jpg','310 093 68 06','Cliente','BRYZ_0','ESPAÑOL',7);
Insert into USUARIOS (ID,NOMBRE,APELLIDO,IMAGEN_URL,TELEFONO,TIPO_USUARIO,USUARIO,IDIOMA,CIUDAD_ID) values (369,'Morgan','Horn','D70832.jpg','399 008 29 27','Cliente','GEQC_2','FRANCES',8);
Insert into USUARIOS (ID,NOMBRE,APELLIDO,IMAGEN_URL,TELEFONO,TIPO_USUARIO,USUARIO,IDIOMA,CIUDAD_ID) values (370,'Ivor','Gonzalez','P84433.jpg','338 040 69 55','Cliente','WJLM_1','INGLES',9);
Insert into USUARIOS (ID,NOMBRE,APELLIDO,IMAGEN_URL,TELEFONO,TIPO_USUARIO,USUARIO,IDIOMA,CIUDAD_ID) values (371,'Melinda','Mann','U50839.jpg','368 958 91 34','Cliente','HIQO_4','INGLES',2);
Insert into USUARIOS (ID,NOMBRE,APELLIDO,IMAGEN_URL,TELEFONO,TIPO_USUARIO,USUARIO,IDIOMA,CIUDAD_ID) values (372,'Iona','Mathis','I12197.jpg','391 588 13 55','Cliente','XWIA_5','ESPAÑOL',6);
Insert into USUARIOS (ID,NOMBRE,APELLIDO,IMAGEN_URL,TELEFONO,TIPO_USUARIO,USUARIO,IDIOMA,CIUDAD_ID) values (373,'Mason','Roy','R98925.jpg','396 002 05 96','Cliente','VBRU_4','INGLES',8);
Insert into USUARIOS (ID,NOMBRE,APELLIDO,IMAGEN_URL,TELEFONO,TIPO_USUARIO,USUARIO,IDIOMA,CIUDAD_ID) values (374,'Matthew','Stout','O68990.jpg','325 065 43 87','Cliente','IJYM_7','INGLES',4);
Insert into USUARIOS (ID,NOMBRE,APELLIDO,IMAGEN_URL,TELEFONO,TIPO_USUARIO,USUARIO,IDIOMA,CIUDAD_ID) values (375,'Josiah','Blankenship','N36971.jpg','344 405 66 27','Cliente','YKKW_1','ESPAÑOL',7);
Insert into USUARIOS (ID,NOMBRE,APELLIDO,IMAGEN_URL,TELEFONO,TIPO_USUARIO,USUARIO,IDIOMA,CIUDAD_ID) values (376,'Hope','Duncan','T04522.jpg','377 011 53 68','Cliente','QNYX_5','ESPAÑOL',8);
Insert into USUARIOS (ID,NOMBRE,APELLIDO,IMAGEN_URL,TELEFONO,TIPO_USUARIO,USUARIO,IDIOMA,CIUDAD_ID) values (377,'Orla','Swanson','S31759.jpg','338 019 77 20','Cliente','ZAFU_7','FRANCES',6);
Insert into USUARIOS (ID,NOMBRE,APELLIDO,IMAGEN_URL,TELEFONO,TIPO_USUARIO,USUARIO,IDIOMA,CIUDAD_ID) values (378,'Liberty','Rutledge','P29198.jpg','356 904 02 27','Cliente','WCBK_8','FRANCES',3);
Insert into USUARIOS (ID,NOMBRE,APELLIDO,IMAGEN_URL,TELEFONO,TIPO_USUARIO,USUARIO,IDIOMA,CIUDAD_ID) values (379,'Zena','Hawkins','E55344.jpg','383 725 89 72','Cliente','NJVS_5','FRANCES',5);
Insert into USUARIOS (ID,NOMBRE,APELLIDO,IMAGEN_URL,TELEFONO,TIPO_USUARIO,USUARIO,IDIOMA,CIUDAD_ID) values (380,'Meredith','Briggs','W08204.jpg','383 919 12 64','Cliente','QWMN_8','INGLES',8);
Insert into USUARIOS (ID,NOMBRE,APELLIDO,IMAGEN_URL,TELEFONO,TIPO_USUARIO,USUARIO,IDIOMA,CIUDAD_ID) values (381,'Hakeem','Merrill','D51675.jpg','351 171 30 01','Cliente','EQFJ_0','FRANCES',1);
Insert into USUARIOS (ID,NOMBRE,APELLIDO,IMAGEN_URL,TELEFONO,TIPO_USUARIO,USUARIO,IDIOMA,CIUDAD_ID) values (382,'Hasad','Collier','J90844.jpg','381 175 53 30','Cliente','VMPS_1','INGLES',4);
Insert into USUARIOS (ID,NOMBRE,APELLIDO,IMAGEN_URL,TELEFONO,TIPO_USUARIO,USUARIO,IDIOMA,CIUDAD_ID) values (383,'Anika','Stein','G68326.jpg','357 239 60 98','Cliente','HCBN_8','ESPAÑOL',6);
Insert into USUARIOS (ID,NOMBRE,APELLIDO,IMAGEN_URL,TELEFONO,TIPO_USUARIO,USUARIO,IDIOMA,CIUDAD_ID) values (384,'Donna','Norman','W33895.jpg','377 278 70 40','Cliente','HGJK_1','ESPAÑOL',10);
Insert into USUARIOS (ID,NOMBRE,APELLIDO,IMAGEN_URL,TELEFONO,TIPO_USUARIO,USUARIO,IDIOMA,CIUDAD_ID) values (385,'Seth','Harding','G92970.jpg','328 107 06 35','Cliente','ZYKD_9','INGLES',10);
Insert into USUARIOS (ID,NOMBRE,APELLIDO,IMAGEN_URL,TELEFONO,TIPO_USUARIO,USUARIO,IDIOMA,CIUDAD_ID) values (386,'Kasimir','Phelps','Y95036.jpg','313 405 26 39','Cliente','VPVL_2','INGLES',7);
Insert into USUARIOS (ID,NOMBRE,APELLIDO,IMAGEN_URL,TELEFONO,TIPO_USUARIO,USUARIO,IDIOMA,CIUDAD_ID) values (387,'Doris','Day','L15399.jpg','319 668 74 89','Cliente','YCYU_0','FRANCES',9);
Insert into USUARIOS (ID,NOMBRE,APELLIDO,IMAGEN_URL,TELEFONO,TIPO_USUARIO,USUARIO,IDIOMA,CIUDAD_ID) values (388,'Rachel','Waller','A45530.jpg','357 619 06 32','Cliente','CNAV_9','INGLES',1);
Insert into USUARIOS (ID,NOMBRE,APELLIDO,IMAGEN_URL,TELEFONO,TIPO_USUARIO,USUARIO,IDIOMA,CIUDAD_ID) values (389,'Avram','Patton','G42601.jpg','330 034 72 35','Cliente','FGAQ_0','ESPAÑOL',6);
Insert into USUARIOS (ID,NOMBRE,APELLIDO,IMAGEN_URL,TELEFONO,TIPO_USUARIO,USUARIO,IDIOMA,CIUDAD_ID) values (390,'Shaine','Strickland','Y87278.jpg','393 739 97 30','Cliente','RWOJ_7','INGLES',6);
Insert into USUARIOS (ID,NOMBRE,APELLIDO,IMAGEN_URL,TELEFONO,TIPO_USUARIO,USUARIO,IDIOMA,CIUDAD_ID) values (391,'Byron','Morrison','Q40921.jpg','329 638 55 56','Cliente','VNOT_9','INGLES',8);
Insert into USUARIOS (ID,NOMBRE,APELLIDO,IMAGEN_URL,TELEFONO,TIPO_USUARIO,USUARIO,IDIOMA,CIUDAD_ID) values (392,'Tashya','Casey','F85767.jpg','398 856 34 85','Cliente','OXJC_8','ESPAÑOL',2);
Insert into USUARIOS (ID,NOMBRE,APELLIDO,IMAGEN_URL,TELEFONO,TIPO_USUARIO,USUARIO,IDIOMA,CIUDAD_ID) values (393,'Leo','Cleveland','B25875.jpg','323 303 85 92','Cliente','GICM_6','FRANCES',6);
Insert into USUARIOS (ID,NOMBRE,APELLIDO,IMAGEN_URL,TELEFONO,TIPO_USUARIO,USUARIO,IDIOMA,CIUDAD_ID) values (394,'Tatum','Tillman','Q76866.jpg','315 581 06 83','Cliente','VOXB_9','FRANCES',9);
Insert into USUARIOS (ID,NOMBRE,APELLIDO,IMAGEN_URL,TELEFONO,TIPO_USUARIO,USUARIO,IDIOMA,CIUDAD_ID) values (395,'Fritz','Mcdonald','Z68815.jpg','365 685 71 40','Cliente','GBJP_3','FRANCES',3);
Insert into USUARIOS (ID,NOMBRE,APELLIDO,IMAGEN_URL,TELEFONO,TIPO_USUARIO,USUARIO,IDIOMA,CIUDAD_ID) values (396,'Sydnee','Cruz','M75213.jpg','300 650 19 67','Cliente','RBMM_4','INGLES',4);
Insert into USUARIOS (ID,NOMBRE,APELLIDO,IMAGEN_URL,TELEFONO,TIPO_USUARIO,USUARIO,IDIOMA,CIUDAD_ID) values (397,'Ciaran','Mueller','C62289.jpg','302 019 61 99','Cliente','QTKX_8','FRANCES',3);
Insert into USUARIOS (ID,NOMBRE,APELLIDO,IMAGEN_URL,TELEFONO,TIPO_USUARIO,USUARIO,IDIOMA,CIUDAD_ID) values (398,'Brent','Rollins','E60773.jpg','343 972 35 30','Cliente','OHCC_1','FRANCES',3);
Insert into USUARIOS (ID,NOMBRE,APELLIDO,IMAGEN_URL,TELEFONO,TIPO_USUARIO,USUARIO,IDIOMA,CIUDAD_ID) values (399,'Simon','Holder','J43655.jpg','310 062 96 47','Cliente','ZXEI_3','FRANCES',6);
Insert into USUARIOS (ID,NOMBRE,APELLIDO,IMAGEN_URL,TELEFONO,TIPO_USUARIO,USUARIO,IDIOMA,CIUDAD_ID) values (400,'Honorato','Chavez','E40793.jpg','357 416 83 00','Cliente','GDUZ_4','ESPAÑOL',5);
Insert into USUARIOS (ID,NOMBRE,APELLIDO,IMAGEN_URL,TELEFONO,TIPO_USUARIO,USUARIO,IDIOMA,CIUDAD_ID) values (401,'Nero','Wolf','P05286.jpg','398 106 70 39','Cliente','QPKL_3','FRANCES',3);
Insert into USUARIOS (ID,NOMBRE,APELLIDO,IMAGEN_URL,TELEFONO,TIPO_USUARIO,USUARIO,IDIOMA,CIUDAD_ID) values (402,'Wylie','Walton','Z89024.jpg','388 453 27 31','Cliente','JPGT_6','FRANCES',1);
Insert into USUARIOS (ID,NOMBRE,APELLIDO,IMAGEN_URL,TELEFONO,TIPO_USUARIO,USUARIO,IDIOMA,CIUDAD_ID) values (403,'Karina','Bennett','Q08563.jpg','380 575 19 49','Cliente','JAIU_0','INGLES',8);
Insert into USUARIOS (ID,NOMBRE,APELLIDO,IMAGEN_URL,TELEFONO,TIPO_USUARIO,USUARIO,IDIOMA,CIUDAD_ID) values (404,'Rafael','Stark','N39846.jpg','395 806 94 72','Cliente','GOSI_6','INGLES',7);
Insert into USUARIOS (ID,NOMBRE,APELLIDO,IMAGEN_URL,TELEFONO,TIPO_USUARIO,USUARIO,IDIOMA,CIUDAD_ID) values (405,'Jermaine','Gilbert','A26372.jpg','309 051 32 79','Cliente','XSUN_8','INGLES',10);
Insert into USUARIOS (ID,NOMBRE,APELLIDO,IMAGEN_URL,TELEFONO,TIPO_USUARIO,USUARIO,IDIOMA,CIUDAD_ID) values (406,'Rosalyn','Johns','P45763.jpg','380 345 41 67','Cliente','JXUE_1','ESPAÑOL',4);
Insert into USUARIOS (ID,NOMBRE,APELLIDO,IMAGEN_URL,TELEFONO,TIPO_USUARIO,USUARIO,IDIOMA,CIUDAD_ID) values (407,'Courtney','Bryan','O73243.jpg','312 092 19 35','Cliente','WMQC_7','ESPAÑOL',5);
Insert into USUARIOS (ID,NOMBRE,APELLIDO,IMAGEN_URL,TELEFONO,TIPO_USUARIO,USUARIO,IDIOMA,CIUDAD_ID) values (408,'Jeanette','Molina','L60167.jpg','309 783 53 21','Cliente','YNHA_6','ESPAÑOL',7);
Insert into USUARIOS (ID,NOMBRE,APELLIDO,IMAGEN_URL,TELEFONO,TIPO_USUARIO,USUARIO,IDIOMA,CIUDAD_ID) values (409,'Noel','Meyer','L49268.jpg','379 083 26 28','Cliente','BYEZ_1','ESPAÑOL',3);
Insert into USUARIOS (ID,NOMBRE,APELLIDO,IMAGEN_URL,TELEFONO,TIPO_USUARIO,USUARIO,IDIOMA,CIUDAD_ID) values (410,'Xandra','Ratliff','S12223.jpg','375 920 85 21','Cliente','WICX_4','FRANCES',3);
Insert into USUARIOS (ID,NOMBRE,APELLIDO,IMAGEN_URL,TELEFONO,TIPO_USUARIO,USUARIO,IDIOMA,CIUDAD_ID) values (411,'Sara','Shaffer','C16185.jpg','330 776 00 33','Cliente','MOLH_0','FRANCES',6);
Insert into USUARIOS (ID,NOMBRE,APELLIDO,IMAGEN_URL,TELEFONO,TIPO_USUARIO,USUARIO,IDIOMA,CIUDAD_ID) values (412,'Derek','Maldonado','F52886.jpg','359 239 59 44','Cliente','BQYO_7','ESPAÑOL',3);
Insert into USUARIOS (ID,NOMBRE,APELLIDO,IMAGEN_URL,TELEFONO,TIPO_USUARIO,USUARIO,IDIOMA,CIUDAD_ID) values (413,'Galvin','Bryan','R74668.jpg','358 944 19 00','Cliente','PDZZ_7','INGLES',10);
Insert into USUARIOS (ID,NOMBRE,APELLIDO,IMAGEN_URL,TELEFONO,TIPO_USUARIO,USUARIO,IDIOMA,CIUDAD_ID) values (414,'Linus','Benton','J06621.jpg','335 058 32 27','Cliente','FDPW_2','FRANCES',7);
Insert into USUARIOS (ID,NOMBRE,APELLIDO,IMAGEN_URL,TELEFONO,TIPO_USUARIO,USUARIO,IDIOMA,CIUDAD_ID) values (415,'Orlando','Cobb','Y99073.jpg','355 944 10 84','Cliente','DIMN_9','FRANCES',6);
Insert into USUARIOS (ID,NOMBRE,APELLIDO,IMAGEN_URL,TELEFONO,TIPO_USUARIO,USUARIO,IDIOMA,CIUDAD_ID) values (416,'Iris','Harrell','V33253.jpg','350 772 41 97','Cliente','OBWV_0','FRANCES',7);
Insert into USUARIOS (ID,NOMBRE,APELLIDO,IMAGEN_URL,TELEFONO,TIPO_USUARIO,USUARIO,IDIOMA,CIUDAD_ID) values (417,'Chelsea','Ortiz','O15909.jpg','359 640 45 14','Cliente','UNFG_6','INGLES',10);
Insert into USUARIOS (ID,NOMBRE,APELLIDO,IMAGEN_URL,TELEFONO,TIPO_USUARIO,USUARIO,IDIOMA,CIUDAD_ID) values (418,'Helen','Chambers','K10411.jpg','370 722 22 13','Cliente','HXRN_3','INGLES',10);
Insert into USUARIOS (ID,NOMBRE,APELLIDO,IMAGEN_URL,TELEFONO,TIPO_USUARIO,USUARIO,IDIOMA,CIUDAD_ID) values (419,'Reuben','Barnett','M02252.jpg','300 750 63 81','Cliente','JOEN_4','ESPAÑOL',5);
Insert into USUARIOS (ID,NOMBRE,APELLIDO,IMAGEN_URL,TELEFONO,TIPO_USUARIO,USUARIO,IDIOMA,CIUDAD_ID) values (420,'Britanney','Becker','Y84259.jpg','355 471 40 09','Cliente','KZWB_8','FRANCES',5);
Insert into USUARIOS (ID,NOMBRE,APELLIDO,IMAGEN_URL,TELEFONO,TIPO_USUARIO,USUARIO,IDIOMA,CIUDAD_ID) values (421,'Timothy','Rios','K15450.jpg','388 155 98 04','Cliente','DXKN_9','ESPAÑOL',1);
Insert into USUARIOS (ID,NOMBRE,APELLIDO,IMAGEN_URL,TELEFONO,TIPO_USUARIO,USUARIO,IDIOMA,CIUDAD_ID) values (422,'Noelani','Gordon','A70515.jpg','354 952 18 71','Cliente','ABPS_4','INGLES',6);
Insert into USUARIOS (ID,NOMBRE,APELLIDO,IMAGEN_URL,TELEFONO,TIPO_USUARIO,USUARIO,IDIOMA,CIUDAD_ID) values (423,'Phoebe','Hatfield','X08289.jpg','331 271 11 42','Cliente','CNHB_1','INGLES',10);
Insert into USUARIOS (ID,NOMBRE,APELLIDO,IMAGEN_URL,TELEFONO,TIPO_USUARIO,USUARIO,IDIOMA,CIUDAD_ID) values (424,'Tanner','Price','E45824.jpg','373 040 22 49','Cliente','GMWV_2','ESPAÑOL',1);
Insert into USUARIOS (ID,NOMBRE,APELLIDO,IMAGEN_URL,TELEFONO,TIPO_USUARIO,USUARIO,IDIOMA,CIUDAD_ID) values (425,'Craig','Long','A96658.jpg','358 804 83 72','Cliente','LCAG_9','INGLES',8);
Insert into USUARIOS (ID,NOMBRE,APELLIDO,IMAGEN_URL,TELEFONO,TIPO_USUARIO,USUARIO,IDIOMA,CIUDAD_ID) values (426,'Veronica','Schwartz','J32423.jpg','361 732 86 73','Cliente','YFQM_6','ESPAÑOL',1);
Insert into USUARIOS (ID,NOMBRE,APELLIDO,IMAGEN_URL,TELEFONO,TIPO_USUARIO,USUARIO,IDIOMA,CIUDAD_ID) values (427,'Solomon','Walton','V74242.jpg','337 832 12 77','Cliente','AQFR_1','INGLES',10);
Insert into USUARIOS (ID,NOMBRE,APELLIDO,IMAGEN_URL,TELEFONO,TIPO_USUARIO,USUARIO,IDIOMA,CIUDAD_ID) values (428,'Aubrey','Dejesus','E01066.jpg','363 894 35 23','Cliente','OIEP_2','FRANCES',2);
Insert into USUARIOS (ID,NOMBRE,APELLIDO,IMAGEN_URL,TELEFONO,TIPO_USUARIO,USUARIO,IDIOMA,CIUDAD_ID) values (429,'May','Kirkland','B26406.jpg','355 754 36 27','Cliente','CJCS_2','ESPAÑOL',8);
Insert into USUARIOS (ID,NOMBRE,APELLIDO,IMAGEN_URL,TELEFONO,TIPO_USUARIO,USUARIO,IDIOMA,CIUDAD_ID) values (430,'Scott','Gross','R17361.jpg','395 062 18 27','Cliente','GQJJ_4','FRANCES',1);
Insert into USUARIOS (ID,NOMBRE,APELLIDO,IMAGEN_URL,TELEFONO,TIPO_USUARIO,USUARIO,IDIOMA,CIUDAD_ID) values (431,'Harlan','Byrd','E99358.jpg','308 997 01 56','Cliente','NNTC_9','INGLES',2);
Insert into USUARIOS (ID,NOMBRE,APELLIDO,IMAGEN_URL,TELEFONO,TIPO_USUARIO,USUARIO,IDIOMA,CIUDAD_ID) values (432,'Mia','Mann','Z89351.jpg','346 850 91 12','Cliente','ZOBB_5','FRANCES',6);
Insert into USUARIOS (ID,NOMBRE,APELLIDO,IMAGEN_URL,TELEFONO,TIPO_USUARIO,USUARIO,IDIOMA,CIUDAD_ID) values (433,'Alea','Adams','W63166.jpg','307 471 36 25','Cliente','LTMV_9','ESPAÑOL',9);
Insert into USUARIOS (ID,NOMBRE,APELLIDO,IMAGEN_URL,TELEFONO,TIPO_USUARIO,USUARIO,IDIOMA,CIUDAD_ID) values (434,'Roth','Davis','Z66378.jpg','361 794 67 95','Cliente','JYFJ_6','INGLES',9);
Insert into USUARIOS (ID,NOMBRE,APELLIDO,IMAGEN_URL,TELEFONO,TIPO_USUARIO,USUARIO,IDIOMA,CIUDAD_ID) values (435,'Gage','Barr','S62834.jpg','377 151 70 59','Cliente','SMOC_3','FRANCES',6);
Insert into USUARIOS (ID,NOMBRE,APELLIDO,IMAGEN_URL,TELEFONO,TIPO_USUARIO,USUARIO,IDIOMA,CIUDAD_ID) values (436,'Paki','Rasmussen','T64255.jpg','352 060 10 41','Cliente','HFRM_4','ESPAÑOL',7);
Insert into USUARIOS (ID,NOMBRE,APELLIDO,IMAGEN_URL,TELEFONO,TIPO_USUARIO,USUARIO,IDIOMA,CIUDAD_ID) values (437,'Summer','Harrison','S97809.jpg','324 041 47 70','Cliente','MTCZ_0','FRANCES',6);
Insert into USUARIOS (ID,NOMBRE,APELLIDO,IMAGEN_URL,TELEFONO,TIPO_USUARIO,USUARIO,IDIOMA,CIUDAD_ID) values (438,'Jonah','Clark','X56019.jpg','354 390 65 40','Cliente','FJMS_8','INGLES',7);
Insert into USUARIOS (ID,NOMBRE,APELLIDO,IMAGEN_URL,TELEFONO,TIPO_USUARIO,USUARIO,IDIOMA,CIUDAD_ID) values (439,'Daryl','Berger','P67300.jpg','370 373 05 50','Cliente','KCOD_5','FRANCES',10);
Insert into USUARIOS (ID,NOMBRE,APELLIDO,IMAGEN_URL,TELEFONO,TIPO_USUARIO,USUARIO,IDIOMA,CIUDAD_ID) values (440,'David','Murphy','H05150.jpg','335 793 67 63','Cliente','AQTI_0','INGLES',9);
Insert into USUARIOS (ID,NOMBRE,APELLIDO,IMAGEN_URL,TELEFONO,TIPO_USUARIO,USUARIO,IDIOMA,CIUDAD_ID) values (441,'Blaze','Lamb','V27233.jpg','345 967 39 82','Cliente','KLXZ_1','INGLES',6);
Insert into USUARIOS (ID,NOMBRE,APELLIDO,IMAGEN_URL,TELEFONO,TIPO_USUARIO,USUARIO,IDIOMA,CIUDAD_ID) values (442,'Melanie','Burt','B85256.jpg','391 226 02 57','Cliente','GEFS_3','INGLES',6);
Insert into USUARIOS (ID,NOMBRE,APELLIDO,IMAGEN_URL,TELEFONO,TIPO_USUARIO,USUARIO,IDIOMA,CIUDAD_ID) values (443,'Benjamin','Koch','O35158.jpg','374 901 25 52','Cliente','UJUH_7','ESPAÑOL',1);
Insert into USUARIOS (ID,NOMBRE,APELLIDO,IMAGEN_URL,TELEFONO,TIPO_USUARIO,USUARIO,IDIOMA,CIUDAD_ID) values (444,'Robert','Stone','K34264.jpg','303 543 52 12','Cliente','OOTG_6','INGLES',3);
Insert into USUARIOS (ID,NOMBRE,APELLIDO,IMAGEN_URL,TELEFONO,TIPO_USUARIO,USUARIO,IDIOMA,CIUDAD_ID) values (445,'Quemby','Noel','L86637.jpg','353 079 59 87','Cliente','ZFSU_9','FRANCES',7);
Insert into USUARIOS (ID,NOMBRE,APELLIDO,IMAGEN_URL,TELEFONO,TIPO_USUARIO,USUARIO,IDIOMA,CIUDAD_ID) values (446,'Erasmus','Hurley','V12980.jpg','348 149 40 42','Cliente','EYAM_3','FRANCES',5);
Insert into USUARIOS (ID,NOMBRE,APELLIDO,IMAGEN_URL,TELEFONO,TIPO_USUARIO,USUARIO,IDIOMA,CIUDAD_ID) values (447,'Axel','Day','I32963.jpg','316 042 85 08','Cliente','GPZB_6','ESPAÑOL',8);
Insert into USUARIOS (ID,NOMBRE,APELLIDO,IMAGEN_URL,TELEFONO,TIPO_USUARIO,USUARIO,IDIOMA,CIUDAD_ID) values (448,'Palmer','Gregory','W82899.jpg','348 881 69 82','Cliente','MSXL_6','INGLES',6);
Insert into USUARIOS (ID,NOMBRE,APELLIDO,IMAGEN_URL,TELEFONO,TIPO_USUARIO,USUARIO,IDIOMA,CIUDAD_ID) values (449,'Finn','Willis','O72570.jpg','340 555 11 78','Cliente','NRZN_1','FRANCES',1);
Insert into USUARIOS (ID,NOMBRE,APELLIDO,IMAGEN_URL,TELEFONO,TIPO_USUARIO,USUARIO,IDIOMA,CIUDAD_ID) values (450,'Zahir','Fulton','J28272.jpg','319 423 19 61','Cliente','GLJM_3','INGLES',10);
Insert into USUARIOS (ID,NOMBRE,APELLIDO,IMAGEN_URL,TELEFONO,TIPO_USUARIO,USUARIO,IDIOMA,CIUDAD_ID) values (451,'Savannah','Hancock','E13538.jpg','367 524 08 40','Cliente','AGOZ_1','ESPAÑOL',10);
Insert into USUARIOS (ID,NOMBRE,APELLIDO,IMAGEN_URL,TELEFONO,TIPO_USUARIO,USUARIO,IDIOMA,CIUDAD_ID) values (452,'Reece','Reilly','K47790.jpg','301 875 99 86','Cliente','CZYN_6','FRANCES',4);
Insert into USUARIOS (ID,NOMBRE,APELLIDO,IMAGEN_URL,TELEFONO,TIPO_USUARIO,USUARIO,IDIOMA,CIUDAD_ID) values (453,'Neville','Talley','A70257.jpg','385 219 45 18','Cliente','FOOZ_3','INGLES',9);
Insert into USUARIOS (ID,NOMBRE,APELLIDO,IMAGEN_URL,TELEFONO,TIPO_USUARIO,USUARIO,IDIOMA,CIUDAD_ID) values (454,'Demetrius','French','A67438.jpg','394 652 76 00','Cliente','TTHA_6','INGLES',8);
Insert into USUARIOS (ID,NOMBRE,APELLIDO,IMAGEN_URL,TELEFONO,TIPO_USUARIO,USUARIO,IDIOMA,CIUDAD_ID) values (455,'Nita','Sellers','T39261.jpg','313 526 00 56','Cliente','NMVP_3','FRANCES',7);
Insert into USUARIOS (ID,NOMBRE,APELLIDO,IMAGEN_URL,TELEFONO,TIPO_USUARIO,USUARIO,IDIOMA,CIUDAD_ID) values (456,'Callum','Hayden','Y26834.jpg','342 559 62 66','Cliente','LHCD_1','INGLES',1);
Insert into USUARIOS (ID,NOMBRE,APELLIDO,IMAGEN_URL,TELEFONO,TIPO_USUARIO,USUARIO,IDIOMA,CIUDAD_ID) values (457,'Aspen','Allison','R75577.jpg','398 047 05 17','Cliente','EHHW_6','INGLES',7);
Insert into USUARIOS (ID,NOMBRE,APELLIDO,IMAGEN_URL,TELEFONO,TIPO_USUARIO,USUARIO,IDIOMA,CIUDAD_ID) values (458,'Flynn','Harding','S32170.jpg','337 740 00 29','Cliente','IGVA_7','INGLES',6);
Insert into USUARIOS (ID,NOMBRE,APELLIDO,IMAGEN_URL,TELEFONO,TIPO_USUARIO,USUARIO,IDIOMA,CIUDAD_ID) values (459,'Blossom','Irwin','X19456.jpg','331 606 28 69','Cliente','NMVU_3','INGLES',1);
Insert into USUARIOS (ID,NOMBRE,APELLIDO,IMAGEN_URL,TELEFONO,TIPO_USUARIO,USUARIO,IDIOMA,CIUDAD_ID) values (460,'Amber','Rocha','Y84207.jpg','318 353 01 40','Cliente','WOFF_1','FRANCES',10);
Insert into USUARIOS (ID,NOMBRE,APELLIDO,IMAGEN_URL,TELEFONO,TIPO_USUARIO,USUARIO,IDIOMA,CIUDAD_ID) values (461,'Fatima','Sims','Y17023.jpg','375 472 63 18','Cliente','TZOO_7','FRANCES',9);
Insert into USUARIOS (ID,NOMBRE,APELLIDO,IMAGEN_URL,TELEFONO,TIPO_USUARIO,USUARIO,IDIOMA,CIUDAD_ID) values (462,'Whilemina','Reilly','E21602.jpg','362 326 26 96','Cliente','QKSI_4','ESPAÑOL',10);
Insert into USUARIOS (ID,NOMBRE,APELLIDO,IMAGEN_URL,TELEFONO,TIPO_USUARIO,USUARIO,IDIOMA,CIUDAD_ID) values (463,'Irma','Barron','Q58480.jpg','380 215 74 56','Cliente','CKRK_0','FRANCES',3);
Insert into USUARIOS (ID,NOMBRE,APELLIDO,IMAGEN_URL,TELEFONO,TIPO_USUARIO,USUARIO,IDIOMA,CIUDAD_ID) values (464,'Wesley','Blevins','Y78579.jpg','319 608 86 51','Cliente','PKDQ_5','INGLES',10);
Insert into USUARIOS (ID,NOMBRE,APELLIDO,IMAGEN_URL,TELEFONO,TIPO_USUARIO,USUARIO,IDIOMA,CIUDAD_ID) values (465,'Pandora','Lamb','X52694.jpg','333 273 56 33','Cliente','RLFL_2','INGLES',10);
Insert into USUARIOS (ID,NOMBRE,APELLIDO,IMAGEN_URL,TELEFONO,TIPO_USUARIO,USUARIO,IDIOMA,CIUDAD_ID) values (466,'Honorato','Saunders','T81734.jpg','335 838 79 30','Cliente','QDMW_1','INGLES',3);
Insert into USUARIOS (ID,NOMBRE,APELLIDO,IMAGEN_URL,TELEFONO,TIPO_USUARIO,USUARIO,IDIOMA,CIUDAD_ID) values (467,'Kerry','Stanley','U71586.jpg','311 413 33 91','Cliente','MEUE_1','FRANCES',4);
Insert into USUARIOS (ID,NOMBRE,APELLIDO,IMAGEN_URL,TELEFONO,TIPO_USUARIO,USUARIO,IDIOMA,CIUDAD_ID) values (468,'Nina','Norman','F77433.jpg','384 716 21 09','Cliente','HYXO_8','FRANCES',3);
Insert into USUARIOS (ID,NOMBRE,APELLIDO,IMAGEN_URL,TELEFONO,TIPO_USUARIO,USUARIO,IDIOMA,CIUDAD_ID) values (469,'Neve','Snyder','B01451.jpg','331 325 65 53','Cliente','NERW_1','FRANCES',5);
Insert into USUARIOS (ID,NOMBRE,APELLIDO,IMAGEN_URL,TELEFONO,TIPO_USUARIO,USUARIO,IDIOMA,CIUDAD_ID) values (470,'Declan','Rice','M48282.jpg','315 480 09 09','Cliente','PCSJ_4','ESPAÑOL',4);
Insert into USUARIOS (ID,NOMBRE,APELLIDO,IMAGEN_URL,TELEFONO,TIPO_USUARIO,USUARIO,IDIOMA,CIUDAD_ID) values (471,'Isabella','Weaver','T52795.jpg','383 886 32 21','Cliente','KSDD_6','INGLES',8);
Insert into USUARIOS (ID,NOMBRE,APELLIDO,IMAGEN_URL,TELEFONO,TIPO_USUARIO,USUARIO,IDIOMA,CIUDAD_ID) values (472,'Melvin','Foreman','G76462.jpg','359 819 49 85','Cliente','TJPJ_8','INGLES',2);
Insert into USUARIOS (ID,NOMBRE,APELLIDO,IMAGEN_URL,TELEFONO,TIPO_USUARIO,USUARIO,IDIOMA,CIUDAD_ID) values (473,'Gregory','Vincent','U46943.jpg','383 071 53 82','Cliente','CSRY_6','ESPAÑOL',4);
Insert into USUARIOS (ID,NOMBRE,APELLIDO,IMAGEN_URL,TELEFONO,TIPO_USUARIO,USUARIO,IDIOMA,CIUDAD_ID) values (474,'Connor','Taylor','A77050.jpg','362 642 30 61','Cliente','NJBL_4','INGLES',5);
Insert into USUARIOS (ID,NOMBRE,APELLIDO,IMAGEN_URL,TELEFONO,TIPO_USUARIO,USUARIO,IDIOMA,CIUDAD_ID) values (475,'Ethan','Townsend','H05070.jpg','371 288 43 66','Cliente','VJPS_2','FRANCES',10);
Insert into USUARIOS (ID,NOMBRE,APELLIDO,IMAGEN_URL,TELEFONO,TIPO_USUARIO,USUARIO,IDIOMA,CIUDAD_ID) values (476,'Wilma','Bartlett','I98580.jpg','313 571 34 48','Cliente','ADKE_2','FRANCES',3);
Insert into USUARIOS (ID,NOMBRE,APELLIDO,IMAGEN_URL,TELEFONO,TIPO_USUARIO,USUARIO,IDIOMA,CIUDAD_ID) values (477,'Paloma','Gillespie','F41213.jpg','355 310 09 72','Cliente','YPAQ_6','FRANCES',4);
Insert into USUARIOS (ID,NOMBRE,APELLIDO,IMAGEN_URL,TELEFONO,TIPO_USUARIO,USUARIO,IDIOMA,CIUDAD_ID) values (478,'Lana','Harper','O91216.jpg','311 785 32 76','Cliente','PIPS_3','FRANCES',8);
Insert into USUARIOS (ID,NOMBRE,APELLIDO,IMAGEN_URL,TELEFONO,TIPO_USUARIO,USUARIO,IDIOMA,CIUDAD_ID) values (479,'Charlotte','Pugh','N92640.jpg','396 709 11 36','Cliente','DXUO_7','FRANCES',5);
Insert into USUARIOS (ID,NOMBRE,APELLIDO,IMAGEN_URL,TELEFONO,TIPO_USUARIO,USUARIO,IDIOMA,CIUDAD_ID) values (480,'Raven','Benjamin','I57166.jpg','334 864 26 53','Cliente','OIFN_7','INGLES',5);
Insert into USUARIOS (ID,NOMBRE,APELLIDO,IMAGEN_URL,TELEFONO,TIPO_USUARIO,USUARIO,IDIOMA,CIUDAD_ID) values (481,'Justina','Mills','K93143.jpg','353 555 81 28','Cliente','LAEA_7','INGLES',1);
Insert into USUARIOS (ID,NOMBRE,APELLIDO,IMAGEN_URL,TELEFONO,TIPO_USUARIO,USUARIO,IDIOMA,CIUDAD_ID) values (482,'David','Haley','E86244.jpg','341 030 29 18','Cliente','LVBK_3','ESPAÑOL',3);
Insert into USUARIOS (ID,NOMBRE,APELLIDO,IMAGEN_URL,TELEFONO,TIPO_USUARIO,USUARIO,IDIOMA,CIUDAD_ID) values (483,'Arsenio','Colon','T28454.jpg','370 103 67 45','Cliente','EFBK_6','INGLES',10);
Insert into USUARIOS (ID,NOMBRE,APELLIDO,IMAGEN_URL,TELEFONO,TIPO_USUARIO,USUARIO,IDIOMA,CIUDAD_ID) values (484,'Meghan','Solis','G15767.jpg','349 114 10 57','Cliente','HMZE_5','INGLES',7);
Insert into USUARIOS (ID,NOMBRE,APELLIDO,IMAGEN_URL,TELEFONO,TIPO_USUARIO,USUARIO,IDIOMA,CIUDAD_ID) values (485,'Barry','Garza','J53827.jpg','364 307 17 70','Cliente','CUVK_3','INGLES',1);
Insert into USUARIOS (ID,NOMBRE,APELLIDO,IMAGEN_URL,TELEFONO,TIPO_USUARIO,USUARIO,IDIOMA,CIUDAD_ID) values (486,'Yoshio','Paul','Q09892.jpg','374 286 95 64','Cliente','WIPR_6','INGLES',8);
Insert into USUARIOS (ID,NOMBRE,APELLIDO,IMAGEN_URL,TELEFONO,TIPO_USUARIO,USUARIO,IDIOMA,CIUDAD_ID) values (487,'Slade','Leon','I49968.jpg','340 238 62 66','Cliente','BVEJ_0','ESPAÑOL',6);
Insert into USUARIOS (ID,NOMBRE,APELLIDO,IMAGEN_URL,TELEFONO,TIPO_USUARIO,USUARIO,IDIOMA,CIUDAD_ID) values (488,'Steel','Sharpe','H71944.jpg','377 275 66 40','Cliente','KITU_0','FRANCES',1);
Insert into USUARIOS (ID,NOMBRE,APELLIDO,IMAGEN_URL,TELEFONO,TIPO_USUARIO,USUARIO,IDIOMA,CIUDAD_ID) values (489,'Akeem','Green','K58368.jpg','373 811 85 86','Cliente','MYUW_7','ESPAÑOL',7);
Insert into USUARIOS (ID,NOMBRE,APELLIDO,IMAGEN_URL,TELEFONO,TIPO_USUARIO,USUARIO,IDIOMA,CIUDAD_ID) values (490,'Risa','Nichols','C21915.jpg','318 357 13 79','Cliente','FVVZ_4','ESPAÑOL',1);
Insert into USUARIOS (ID,NOMBRE,APELLIDO,IMAGEN_URL,TELEFONO,TIPO_USUARIO,USUARIO,IDIOMA,CIUDAD_ID) values (491,'Zoe','Marquez','U94642.jpg','392 882 23 58','Cliente','CKCB_8','ESPAÑOL',9);
Insert into USUARIOS (ID,NOMBRE,APELLIDO,IMAGEN_URL,TELEFONO,TIPO_USUARIO,USUARIO,IDIOMA,CIUDAD_ID) values (492,'Abdul','Dawson','X05942.jpg','342 333 25 37','Cliente','PACO_5','FRANCES',9);
Insert into USUARIOS (ID,NOMBRE,APELLIDO,IMAGEN_URL,TELEFONO,TIPO_USUARIO,USUARIO,IDIOMA,CIUDAD_ID) values (493,'Uriah','Henderson','V65122.jpg','365 646 29 22','Cliente','GZLC_4','INGLES',2);
Insert into USUARIOS (ID,NOMBRE,APELLIDO,IMAGEN_URL,TELEFONO,TIPO_USUARIO,USUARIO,IDIOMA,CIUDAD_ID) values (494,'Charissa','Howell','V97720.jpg','324 440 74 74','Cliente','UQWF_4','ESPAÑOL',2);
Insert into USUARIOS (ID,NOMBRE,APELLIDO,IMAGEN_URL,TELEFONO,TIPO_USUARIO,USUARIO,IDIOMA,CIUDAD_ID) values (495,'Tatyana','Berry','S68389.jpg','372 567 51 23','Cliente','OATY_9','ESPAÑOL',8);
Insert into USUARIOS (ID,NOMBRE,APELLIDO,IMAGEN_URL,TELEFONO,TIPO_USUARIO,USUARIO,IDIOMA,CIUDAD_ID) values (496,'Casey','Bond','E05035.jpg','308 911 31 45','Cliente','WLAS_6','ESPAÑOL',4);
Insert into USUARIOS (ID,NOMBRE,APELLIDO,IMAGEN_URL,TELEFONO,TIPO_USUARIO,USUARIO,IDIOMA,CIUDAD_ID) values (497,'Jermaine','Gordon','Z64174.jpg','362 844 04 72','Cliente','WEVO_7','ESPAÑOL',5);
Insert into USUARIOS (ID,NOMBRE,APELLIDO,IMAGEN_URL,TELEFONO,TIPO_USUARIO,USUARIO,IDIOMA,CIUDAD_ID) values (498,'Marcia','Frost','T68928.jpg','384 899 48 60','Cliente','YJUZ_5','ESPAÑOL',10);
Insert into USUARIOS (ID,NOMBRE,APELLIDO,IMAGEN_URL,TELEFONO,TIPO_USUARIO,USUARIO,IDIOMA,CIUDAD_ID) values (499,'Tatyana','Macdonald','N45680.jpg','397 126 57 90','Cliente','EKOG_6','ESPAÑOL',5);
Insert into USUARIOS (ID,NOMBRE,APELLIDO,IMAGEN_URL,TELEFONO,TIPO_USUARIO,USUARIO,IDIOMA,CIUDAD_ID) values (500,'Valentine','Faulkner','G49728.jpg','390 852 05 46','Cliente','RWEP_5','INGLES',8);
Insert into USUARIOS (ID,NOMBRE,APELLIDO,IMAGEN_URL,TELEFONO,TIPO_USUARIO,USUARIO,IDIOMA,CIUDAD_ID) values (501,'Lucius','Pena','F12252.jpg','360 941 74 74','Cliente','VCFS_4','INGLES',1);
Insert into USUARIOS (ID,NOMBRE,APELLIDO,IMAGEN_URL,TELEFONO,TIPO_USUARIO,USUARIO,IDIOMA,CIUDAD_ID) values (502,'Kai','Russo','L74028.jpg','341 792 70 72','Cliente','OVQZ_0','INGLES',7);
Insert into USUARIOS (ID,NOMBRE,APELLIDO,IMAGEN_URL,TELEFONO,TIPO_USUARIO,USUARIO,IDIOMA,CIUDAD_ID) values (503,'Mallory','Wiggins','E39727.jpg','390 745 93 12','Cliente','GJAJ_5','ESPAÑOL',2);
Insert into USUARIOS (ID,NOMBRE,APELLIDO,IMAGEN_URL,TELEFONO,TIPO_USUARIO,USUARIO,IDIOMA,CIUDAD_ID) values (504,'Astra','Jefferson','C40247.jpg','392 595 23 96','Cliente','XYZZ_8','FRANCES',7);
Insert into USUARIOS (ID,NOMBRE,APELLIDO,IMAGEN_URL,TELEFONO,TIPO_USUARIO,USUARIO,IDIOMA,CIUDAD_ID) values (505,'Kasper','Hansen','T74236.jpg','327 665 66 26','Cliente','BOEI_5','ESPAÑOL',6);
Insert into USUARIOS (ID,NOMBRE,APELLIDO,IMAGEN_URL,TELEFONO,TIPO_USUARIO,USUARIO,IDIOMA,CIUDAD_ID) values (506,'Charlotte','Butler','K56207.jpg','390 439 86 11','Cliente','KNLD_5','FRANCES',5);
Insert into USUARIOS (ID,NOMBRE,APELLIDO,IMAGEN_URL,TELEFONO,TIPO_USUARIO,USUARIO,IDIOMA,CIUDAD_ID) values (507,'Ira','Cunningham','I52921.jpg','397 764 65 16','Cliente','DEYJ_0','ESPAÑOL',1);
Insert into USUARIOS (ID,NOMBRE,APELLIDO,IMAGEN_URL,TELEFONO,TIPO_USUARIO,USUARIO,IDIOMA,CIUDAD_ID) values (508,'Rachel','Atkinson','G99101.jpg','300 826 50 56','Cliente','JTBU_5','ESPAÑOL',8);
Insert into USUARIOS (ID,NOMBRE,APELLIDO,IMAGEN_URL,TELEFONO,TIPO_USUARIO,USUARIO,IDIOMA,CIUDAD_ID) values (509,'Chandler','Morrison','E08610.jpg','323 820 56 59','Cliente','TFWT_7','INGLES',9);
Insert into USUARIOS (ID,NOMBRE,APELLIDO,IMAGEN_URL,TELEFONO,TIPO_USUARIO,USUARIO,IDIOMA,CIUDAD_ID) values (510,'Caesar','Irwin','M44770.jpg','357 359 78 37','Cliente','IENH_5','INGLES',5);
Insert into USUARIOS (ID,NOMBRE,APELLIDO,IMAGEN_URL,TELEFONO,TIPO_USUARIO,USUARIO,IDIOMA,CIUDAD_ID) values (511,'Guinevere','Warren','O51687.jpg','321 930 04 91','Cliente','OCKQ_9','INGLES',4);
Insert into USUARIOS (ID,NOMBRE,APELLIDO,IMAGEN_URL,TELEFONO,TIPO_USUARIO,USUARIO,IDIOMA,CIUDAD_ID) values (512,'Molly','Beasley','U50697.jpg','353 406 05 46','Cliente','TJNL_9','FRANCES',9);
Insert into USUARIOS (ID,NOMBRE,APELLIDO,IMAGEN_URL,TELEFONO,TIPO_USUARIO,USUARIO,IDIOMA,CIUDAD_ID) values (513,'Harper','Black','V51297.jpg','313 136 80 43','Cliente','EOUH_9','INGLES',7);
Insert into USUARIOS (ID,NOMBRE,APELLIDO,IMAGEN_URL,TELEFONO,TIPO_USUARIO,USUARIO,IDIOMA,CIUDAD_ID) values (514,'Kuame','Carter','M16019.jpg','389 667 49 33','Cliente','CPYX_4','FRANCES',1);
Insert into USUARIOS (ID,NOMBRE,APELLIDO,IMAGEN_URL,TELEFONO,TIPO_USUARIO,USUARIO,IDIOMA,CIUDAD_ID) values (515,'Talon','Hall','A08781.jpg','354 141 50 71','Cliente','KUNZ_0','ESPAÑOL',9);
Insert into USUARIOS (ID,NOMBRE,APELLIDO,IMAGEN_URL,TELEFONO,TIPO_USUARIO,USUARIO,IDIOMA,CIUDAD_ID) values (516,'Talon','Bell','A23924.jpg','317 999 00 44','Cliente','JQTL_2','INGLES',10);
Insert into USUARIOS (ID,NOMBRE,APELLIDO,IMAGEN_URL,TELEFONO,TIPO_USUARIO,USUARIO,IDIOMA,CIUDAD_ID) values (517,'Eve','Burris','O69038.jpg','300 745 44 18','Cliente','KBEE_4','INGLES',7);
Insert into USUARIOS (ID,NOMBRE,APELLIDO,IMAGEN_URL,TELEFONO,TIPO_USUARIO,USUARIO,IDIOMA,CIUDAD_ID) values (518,'Davis','Fernandez','J51000.jpg','332 389 87 29','Cliente','SKPP_8','ESPAÑOL',9);
Insert into USUARIOS (ID,NOMBRE,APELLIDO,IMAGEN_URL,TELEFONO,TIPO_USUARIO,USUARIO,IDIOMA,CIUDAD_ID) values (519,'Colette','Savage','D24307.jpg','319 862 46 64','Cliente','PCQK_8','INGLES',10);
Insert into USUARIOS (ID,NOMBRE,APELLIDO,IMAGEN_URL,TELEFONO,TIPO_USUARIO,USUARIO,IDIOMA,CIUDAD_ID) values (520,'Angelica','Ball','E42277.jpg','366 873 64 03','Cliente','XVED_9','ESPAÑOL',2);
Insert into USUARIOS (ID,NOMBRE,APELLIDO,IMAGEN_URL,TELEFONO,TIPO_USUARIO,USUARIO,IDIOMA,CIUDAD_ID) values (521,'Christen','Foley','T01489.jpg','381 761 25 20','Cliente','IYJQ_5','INGLES',6);
Insert into USUARIOS (ID,NOMBRE,APELLIDO,IMAGEN_URL,TELEFONO,TIPO_USUARIO,USUARIO,IDIOMA,CIUDAD_ID) values (522,'Ima','Cobb','K79010.jpg','380 051 19 16','Cliente','IDCN_2','ESPAÑOL',6);
Insert into USUARIOS (ID,NOMBRE,APELLIDO,IMAGEN_URL,TELEFONO,TIPO_USUARIO,USUARIO,IDIOMA,CIUDAD_ID) values (523,'Nevada','Mccarty','E57944.jpg','355 939 51 07','Cliente','WITN_1','ESPAÑOL',4);
Insert into USUARIOS (ID,NOMBRE,APELLIDO,IMAGEN_URL,TELEFONO,TIPO_USUARIO,USUARIO,IDIOMA,CIUDAD_ID) values (524,'Damian','Riddle','T77227.jpg','311 124 02 24','Cliente','VOVL_2','FRANCES',2);
Insert into USUARIOS (ID,NOMBRE,APELLIDO,IMAGEN_URL,TELEFONO,TIPO_USUARIO,USUARIO,IDIOMA,CIUDAD_ID) values (525,'Amity','Griffin','J29640.jpg','305 042 91 62','Cliente','NQFC_0','FRANCES',3);
Insert into USUARIOS (ID,NOMBRE,APELLIDO,IMAGEN_URL,TELEFONO,TIPO_USUARIO,USUARIO,IDIOMA,CIUDAD_ID) values (526,'Lana','Copeland','N16644.jpg','366 591 80 42','Cliente','KYUC_9','ESPAÑOL',2);
Insert into USUARIOS (ID,NOMBRE,APELLIDO,IMAGEN_URL,TELEFONO,TIPO_USUARIO,USUARIO,IDIOMA,CIUDAD_ID) values (527,'Sierra','Leach','N92013.jpg','303 659 95 30','Cliente','HHWQ_5','INGLES',1);
Insert into USUARIOS (ID,NOMBRE,APELLIDO,IMAGEN_URL,TELEFONO,TIPO_USUARIO,USUARIO,IDIOMA,CIUDAD_ID) values (528,'Daria','Fuentes','X63443.jpg','345 194 76 21','Cliente','NJUX_6','FRANCES',8);
Insert into USUARIOS (ID,NOMBRE,APELLIDO,IMAGEN_URL,TELEFONO,TIPO_USUARIO,USUARIO,IDIOMA,CIUDAD_ID) values (529,'Indira','Branch','D43658.jpg','363 186 65 84','Cliente','NNWT_8','FRANCES',6);
Insert into USUARIOS (ID,NOMBRE,APELLIDO,IMAGEN_URL,TELEFONO,TIPO_USUARIO,USUARIO,IDIOMA,CIUDAD_ID) values (530,'Gwendolyn','Rasmussen','B99155.jpg','318 232 66 06','Cliente','LDZE_4','INGLES',8);
Insert into USUARIOS (ID,NOMBRE,APELLIDO,IMAGEN_URL,TELEFONO,TIPO_USUARIO,USUARIO,IDIOMA,CIUDAD_ID) values (531,'Ivory','Vinson','K99212.jpg','399 989 40 36','Cliente','CXBU_2','INGLES',4);
Insert into USUARIOS (ID,NOMBRE,APELLIDO,IMAGEN_URL,TELEFONO,TIPO_USUARIO,USUARIO,IDIOMA,CIUDAD_ID) values (532,'Gisela','Mcbride','Q72787.jpg','315 996 19 59','Cliente','CQAY_3','FRANCES',2);
Insert into USUARIOS (ID,NOMBRE,APELLIDO,IMAGEN_URL,TELEFONO,TIPO_USUARIO,USUARIO,IDIOMA,CIUDAD_ID) values (533,'Kameko','Cline','M21218.jpg','357 379 12 87','Cliente','ZEEX_9','INGLES',8);
Insert into USUARIOS (ID,NOMBRE,APELLIDO,IMAGEN_URL,TELEFONO,TIPO_USUARIO,USUARIO,IDIOMA,CIUDAD_ID) values (534,'Lance','Melendez','Z10618.jpg','346 560 17 57','Cliente','RBQA_6','FRANCES',1);
Insert into USUARIOS (ID,NOMBRE,APELLIDO,IMAGEN_URL,TELEFONO,TIPO_USUARIO,USUARIO,IDIOMA,CIUDAD_ID) values (535,'Hilel','Hale','U67351.jpg','392 254 57 05','Cliente','BPBQ_7','FRANCES',5);
Insert into USUARIOS (ID,NOMBRE,APELLIDO,IMAGEN_URL,TELEFONO,TIPO_USUARIO,USUARIO,IDIOMA,CIUDAD_ID) values (536,'Bruce','Shaw','Z01479.jpg','356 631 21 93','Cliente','PWPV_2','INGLES',5);
Insert into USUARIOS (ID,NOMBRE,APELLIDO,IMAGEN_URL,TELEFONO,TIPO_USUARIO,USUARIO,IDIOMA,CIUDAD_ID) values (537,'Daquan','Stokes','S07299.jpg','391 747 16 85','Cliente','CJGF_2','INGLES',4);
Insert into USUARIOS (ID,NOMBRE,APELLIDO,IMAGEN_URL,TELEFONO,TIPO_USUARIO,USUARIO,IDIOMA,CIUDAD_ID) values (538,'Ronan','Robbins','A63996.jpg','392 841 50 72','Cliente','IPXH_0','ESPAÑOL',4);
Insert into USUARIOS (ID,NOMBRE,APELLIDO,IMAGEN_URL,TELEFONO,TIPO_USUARIO,USUARIO,IDIOMA,CIUDAD_ID) values (539,'Leah','Mcdowell','U10087.jpg','356 834 91 19','Cliente','HBXK_9','FRANCES',9);
Insert into USUARIOS (ID,NOMBRE,APELLIDO,IMAGEN_URL,TELEFONO,TIPO_USUARIO,USUARIO,IDIOMA,CIUDAD_ID) values (540,'Risa','Jensen','X29101.jpg','349 651 65 18','Cliente','GLPY_9','INGLES',10);
Insert into USUARIOS (ID,NOMBRE,APELLIDO,IMAGEN_URL,TELEFONO,TIPO_USUARIO,USUARIO,IDIOMA,CIUDAD_ID) values (541,'Colt','Cox','X44074.jpg','317 210 93 20','Cliente','PKDJ_5','FRANCES',4);
Insert into USUARIOS (ID,NOMBRE,APELLIDO,IMAGEN_URL,TELEFONO,TIPO_USUARIO,USUARIO,IDIOMA,CIUDAD_ID) values (542,'Kelly','Mcknight','K07087.jpg','370 039 84 20','Cliente','FJTT_5','ESPAÑOL',7);
Insert into USUARIOS (ID,NOMBRE,APELLIDO,IMAGEN_URL,TELEFONO,TIPO_USUARIO,USUARIO,IDIOMA,CIUDAD_ID) values (543,'Buckminster','Frye','C00951.jpg','367 395 16 53','Cliente','GYAP_2','INGLES',2);
Insert into USUARIOS (ID,NOMBRE,APELLIDO,IMAGEN_URL,TELEFONO,TIPO_USUARIO,USUARIO,IDIOMA,CIUDAD_ID) values (544,'Wendy','Winters','M32413.jpg','388 134 97 99','Cliente','ZTLU_0','ESPAÑOL',6);
Insert into USUARIOS (ID,NOMBRE,APELLIDO,IMAGEN_URL,TELEFONO,TIPO_USUARIO,USUARIO,IDIOMA,CIUDAD_ID) values (545,'Britanni','Grimes','M83131.jpg','393 951 99 59','Cliente','HLOX_9','ESPAÑOL',8);
Insert into USUARIOS (ID,NOMBRE,APELLIDO,IMAGEN_URL,TELEFONO,TIPO_USUARIO,USUARIO,IDIOMA,CIUDAD_ID) values (546,'Shannon','Dickson','W47553.jpg','395 406 11 66','Cliente','NWZN_7','FRANCES',6);
Insert into USUARIOS (ID,NOMBRE,APELLIDO,IMAGEN_URL,TELEFONO,TIPO_USUARIO,USUARIO,IDIOMA,CIUDAD_ID) values (547,'Cleo','Hyde','G85079.jpg','395 736 99 91','Cliente','VLBU_4','INGLES',1);
Insert into USUARIOS (ID,NOMBRE,APELLIDO,IMAGEN_URL,TELEFONO,TIPO_USUARIO,USUARIO,IDIOMA,CIUDAD_ID) values (548,'Dylan','Rogers','C11509.jpg','325 925 93 59','Cliente','YUYZ_3','FRANCES',5);
Insert into USUARIOS (ID,NOMBRE,APELLIDO,IMAGEN_URL,TELEFONO,TIPO_USUARIO,USUARIO,IDIOMA,CIUDAD_ID) values (549,'Jason','Gould','Y02597.jpg','334 722 80 89','Cliente','TPVV_0','INGLES',4);
Insert into USUARIOS (ID,NOMBRE,APELLIDO,IMAGEN_URL,TELEFONO,TIPO_USUARIO,USUARIO,IDIOMA,CIUDAD_ID) values (550,'Rajah','Lang','D61334.jpg','378 312 82 00','Cliente','YOBT_2','INGLES',7);
Insert into USUARIOS (ID,NOMBRE,APELLIDO,IMAGEN_URL,TELEFONO,TIPO_USUARIO,USUARIO,IDIOMA,CIUDAD_ID) values (551,'Moana','Burke','N75774.jpg','369 169 39 01','Cliente','RWVM_0','FRANCES',7);
Insert into USUARIOS (ID,NOMBRE,APELLIDO,IMAGEN_URL,TELEFONO,TIPO_USUARIO,USUARIO,IDIOMA,CIUDAD_ID) values (552,'Libby','Clemons','L40978.jpg','360 266 49 19','Cliente','TSSM_8','FRANCES',1);
Insert into USUARIOS (ID,NOMBRE,APELLIDO,IMAGEN_URL,TELEFONO,TIPO_USUARIO,USUARIO,IDIOMA,CIUDAD_ID) values (553,'Graiden','Moody','G01808.jpg','335 641 42 29','Cliente','EJGB_5','INGLES',1);
Insert into USUARIOS (ID,NOMBRE,APELLIDO,IMAGEN_URL,TELEFONO,TIPO_USUARIO,USUARIO,IDIOMA,CIUDAD_ID) values (554,'Tobias','Hoffman','A30129.jpg','302 328 80 17','Cliente','SWBQ_4','INGLES',10);
Insert into USUARIOS (ID,NOMBRE,APELLIDO,IMAGEN_URL,TELEFONO,TIPO_USUARIO,USUARIO,IDIOMA,CIUDAD_ID) values (555,'Henry','Petty','M23385.jpg','381 992 01 31','Cliente','PTQN_6','INGLES',10);
Insert into USUARIOS (ID,NOMBRE,APELLIDO,IMAGEN_URL,TELEFONO,TIPO_USUARIO,USUARIO,IDIOMA,CIUDAD_ID) values (556,'Uriah','Booker','U59479.jpg','352 190 24 36','Cliente','SOEH_8','ESPAÑOL',2);
Insert into USUARIOS (ID,NOMBRE,APELLIDO,IMAGEN_URL,TELEFONO,TIPO_USUARIO,USUARIO,IDIOMA,CIUDAD_ID) values (557,'Mara','Garza','R27263.jpg','322 952 34 57','Cliente','SNAP_0','INGLES',1);
Insert into USUARIOS (ID,NOMBRE,APELLIDO,IMAGEN_URL,TELEFONO,TIPO_USUARIO,USUARIO,IDIOMA,CIUDAD_ID) values (558,'Wylie','Dejesus','S94888.jpg','326 679 23 89','Cliente','UEWS_1','INGLES',8);
Insert into USUARIOS (ID,NOMBRE,APELLIDO,IMAGEN_URL,TELEFONO,TIPO_USUARIO,USUARIO,IDIOMA,CIUDAD_ID) values (559,'Scarlet','Powers','D05744.jpg','384 877 91 90','Cliente','IBEV_1','ESPAÑOL',8);
Insert into USUARIOS (ID,NOMBRE,APELLIDO,IMAGEN_URL,TELEFONO,TIPO_USUARIO,USUARIO,IDIOMA,CIUDAD_ID) values (560,'Arsenio','Perez','I88604.jpg','339 275 35 60','Cliente','SAAW_6','INGLES',9);
Insert into USUARIOS (ID,NOMBRE,APELLIDO,IMAGEN_URL,TELEFONO,TIPO_USUARIO,USUARIO,IDIOMA,CIUDAD_ID) values (561,'Noah','Delaney','O47556.jpg','301 187 58 63','Cliente','MEAQ_0','ESPAÑOL',2);
Insert into USUARIOS (ID,NOMBRE,APELLIDO,IMAGEN_URL,TELEFONO,TIPO_USUARIO,USUARIO,IDIOMA,CIUDAD_ID) values (562,'Leo','Shields','J85876.jpg','359 765 49 03','Cliente','DWTF_0','ESPAÑOL',3);
Insert into USUARIOS (ID,NOMBRE,APELLIDO,IMAGEN_URL,TELEFONO,TIPO_USUARIO,USUARIO,IDIOMA,CIUDAD_ID) values (563,'Isaiah','Gordon','I93479.jpg','388 925 93 12','Cliente','TFHF_4','ESPAÑOL',2);
Insert into USUARIOS (ID,NOMBRE,APELLIDO,IMAGEN_URL,TELEFONO,TIPO_USUARIO,USUARIO,IDIOMA,CIUDAD_ID) values (564,'Nola','Hardy','C17227.jpg','355 831 82 01','Cliente','YFSS_7','INGLES',10);
Insert into USUARIOS (ID,NOMBRE,APELLIDO,IMAGEN_URL,TELEFONO,TIPO_USUARIO,USUARIO,IDIOMA,CIUDAD_ID) values (565,'Neil','Fuentes','E65021.jpg','338 348 67 40','Cliente','NVWY_6','INGLES',5);
Insert into USUARIOS (ID,NOMBRE,APELLIDO,IMAGEN_URL,TELEFONO,TIPO_USUARIO,USUARIO,IDIOMA,CIUDAD_ID) values (566,'Petra','Hart','T24518.jpg','374 201 84 97','Cliente','LXYZ_3','ESPAÑOL',2);
Insert into USUARIOS (ID,NOMBRE,APELLIDO,IMAGEN_URL,TELEFONO,TIPO_USUARIO,USUARIO,IDIOMA,CIUDAD_ID) values (567,'Branden','Dunn','M06973.jpg','384 522 89 46','Cliente','RWDE_7','FRANCES',1);
Insert into USUARIOS (ID,NOMBRE,APELLIDO,IMAGEN_URL,TELEFONO,TIPO_USUARIO,USUARIO,IDIOMA,CIUDAD_ID) values (568,'Logan','Patrick','I23792.jpg','306 086 49 85','Cliente','RMKA_6','INGLES',4);
Insert into USUARIOS (ID,NOMBRE,APELLIDO,IMAGEN_URL,TELEFONO,TIPO_USUARIO,USUARIO,IDIOMA,CIUDAD_ID) values (569,'Maya','Kemp','T87276.jpg','350 801 08 93','Cliente','YEJF_4','ESPAÑOL',2);
Insert into USUARIOS (ID,NOMBRE,APELLIDO,IMAGEN_URL,TELEFONO,TIPO_USUARIO,USUARIO,IDIOMA,CIUDAD_ID) values (570,'Orson','Hoffman','R27244.jpg','338 866 13 00','Cliente','DWYP_8','FRANCES',6);
Insert into USUARIOS (ID,NOMBRE,APELLIDO,IMAGEN_URL,TELEFONO,TIPO_USUARIO,USUARIO,IDIOMA,CIUDAD_ID) values (571,'Shellie','Hines','A16809.jpg','341 034 07 85','Cliente','XYUB_8','FRANCES',8);
Insert into USUARIOS (ID,NOMBRE,APELLIDO,IMAGEN_URL,TELEFONO,TIPO_USUARIO,USUARIO,IDIOMA,CIUDAD_ID) values (572,'Joshua','Burgess','E13734.jpg','395 703 46 92','Cliente','RPYV_2','FRANCES',5);
Insert into USUARIOS (ID,NOMBRE,APELLIDO,IMAGEN_URL,TELEFONO,TIPO_USUARIO,USUARIO,IDIOMA,CIUDAD_ID) values (573,'Daquan','York','N03174.jpg','384 947 92 46','Cliente','FXHO_4','FRANCES',8);
Insert into USUARIOS (ID,NOMBRE,APELLIDO,IMAGEN_URL,TELEFONO,TIPO_USUARIO,USUARIO,IDIOMA,CIUDAD_ID) values (574,'Constance','Howell','M04259.jpg','343 685 96 02','Cliente','GAMB_8','ESPAÑOL',4);
Insert into USUARIOS (ID,NOMBRE,APELLIDO,IMAGEN_URL,TELEFONO,TIPO_USUARIO,USUARIO,IDIOMA,CIUDAD_ID) values (575,'Mercedes','Wise','M54978.jpg','394 611 50 32','Cliente','BUIE_1','ESPAÑOL',4);
Insert into USUARIOS (ID,NOMBRE,APELLIDO,IMAGEN_URL,TELEFONO,TIPO_USUARIO,USUARIO,IDIOMA,CIUDAD_ID) values (576,'Carla','Harmon','R62475.jpg','308 086 59 87','Cliente','CFMM_8','INGLES',3);
Insert into USUARIOS (ID,NOMBRE,APELLIDO,IMAGEN_URL,TELEFONO,TIPO_USUARIO,USUARIO,IDIOMA,CIUDAD_ID) values (577,'Brendan','Montoya','B14148.jpg','382 615 83 41','Cliente','KDKG_1','FRANCES',8);
Insert into USUARIOS (ID,NOMBRE,APELLIDO,IMAGEN_URL,TELEFONO,TIPO_USUARIO,USUARIO,IDIOMA,CIUDAD_ID) values (578,'Lee','Dalton','T91067.jpg','383 253 70 26','Cliente','IFOH_6','INGLES',4);
Insert into USUARIOS (ID,NOMBRE,APELLIDO,IMAGEN_URL,TELEFONO,TIPO_USUARIO,USUARIO,IDIOMA,CIUDAD_ID) values (579,'Isadora','Mccarthy','Q11208.jpg','399 221 44 25','Cliente','IOIK_0','FRANCES',4);
Insert into USUARIOS (ID,NOMBRE,APELLIDO,IMAGEN_URL,TELEFONO,TIPO_USUARIO,USUARIO,IDIOMA,CIUDAD_ID) values (580,'Laith','Pennington','K01061.jpg','381 173 78 48','Cliente','EUON_4','FRANCES',5);
Insert into USUARIOS (ID,NOMBRE,APELLIDO,IMAGEN_URL,TELEFONO,TIPO_USUARIO,USUARIO,IDIOMA,CIUDAD_ID) values (581,'Damon','Rodgers','V41265.jpg','397 443 17 16','Cliente','XXCQ_2','ESPAÑOL',9);
Insert into USUARIOS (ID,NOMBRE,APELLIDO,IMAGEN_URL,TELEFONO,TIPO_USUARIO,USUARIO,IDIOMA,CIUDAD_ID) values (582,'Curran','Dennis','B60445.jpg','358 617 90 19','Cliente','SDFR_6','INGLES',10);
Insert into USUARIOS (ID,NOMBRE,APELLIDO,IMAGEN_URL,TELEFONO,TIPO_USUARIO,USUARIO,IDIOMA,CIUDAD_ID) values (583,'Troy','Sheppard','A80850.jpg','386 995 72 34','Cliente','OXVS_7','ESPAÑOL',5);
Insert into USUARIOS (ID,NOMBRE,APELLIDO,IMAGEN_URL,TELEFONO,TIPO_USUARIO,USUARIO,IDIOMA,CIUDAD_ID) values (584,'Graham','Mcgee','Z09277.jpg','331 909 55 92','Cliente','QXAH_3','ESPAÑOL',2);
Insert into USUARIOS (ID,NOMBRE,APELLIDO,IMAGEN_URL,TELEFONO,TIPO_USUARIO,USUARIO,IDIOMA,CIUDAD_ID) values (585,'Odette','Byrd','L70713.jpg','341 540 55 94','Cliente','PIZA_0','INGLES',9);
Insert into USUARIOS (ID,NOMBRE,APELLIDO,IMAGEN_URL,TELEFONO,TIPO_USUARIO,USUARIO,IDIOMA,CIUDAD_ID) values (586,'Fiona','Blankenship','A36100.jpg','374 620 30 50','Cliente','CCQC_8','ESPAÑOL',4);
Insert into USUARIOS (ID,NOMBRE,APELLIDO,IMAGEN_URL,TELEFONO,TIPO_USUARIO,USUARIO,IDIOMA,CIUDAD_ID) values (587,'Bertha','Key','M50285.jpg','361 535 61 15','Cliente','VMVH_1','INGLES',8);
Insert into USUARIOS (ID,NOMBRE,APELLIDO,IMAGEN_URL,TELEFONO,TIPO_USUARIO,USUARIO,IDIOMA,CIUDAD_ID) values (588,'Gage','Hewitt','O85089.jpg','384 185 80 34','Cliente','APVH_3','INGLES',7);
Insert into USUARIOS (ID,NOMBRE,APELLIDO,IMAGEN_URL,TELEFONO,TIPO_USUARIO,USUARIO,IDIOMA,CIUDAD_ID) values (589,'Larissa','Hendricks','E72406.jpg','392 475 29 74','Cliente','HSPZ_4','FRANCES',8);
Insert into USUARIOS (ID,NOMBRE,APELLIDO,IMAGEN_URL,TELEFONO,TIPO_USUARIO,USUARIO,IDIOMA,CIUDAD_ID) values (590,'Nero','Mann','C45475.jpg','376 928 96 86','Cliente','ZIAX_1','ESPAÑOL',6);
Insert into USUARIOS (ID,NOMBRE,APELLIDO,IMAGEN_URL,TELEFONO,TIPO_USUARIO,USUARIO,IDIOMA,CIUDAD_ID) values (591,'Francis','Oliver','V55430.jpg','352 840 85 81','Cliente','LKDT_1','ESPAÑOL',4);
Insert into USUARIOS (ID,NOMBRE,APELLIDO,IMAGEN_URL,TELEFONO,TIPO_USUARIO,USUARIO,IDIOMA,CIUDAD_ID) values (592,'Kieran','Scott','F22342.jpg','335 801 57 52','Cliente','ELXN_8','FRANCES',9);
Insert into USUARIOS (ID,NOMBRE,APELLIDO,IMAGEN_URL,TELEFONO,TIPO_USUARIO,USUARIO,IDIOMA,CIUDAD_ID) values (593,'Shea','Barnett','Y00684.jpg','356 544 85 07','Cliente','SIXA_7','INGLES',6);
Insert into USUARIOS (ID,NOMBRE,APELLIDO,IMAGEN_URL,TELEFONO,TIPO_USUARIO,USUARIO,IDIOMA,CIUDAD_ID) values (594,'Kiara','Day','D28316.jpg','365 899 74 29','Cliente','JBBT_6','ESPAÑOL',1);
Insert into USUARIOS (ID,NOMBRE,APELLIDO,IMAGEN_URL,TELEFONO,TIPO_USUARIO,USUARIO,IDIOMA,CIUDAD_ID) values (595,'Kieran','Waller','M41581.jpg','349 841 93 92','Cliente','BYOT_5','FRANCES',9);
Insert into USUARIOS (ID,NOMBRE,APELLIDO,IMAGEN_URL,TELEFONO,TIPO_USUARIO,USUARIO,IDIOMA,CIUDAD_ID) values (596,'Aurora','Whitaker','E16480.jpg','347 142 24 82','Cliente','LKRL_8','ESPAÑOL',5);
Insert into USUARIOS (ID,NOMBRE,APELLIDO,IMAGEN_URL,TELEFONO,TIPO_USUARIO,USUARIO,IDIOMA,CIUDAD_ID) values (597,'Jenna','Stewart','X88097.jpg','388 239 97 92','Cliente','KYFO_4','INGLES',8);
Insert into USUARIOS (ID,NOMBRE,APELLIDO,IMAGEN_URL,TELEFONO,TIPO_USUARIO,USUARIO,IDIOMA,CIUDAD_ID) values (598,'Shelby','Jennings','W83656.jpg','387 860 36 57','Cliente','KNFJ_8','FRANCES',7);
Insert into USUARIOS (ID,NOMBRE,APELLIDO,IMAGEN_URL,TELEFONO,TIPO_USUARIO,USUARIO,IDIOMA,CIUDAD_ID) values (599,'Tate','Owens','R02172.jpg','370 234 17 73','Cliente','FDQS_7','FRANCES',3);
Insert into USUARIOS (ID,NOMBRE,APELLIDO,IMAGEN_URL,TELEFONO,TIPO_USUARIO,USUARIO,IDIOMA,CIUDAD_ID) values (600,'Naida','Ball','P56648.jpg','399 676 56 58','Cliente','WJYR_9','ESPAÑOL',10);
Insert into USUARIOS (ID,NOMBRE,APELLIDO,IMAGEN_URL,TELEFONO,TIPO_USUARIO,USUARIO,IDIOMA,CIUDAD_ID) values (603,'Exito','Exito','B41585.jpg','354 171 56 28','Empresarial','exito','ESPAÑOL',3);
Insert into USUARIOS (ID,NOMBRE,APELLIDO,IMAGEN_URL,TELEFONO,TIPO_USUARIO,USUARIO,IDIOMA,CIUDAD_ID) values (604,'Alpina','Alpina','S31348.jpg','337 995 68 78','Empresarial','alpina','ESPAÑOL',3);
Insert into USUARIOS (ID,NOMBRE,APELLIDO,IMAGEN_URL,TELEFONO,TIPO_USUARIO,USUARIO,IDIOMA,CIUDAD_ID) values (294,'Nasim','Leonard','F30238.jpg','342 988 72 31','Cliente','DUEB_6','FRANCES',5);
Insert into USUARIOS (ID,NOMBRE,APELLIDO,IMAGEN_URL,TELEFONO,TIPO_USUARIO,USUARIO,IDIOMA,CIUDAD_ID) values (295,'Madeline','Weaver','K77905.jpg','382 258 68 74','Cliente','GSKB_1','FRANCES',10);
Insert into USUARIOS (ID,NOMBRE,APELLIDO,IMAGEN_URL,TELEFONO,TIPO_USUARIO,USUARIO,IDIOMA,CIUDAD_ID) values (296,'Kenyon','Chambers','E72451.jpg','395 851 66 92','Cliente','RIDG_4','INGLES',9);
Insert into USUARIOS (ID,NOMBRE,APELLIDO,IMAGEN_URL,TELEFONO,TIPO_USUARIO,USUARIO,IDIOMA,CIUDAD_ID) values (297,'Signe','Merrill','F10758.jpg','307 143 11 01','Cliente','FQPQ_7','FRANCES',10);
Insert into USUARIOS (ID,NOMBRE,APELLIDO,IMAGEN_URL,TELEFONO,TIPO_USUARIO,USUARIO,IDIOMA,CIUDAD_ID) values (298,'Erich','Murphy','N19351.jpg','381 502 90 22','Cliente','VFPJ_3','INGLES',3);
Insert into USUARIOS (ID,NOMBRE,APELLIDO,IMAGEN_URL,TELEFONO,TIPO_USUARIO,USUARIO,IDIOMA,CIUDAD_ID) values (299,'Porter','Dean','S19983.jpg','374 351 57 84','Cliente','PDHM_1','ESPAÑOL',1);
Insert into USUARIOS (ID,NOMBRE,APELLIDO,IMAGEN_URL,TELEFONO,TIPO_USUARIO,USUARIO,IDIOMA,CIUDAD_ID) values (300,'Jorden','Terry','P38506.jpg','376 700 25 13','Cliente','JPZJ_3','ESPAÑOL',8);
Insert into USUARIOS (ID,NOMBRE,APELLIDO,IMAGEN_URL,TELEFONO,TIPO_USUARIO,USUARIO,IDIOMA,CIUDAD_ID) values (301,'Alfreda','Wolfe','G44543.jpg','367 028 87 30','Cliente','GIMM_5','ESPAÑOL',6);
Insert into USUARIOS (ID,NOMBRE,APELLIDO,IMAGEN_URL,TELEFONO,TIPO_USUARIO,USUARIO,IDIOMA,CIUDAD_ID) values (302,'Arsenio','Jarvis','C78562.jpg','393 944 62 35','Cliente','QBQT_2','INGLES',1);
Insert into USUARIOS (ID,NOMBRE,APELLIDO,IMAGEN_URL,TELEFONO,TIPO_USUARIO,USUARIO,IDIOMA,CIUDAD_ID) values (303,'Blythe','White','F54386.jpg','374 535 64 26','Cliente','MJQL_5','ESPAÑOL',9);
Insert into USUARIOS (ID,NOMBRE,APELLIDO,IMAGEN_URL,TELEFONO,TIPO_USUARIO,USUARIO,IDIOMA,CIUDAD_ID) values (304,'Mira','Cabrera','N55450.jpg','346 256 35 74','Cliente','KIVR_3','ESPAÑOL',8);
Insert into USUARIOS (ID,NOMBRE,APELLIDO,IMAGEN_URL,TELEFONO,TIPO_USUARIO,USUARIO,IDIOMA,CIUDAD_ID) values (305,'Cassandra','Le','F98098.jpg','327 696 28 20','Cliente','FTQY_2','INGLES',1);
Insert into USUARIOS (ID,NOMBRE,APELLIDO,IMAGEN_URL,TELEFONO,TIPO_USUARIO,USUARIO,IDIOMA,CIUDAD_ID) values (306,'Zachary','Schwartz','D69939.jpg','398 352 75 57','Cliente','KNXB_0','ESPAÑOL',3);
Insert into USUARIOS (ID,NOMBRE,APELLIDO,IMAGEN_URL,TELEFONO,TIPO_USUARIO,USUARIO,IDIOMA,CIUDAD_ID) values (307,'Barry','Mcbride','E16289.jpg','369 054 50 99','Cliente','VMJC_1','ESPAÑOL',10);
Insert into USUARIOS (ID,NOMBRE,APELLIDO,IMAGEN_URL,TELEFONO,TIPO_USUARIO,USUARIO,IDIOMA,CIUDAD_ID) values (308,'Finn','Aguilar','K69476.jpg','392 708 53 03','Cliente','JKVE_8','INGLES',10);
Insert into USUARIOS (ID,NOMBRE,APELLIDO,IMAGEN_URL,TELEFONO,TIPO_USUARIO,USUARIO,IDIOMA,CIUDAD_ID) values (309,'Connor','Guerra','R44195.jpg','307 061 08 59','Cliente','TUKS_7','ESPAÑOL',7);
Insert into USUARIOS (ID,NOMBRE,APELLIDO,IMAGEN_URL,TELEFONO,TIPO_USUARIO,USUARIO,IDIOMA,CIUDAD_ID) values (310,'Lev','Knapp','Y55692.jpg','367 076 27 96','Cliente','CYEN_1','INGLES',2);
Insert into USUARIOS (ID,NOMBRE,APELLIDO,IMAGEN_URL,TELEFONO,TIPO_USUARIO,USUARIO,IDIOMA,CIUDAD_ID) values (311,'Myles','Frye','M35937.jpg','342 756 02 31','Cliente','KFZE_3','ESPAÑOL',10);
Insert into USUARIOS (ID,NOMBRE,APELLIDO,IMAGEN_URL,TELEFONO,TIPO_USUARIO,USUARIO,IDIOMA,CIUDAD_ID) values (312,'Fallon','Diaz','M30644.jpg','346 174 34 48','Cliente','VFEL_3','INGLES',10);
Insert into USUARIOS (ID,NOMBRE,APELLIDO,IMAGEN_URL,TELEFONO,TIPO_USUARIO,USUARIO,IDIOMA,CIUDAD_ID) values (313,'Gray','Bradley','R80315.jpg','395 007 93 83','Cliente','CYQQ_5','FRANCES',3);
Insert into USUARIOS (ID,NOMBRE,APELLIDO,IMAGEN_URL,TELEFONO,TIPO_USUARIO,USUARIO,IDIOMA,CIUDAD_ID) values (314,'Stella','Lawson','E78026.jpg','316 914 05 37','Cliente','NYLC_5','FRANCES',3);
Insert into USUARIOS (ID,NOMBRE,APELLIDO,IMAGEN_URL,TELEFONO,TIPO_USUARIO,USUARIO,IDIOMA,CIUDAD_ID) values (315,'Beck','Levy','Y84165.jpg','356 706 86 91','Cliente','ANPY_4','FRANCES',6);
Insert into USUARIOS (ID,NOMBRE,APELLIDO,IMAGEN_URL,TELEFONO,TIPO_USUARIO,USUARIO,IDIOMA,CIUDAD_ID) values (316,'Gary','Glass','Z46171.jpg','328 297 15 52','Cliente','WDMV_1','FRANCES',6);
Insert into USUARIOS (ID,NOMBRE,APELLIDO,IMAGEN_URL,TELEFONO,TIPO_USUARIO,USUARIO,IDIOMA,CIUDAD_ID) values (317,'Brian','Barnett','D89107.jpg','384 453 59 09','Cliente','TIRH_7','INGLES',3);
Insert into USUARIOS (ID,NOMBRE,APELLIDO,IMAGEN_URL,TELEFONO,TIPO_USUARIO,USUARIO,IDIOMA,CIUDAD_ID) values (318,'Reagan','Erickson','F84265.jpg','397 125 22 46','Cliente','VKJP_6','INGLES',4);
Insert into USUARIOS (ID,NOMBRE,APELLIDO,IMAGEN_URL,TELEFONO,TIPO_USUARIO,USUARIO,IDIOMA,CIUDAD_ID) values (319,'Brody','Koch','B45367.jpg','342 269 71 90','Cliente','UQQS_8','FRANCES',1);
Insert into USUARIOS (ID,NOMBRE,APELLIDO,IMAGEN_URL,TELEFONO,TIPO_USUARIO,USUARIO,IDIOMA,CIUDAD_ID) values (320,'Veda','Bowers','V28790.jpg','397 009 40 01','Cliente','SGZH_3','ESPAÑOL',3);
Insert into USUARIOS (ID,NOMBRE,APELLIDO,IMAGEN_URL,TELEFONO,TIPO_USUARIO,USUARIO,IDIOMA,CIUDAD_ID) values (321,'Maggy','Powell','W03587.jpg','364 287 65 87','Cliente','NCKP_3','FRANCES',6);
Insert into USUARIOS (ID,NOMBRE,APELLIDO,IMAGEN_URL,TELEFONO,TIPO_USUARIO,USUARIO,IDIOMA,CIUDAD_ID) values (322,'Emmanuel','Kemp','K67091.jpg','370 412 05 11','Cliente','CTPZ_0','ESPAÑOL',1);
Insert into USUARIOS (ID,NOMBRE,APELLIDO,IMAGEN_URL,TELEFONO,TIPO_USUARIO,USUARIO,IDIOMA,CIUDAD_ID) values (323,'Kirestin','Barr','T93880.jpg','332 930 62 30','Cliente','CHRB_3','ESPAÑOL',6);
Insert into USUARIOS (ID,NOMBRE,APELLIDO,IMAGEN_URL,TELEFONO,TIPO_USUARIO,USUARIO,IDIOMA,CIUDAD_ID) values (324,'Larissa','Good','C61118.jpg','389 458 25 72','Cliente','XPAE_0','INGLES',3);
Insert into USUARIOS (ID,NOMBRE,APELLIDO,IMAGEN_URL,TELEFONO,TIPO_USUARIO,USUARIO,IDIOMA,CIUDAD_ID) values (325,'Cole','Waller','F92961.jpg','360 447 41 72','Cliente','JYGX_8','FRANCES',2);
Insert into USUARIOS (ID,NOMBRE,APELLIDO,IMAGEN_URL,TELEFONO,TIPO_USUARIO,USUARIO,IDIOMA,CIUDAD_ID) values (326,'Cara','Preston','P26354.jpg','354 753 13 70','Cliente','ZVQS_3','ESPAÑOL',10);
Insert into USUARIOS (ID,NOMBRE,APELLIDO,IMAGEN_URL,TELEFONO,TIPO_USUARIO,USUARIO,IDIOMA,CIUDAD_ID) values (327,'Cathleen','Brooks','J09103.jpg','301 947 42 79','Cliente','YBDG_6','INGLES',2);
Insert into USUARIOS (ID,NOMBRE,APELLIDO,IMAGEN_URL,TELEFONO,TIPO_USUARIO,USUARIO,IDIOMA,CIUDAD_ID) values (328,'Regina','Clements','J65550.jpg','323 741 93 62','Cliente','DWUC_5','FRANCES',6);
Insert into USUARIOS (ID,NOMBRE,APELLIDO,IMAGEN_URL,TELEFONO,TIPO_USUARIO,USUARIO,IDIOMA,CIUDAD_ID) values (329,'Carson','Mcpherson','T76074.jpg','309 765 20 30','Cliente','NEHF_6','ESPAÑOL',4);
Insert into USUARIOS (ID,NOMBRE,APELLIDO,IMAGEN_URL,TELEFONO,TIPO_USUARIO,USUARIO,IDIOMA,CIUDAD_ID) values (330,'Miriam','Goodman','Z50708.jpg','389 211 67 85','Cliente','PRFA_7','FRANCES',9);
Insert into USUARIOS (ID,NOMBRE,APELLIDO,IMAGEN_URL,TELEFONO,TIPO_USUARIO,USUARIO,IDIOMA,CIUDAD_ID) values (331,'Felix','Bruce','M56289.jpg','386 424 28 60','Cliente','UGTM_5','INGLES',4);
Insert into USUARIOS (ID,NOMBRE,APELLIDO,IMAGEN_URL,TELEFONO,TIPO_USUARIO,USUARIO,IDIOMA,CIUDAD_ID) values (332,'Fitzgerald','Craig','F12507.jpg','345 975 09 48','Cliente','GMFJ_5','ESPAÑOL',3);
Insert into USUARIOS (ID,NOMBRE,APELLIDO,IMAGEN_URL,TELEFONO,TIPO_USUARIO,USUARIO,IDIOMA,CIUDAD_ID) values (333,'Jacqueline','Church','H99268.jpg','303 070 90 93','Cliente','PBTV_9','ESPAÑOL',10);
Insert into USUARIOS (ID,NOMBRE,APELLIDO,IMAGEN_URL,TELEFONO,TIPO_USUARIO,USUARIO,IDIOMA,CIUDAD_ID) values (334,'Tyler','Briggs','I93319.jpg','380 419 66 39','Cliente','JSBT_7','FRANCES',2);
Insert into USUARIOS (ID,NOMBRE,APELLIDO,IMAGEN_URL,TELEFONO,TIPO_USUARIO,USUARIO,IDIOMA,CIUDAD_ID) values (335,'Madaline','Carver','Z46510.jpg','382 811 15 57','Cliente','SDYZ_9','ESPAÑOL',10);
Insert into USUARIOS (ID,NOMBRE,APELLIDO,IMAGEN_URL,TELEFONO,TIPO_USUARIO,USUARIO,IDIOMA,CIUDAD_ID) values (336,'Alexandra','Kent','N24159.jpg','318 833 96 20','Cliente','SLMF_8','INGLES',7);
Insert into USUARIOS (ID,NOMBRE,APELLIDO,IMAGEN_URL,TELEFONO,TIPO_USUARIO,USUARIO,IDIOMA,CIUDAD_ID) values (337,'Emmanuel','Porter','E15031.jpg','337 541 58 18','Cliente','ABHS_2','INGLES',2);
Insert into USUARIOS (ID,NOMBRE,APELLIDO,IMAGEN_URL,TELEFONO,TIPO_USUARIO,USUARIO,IDIOMA,CIUDAD_ID) values (338,'Macy','Mcguire','Q29513.jpg','381 468 26 70','Cliente','WWEG_9','FRANCES',5);
Insert into USUARIOS (ID,NOMBRE,APELLIDO,IMAGEN_URL,TELEFONO,TIPO_USUARIO,USUARIO,IDIOMA,CIUDAD_ID) values (339,'Imani','Reese','A34204.jpg','361 916 04 21','Cliente','HZAH_3','INGLES',4);
Insert into USUARIOS (ID,NOMBRE,APELLIDO,IMAGEN_URL,TELEFONO,TIPO_USUARIO,USUARIO,IDIOMA,CIUDAD_ID) values (340,'Orla','Calderon','O56369.jpg','300 807 25 70','Cliente','ZOBJ_1','ESPAÑOL',4);
Insert into USUARIOS (ID,NOMBRE,APELLIDO,IMAGEN_URL,TELEFONO,TIPO_USUARIO,USUARIO,IDIOMA,CIUDAD_ID) values (341,'Isabella','Mcmillan','D36978.jpg','307 845 38 72','Cliente','AEZJ_9','FRANCES',10);
Insert into USUARIOS (ID,NOMBRE,APELLIDO,IMAGEN_URL,TELEFONO,TIPO_USUARIO,USUARIO,IDIOMA,CIUDAD_ID) values (342,'Janna','Bray','O26007.jpg','386 853 54 12','Cliente','PIGC_5','FRANCES',7);
Insert into USUARIOS (ID,NOMBRE,APELLIDO,IMAGEN_URL,TELEFONO,TIPO_USUARIO,USUARIO,IDIOMA,CIUDAD_ID) values (343,'Uma','Rush','C31866.jpg','351 391 87 10','Cliente','MUKR_5','ESPAÑOL',4);
Insert into USUARIOS (ID,NOMBRE,APELLIDO,IMAGEN_URL,TELEFONO,TIPO_USUARIO,USUARIO,IDIOMA,CIUDAD_ID) values (344,'Iris','Head','N21091.jpg','321 358 87 27','Cliente','IXNY_4','FRANCES',9);
Insert into USUARIOS (ID,NOMBRE,APELLIDO,IMAGEN_URL,TELEFONO,TIPO_USUARIO,USUARIO,IDIOMA,CIUDAD_ID) values (345,'Connor','Contreras','X69161.jpg','369 558 52 29','Cliente','VEBF_1','ESPAÑOL',2);
Insert into USUARIOS (ID,NOMBRE,APELLIDO,IMAGEN_URL,TELEFONO,TIPO_USUARIO,USUARIO,IDIOMA,CIUDAD_ID) values (346,'Jamalia','Conrad','A35205.jpg','338 825 78 54','Cliente','ZPMP_1','FRANCES',9);
Insert into USUARIOS (ID,NOMBRE,APELLIDO,IMAGEN_URL,TELEFONO,TIPO_USUARIO,USUARIO,IDIOMA,CIUDAD_ID) values (347,'Moses','Bright','P35337.jpg','339 041 54 06','Cliente','UTRE_8','FRANCES',9);
Insert into USUARIOS (ID,NOMBRE,APELLIDO,IMAGEN_URL,TELEFONO,TIPO_USUARIO,USUARIO,IDIOMA,CIUDAD_ID) values (348,'Louis','Harris','Y79586.jpg','398 872 22 31','Cliente','YPSW_9','FRANCES',8);
Insert into USUARIOS (ID,NOMBRE,APELLIDO,IMAGEN_URL,TELEFONO,TIPO_USUARIO,USUARIO,IDIOMA,CIUDAD_ID) values (349,'Harlan','Reilly','N22262.jpg','375 867 09 05','Cliente','SDAB_8','INGLES',9);
Insert into USUARIOS (ID,NOMBRE,APELLIDO,IMAGEN_URL,TELEFONO,TIPO_USUARIO,USUARIO,IDIOMA,CIUDAD_ID) values (350,'Maisie','Berry','F24990.jpg','345 367 98 53','Cliente','KYUZ_5','FRANCES',7);
Insert into USUARIOS (ID,NOMBRE,APELLIDO,IMAGEN_URL,TELEFONO,TIPO_USUARIO,USUARIO,IDIOMA,CIUDAD_ID) values (351,'Graham','Horton','W28869.jpg','365 503 40 31','Cliente','BGKI_2','INGLES',7);
Insert into USUARIOS (ID,NOMBRE,APELLIDO,IMAGEN_URL,TELEFONO,TIPO_USUARIO,USUARIO,IDIOMA,CIUDAD_ID) values (352,'Colleen','Ellis','V11998.jpg','360 850 71 81','Cliente','WBEA_1','INGLES',4);
REM INSERTING into EMAILS
SET DEFINE OFF;
Insert into EMAILS (ID,USUARIO_ID,EMAIL) values (1,173,'dictum.sapien.Aenean@a.edu');
Insert into EMAILS (ID,USUARIO_ID,EMAIL) values (2,329,'eu.erat@per.co.uk');
Insert into EMAILS (ID,USUARIO_ID,EMAIL) values (3,457,'ridiculus@lectus.ca');
Insert into EMAILS (ID,USUARIO_ID,EMAIL) values (4,289,'Donec@Nam.edu');
Insert into EMAILS (ID,USUARIO_ID,EMAIL) values (5,437,'diam.lorem@Sed.ca');
Insert into EMAILS (ID,USUARIO_ID,EMAIL) values (6,472,'aliquam.iaculis.lacus@nisi.org');
Insert into EMAILS (ID,USUARIO_ID,EMAIL) values (7,104,'lectus.pede.et@semper.co.uk');
Insert into EMAILS (ID,USUARIO_ID,EMAIL) values (8,512,'dui@elitpedemalesuada.com');
Insert into EMAILS (ID,USUARIO_ID,EMAIL) values (9,493,'eu.euismod@suscipit.com');
Insert into EMAILS (ID,USUARIO_ID,EMAIL) values (10,241,'pede.Praesent@porttitor.co.uk');
Insert into EMAILS (ID,USUARIO_ID,EMAIL) values (11,228,'Nam@imperdiet.ca');
Insert into EMAILS (ID,USUARIO_ID,EMAIL) values (12,385,'facilisis@sit.org');
Insert into EMAILS (ID,USUARIO_ID,EMAIL) values (13,133,'sem.mollis@consectetuermauris.ca');
Insert into EMAILS (ID,USUARIO_ID,EMAIL) values (14,547,'dui.Fusce.aliquam@Nulla.co.uk');
Insert into EMAILS (ID,USUARIO_ID,EMAIL) values (15,511,'fermentum@Suspendisse.co.uk');
Insert into EMAILS (ID,USUARIO_ID,EMAIL) values (16,437,'eu.odio.tristique@tortor.com');
Insert into EMAILS (ID,USUARIO_ID,EMAIL) values (17,567,'egestas@lobortis.org');
Insert into EMAILS (ID,USUARIO_ID,EMAIL) values (18,222,'lorem.semper.auctor@Crasdolor.ca');
Insert into EMAILS (ID,USUARIO_ID,EMAIL) values (19,410,'interdum.feugiat@vitaediamProin.co.uk');
Insert into EMAILS (ID,USUARIO_ID,EMAIL) values (20,396,'lacus.Cras@tempusscelerisquelorem.com');
Insert into EMAILS (ID,USUARIO_ID,EMAIL) values (21,401,'cursus.purus@cursus.net');
Insert into EMAILS (ID,USUARIO_ID,EMAIL) values (22,315,'mauris.aliquam@loremluctusut.edu');
Insert into EMAILS (ID,USUARIO_ID,EMAIL) values (23,346,'ipsum@euismodenimEtiam.edu');
Insert into EMAILS (ID,USUARIO_ID,EMAIL) values (24,507,'sem@Vivamus.com');
Insert into EMAILS (ID,USUARIO_ID,EMAIL) values (25,308,'eu@Nullatincidunt.co.uk');
Insert into EMAILS (ID,USUARIO_ID,EMAIL) values (26,346,'vitae@consequatauctor.edu');
Insert into EMAILS (ID,USUARIO_ID,EMAIL) values (27,562,'Sed.id@diamDuis.org');
Insert into EMAILS (ID,USUARIO_ID,EMAIL) values (28,449,'dolor.dapibus.gravida@eu.net');
Insert into EMAILS (ID,USUARIO_ID,EMAIL) values (29,112,'Fusce@mifringillami.co.uk');
Insert into EMAILS (ID,USUARIO_ID,EMAIL) values (30,256,'euismod.mauris.eu@adipiscingelit.net');
Insert into EMAILS (ID,USUARIO_ID,EMAIL) values (31,356,'Aliquam.adipiscing@sagittisNullam.net');
Insert into EMAILS (ID,USUARIO_ID,EMAIL) values (32,416,'nulla@molestiearcu.co.uk');
Insert into EMAILS (ID,USUARIO_ID,EMAIL) values (33,190,'egestas.urna@eratinconsectetuer.ca');
Insert into EMAILS (ID,USUARIO_ID,EMAIL) values (34,486,'viverra.Donec@ametconsectetuer.co.uk');
Insert into EMAILS (ID,USUARIO_ID,EMAIL) values (35,531,'in.dolor@eratVivamus.org');
Insert into EMAILS (ID,USUARIO_ID,EMAIL) values (36,354,'cursus@ipsum.net');
Insert into EMAILS (ID,USUARIO_ID,EMAIL) values (37,462,'metus@primisin.ca');
Insert into EMAILS (ID,USUARIO_ID,EMAIL) values (38,341,'augue.eu.tempor@Integereu.net');
Insert into EMAILS (ID,USUARIO_ID,EMAIL) values (39,541,'sem@tellus.net');
Insert into EMAILS (ID,USUARIO_ID,EMAIL) values (40,234,'Quisque@euismodenim.edu');
Insert into EMAILS (ID,USUARIO_ID,EMAIL) values (41,488,'scelerisque.mollis.Phasellus@etliberoProin.net');
Insert into EMAILS (ID,USUARIO_ID,EMAIL) values (42,358,'neque@Duis.com');
Insert into EMAILS (ID,USUARIO_ID,EMAIL) values (43,382,'lorem.luctus.ut@duilectus.edu');
Insert into EMAILS (ID,USUARIO_ID,EMAIL) values (44,461,'scelerisque.mollis@semperduilectus.net');
Insert into EMAILS (ID,USUARIO_ID,EMAIL) values (45,565,'facilisis@Aliquam.ca');
Insert into EMAILS (ID,USUARIO_ID,EMAIL) values (46,101,'mauris.blandit@cursuset.edu');
Insert into EMAILS (ID,USUARIO_ID,EMAIL) values (47,379,'aliquet@Fusce.org');
Insert into EMAILS (ID,USUARIO_ID,EMAIL) values (48,556,'elit.pharetra.ut@dui.ca');
Insert into EMAILS (ID,USUARIO_ID,EMAIL) values (49,447,'cursus.purus.Nullam@Nullam.ca');
Insert into EMAILS (ID,USUARIO_ID,EMAIL) values (50,319,'dolor.dolor@nislNulla.org');
Insert into EMAILS (ID,USUARIO_ID,EMAIL) values (51,556,'Cras.interdum@in.org');
Insert into EMAILS (ID,USUARIO_ID,EMAIL) values (52,209,'et@pedePraesent.ca');
Insert into EMAILS (ID,USUARIO_ID,EMAIL) values (53,481,'dolor.dolor.tempus@Aliquam.org');
Insert into EMAILS (ID,USUARIO_ID,EMAIL) values (54,173,'vulputate.velit@malesuadamalesuada.ca');
Insert into EMAILS (ID,USUARIO_ID,EMAIL) values (55,121,'Donec@magnis.ca');
Insert into EMAILS (ID,USUARIO_ID,EMAIL) values (56,190,'dui.nec.tempus@at.org');
Insert into EMAILS (ID,USUARIO_ID,EMAIL) values (57,262,'elementum.purus.accumsan@eratSednunc.org');
Insert into EMAILS (ID,USUARIO_ID,EMAIL) values (58,471,'Quisque.nonummy.ipsum@Nulladignissim.edu');
Insert into EMAILS (ID,USUARIO_ID,EMAIL) values (59,391,'et.ultrices.posuere@Lorem.org');
Insert into EMAILS (ID,USUARIO_ID,EMAIL) values (60,462,'felis.eget.varius@nonbibendumsed.net');
Insert into EMAILS (ID,USUARIO_ID,EMAIL) values (61,310,'rutrum@cursus.edu');
Insert into EMAILS (ID,USUARIO_ID,EMAIL) values (62,523,'In.faucibus@nuncIn.net');
Insert into EMAILS (ID,USUARIO_ID,EMAIL) values (63,493,'a.odio.semper@temporarcuVestibulum.ca');
Insert into EMAILS (ID,USUARIO_ID,EMAIL) values (64,398,'ultrices.iaculis.odio@semperpretium.ca');
Insert into EMAILS (ID,USUARIO_ID,EMAIL) values (65,517,'tortor.Integer.aliquam@justoeuarcu.co.uk');
Insert into EMAILS (ID,USUARIO_ID,EMAIL) values (66,592,'est.vitae.sodales@purusin.com');
Insert into EMAILS (ID,USUARIO_ID,EMAIL) values (67,499,'ridiculus.mus@diamluctus.org');
Insert into EMAILS (ID,USUARIO_ID,EMAIL) values (68,315,'dolor@libero.net');
Insert into EMAILS (ID,USUARIO_ID,EMAIL) values (69,298,'molestie.arcu@consectetuercursus.com');
Insert into EMAILS (ID,USUARIO_ID,EMAIL) values (70,369,'Quisque.tincidunt.pede@Donecvitae.net');
Insert into EMAILS (ID,USUARIO_ID,EMAIL) values (71,594,'purus@imperdietullamcorperDuis.net');
Insert into EMAILS (ID,USUARIO_ID,EMAIL) values (72,525,'hendrerit.id@variusultrices.edu');
Insert into EMAILS (ID,USUARIO_ID,EMAIL) values (73,244,'Duis@ad.ca');
Insert into EMAILS (ID,USUARIO_ID,EMAIL) values (74,481,'nisl.Nulla@consectetuercursus.org');
Insert into EMAILS (ID,USUARIO_ID,EMAIL) values (75,251,'faucibus.orci@dapibusgravida.ca');
Insert into EMAILS (ID,USUARIO_ID,EMAIL) values (76,391,'Nunc.pulvinar@auctorvitaealiquet.net');
Insert into EMAILS (ID,USUARIO_ID,EMAIL) values (77,404,'risus@ipsumleo.net');
Insert into EMAILS (ID,USUARIO_ID,EMAIL) values (78,260,'vel.venenatis.vel@elitpretium.co.uk');
Insert into EMAILS (ID,USUARIO_ID,EMAIL) values (79,352,'Curabitur.vel@dolor.ca');
Insert into EMAILS (ID,USUARIO_ID,EMAIL) values (80,588,'ut.mi@ac.ca');
Insert into EMAILS (ID,USUARIO_ID,EMAIL) values (81,113,'a.ultricies.adipiscing@necimperdietnec.com');
Insert into EMAILS (ID,USUARIO_ID,EMAIL) values (82,396,'vulputate.eu@Duis.org');
Insert into EMAILS (ID,USUARIO_ID,EMAIL) values (83,221,'Sed.eu.eros@est.com');
Insert into EMAILS (ID,USUARIO_ID,EMAIL) values (84,438,'rutrum.justo.Praesent@loremsemper.co.uk');
Insert into EMAILS (ID,USUARIO_ID,EMAIL) values (85,522,'adipiscing.elit.Curabitur@ultricies.edu');
Insert into EMAILS (ID,USUARIO_ID,EMAIL) values (86,432,'nisi.a.odio@lacusAliquam.net');
Insert into EMAILS (ID,USUARIO_ID,EMAIL) values (87,499,'faucibus@in.ca');
Insert into EMAILS (ID,USUARIO_ID,EMAIL) values (88,404,'Fusce@magna.net');
Insert into EMAILS (ID,USUARIO_ID,EMAIL) values (89,526,'vulputate.risus.a@porta.org');
Insert into EMAILS (ID,USUARIO_ID,EMAIL) values (90,482,'pede.malesuada.vel@ullamcorper.co.uk');
Insert into EMAILS (ID,USUARIO_ID,EMAIL) values (91,182,'felis@convallisestvitae.edu');
Insert into EMAILS (ID,USUARIO_ID,EMAIL) values (92,592,'eget.ipsum.Donec@utcursusluctus.net');
Insert into EMAILS (ID,USUARIO_ID,EMAIL) values (93,588,'torquent.per@Cras.com');
Insert into EMAILS (ID,USUARIO_ID,EMAIL) values (94,163,'placerat@placeratorci.net');
Insert into EMAILS (ID,USUARIO_ID,EMAIL) values (95,500,'ut@pedeSuspendissedui.ca');
Insert into EMAILS (ID,USUARIO_ID,EMAIL) values (96,532,'Aenean.egestas.hendrerit@adipiscing.co.uk');
Insert into EMAILS (ID,USUARIO_ID,EMAIL) values (97,506,'Nunc@facilisismagna.edu');
Insert into EMAILS (ID,USUARIO_ID,EMAIL) values (98,201,'Donec@tristiquepharetra.org');
Insert into EMAILS (ID,USUARIO_ID,EMAIL) values (99,203,'ante.dictum.mi@sodalespurusin.edu');
Insert into EMAILS (ID,USUARIO_ID,EMAIL) values (100,510,'massa@augueut.ca');
REM INSERTING into CODIGOS_PROMOCIONALES
SET DEFINE OFF;
Insert into CODIGOS_PROMOCIONALES (ID,CODIGO,VALOR,ESTADO) values (1,'GRN77VYG6IQ',9795,'Ejecutado');
Insert into CODIGOS_PROMOCIONALES (ID,CODIGO,VALOR,ESTADO) values (2,'QIK79THN2CG',26264,'Ejecutado');
Insert into CODIGOS_PROMOCIONALES (ID,CODIGO,VALOR,ESTADO) values (3,'OTP05JFI3XO',12952,'Ejecutado');
Insert into CODIGOS_PROMOCIONALES (ID,CODIGO,VALOR,ESTADO) values (4,'AKZ08CPD9QH',22859,'Ejecutado');
Insert into CODIGOS_PROMOCIONALES (ID,CODIGO,VALOR,ESTADO) values (5,'ZZT32TBM3SS',20744,'Ejecutado');
Insert into CODIGOS_PROMOCIONALES (ID,CODIGO,VALOR,ESTADO) values (6,'MJX36WGC2QS',19247,'Ejecutado');
Insert into CODIGOS_PROMOCIONALES (ID,CODIGO,VALOR,ESTADO) values (7,'PHD85HRQ2MW',9674,'Inactivo');
Insert into CODIGOS_PROMOCIONALES (ID,CODIGO,VALOR,ESTADO) values (8,'EUY18NYE9WR',5078,'Inactivo');
Insert into CODIGOS_PROMOCIONALES (ID,CODIGO,VALOR,ESTADO) values (9,'TMO58FWP9VD',27507,'Ejecutado');
Insert into CODIGOS_PROMOCIONALES (ID,CODIGO,VALOR,ESTADO) values (10,'WVG58MVC4TK',24094,'Ejecutado');
Insert into CODIGOS_PROMOCIONALES (ID,CODIGO,VALOR,ESTADO) values (11,'XOA65FZP2GM',24749,'Activo');
Insert into CODIGOS_PROMOCIONALES (ID,CODIGO,VALOR,ESTADO) values (12,'CHU69ASV9QW',25227,'Ejecutado');
Insert into CODIGOS_PROMOCIONALES (ID,CODIGO,VALOR,ESTADO) values (13,'NMH42VNM9TJ',24200,'Inactivo');
Insert into CODIGOS_PROMOCIONALES (ID,CODIGO,VALOR,ESTADO) values (14,'BWS42GEA3YA',11641,'Inactivo');
Insert into CODIGOS_PROMOCIONALES (ID,CODIGO,VALOR,ESTADO) values (15,'DOR41MMY6UI',14920,'Activo');
Insert into CODIGOS_PROMOCIONALES (ID,CODIGO,VALOR,ESTADO) values (16,'QMG84IWD0VB',29693,'Inactivo');
Insert into CODIGOS_PROMOCIONALES (ID,CODIGO,VALOR,ESTADO) values (17,'QEA81DCX7JX',17676,'Ejecutado');
Insert into CODIGOS_PROMOCIONALES (ID,CODIGO,VALOR,ESTADO) values (18,'BTZ46FBT7YW',12149,'Ejecutado');
Insert into CODIGOS_PROMOCIONALES (ID,CODIGO,VALOR,ESTADO) values (19,'WRK54IQM2ON',6580,'Ejecutado');
Insert into CODIGOS_PROMOCIONALES (ID,CODIGO,VALOR,ESTADO) values (20,'DVB75PIP0AT',28018,'Ejecutado');
Insert into CODIGOS_PROMOCIONALES (ID,CODIGO,VALOR,ESTADO) values (21,'OVI57OUQ7UJ',20696,'Ejecutado');
Insert into CODIGOS_PROMOCIONALES (ID,CODIGO,VALOR,ESTADO) values (22,'MVE07FYF1NC',23772,'Inactivo');
Insert into CODIGOS_PROMOCIONALES (ID,CODIGO,VALOR,ESTADO) values (23,'MQR50FIL0BP',6618,'Ejecutado');
Insert into CODIGOS_PROMOCIONALES (ID,CODIGO,VALOR,ESTADO) values (24,'LYH29CPM2XJ',10701,'Ejecutado');
Insert into CODIGOS_PROMOCIONALES (ID,CODIGO,VALOR,ESTADO) values (25,'JFO37FJU6GM',5940,'Inactivo');
Insert into CODIGOS_PROMOCIONALES (ID,CODIGO,VALOR,ESTADO) values (26,'GCA44KHE3NO',22881,'Inactivo');
Insert into CODIGOS_PROMOCIONALES (ID,CODIGO,VALOR,ESTADO) values (27,'MMK38ZOU3GT',29468,'Inactivo');
Insert into CODIGOS_PROMOCIONALES (ID,CODIGO,VALOR,ESTADO) values (28,'UHH38PBK9LD',14861,'Inactivo');
Insert into CODIGOS_PROMOCIONALES (ID,CODIGO,VALOR,ESTADO) values (29,'JGC59PXW5JL',26235,'Activo');
Insert into CODIGOS_PROMOCIONALES (ID,CODIGO,VALOR,ESTADO) values (30,'EPU66CXW7XP',24551,'Inactivo');
Insert into CODIGOS_PROMOCIONALES (ID,CODIGO,VALOR,ESTADO) values (31,'CAD36FKP7WO',29000,'Inactivo');
Insert into CODIGOS_PROMOCIONALES (ID,CODIGO,VALOR,ESTADO) values (32,'VSQ01MNN2XZ',28651,'Ejecutado');
Insert into CODIGOS_PROMOCIONALES (ID,CODIGO,VALOR,ESTADO) values (33,'APQ75KCU9MS',12357,'Ejecutado');
Insert into CODIGOS_PROMOCIONALES (ID,CODIGO,VALOR,ESTADO) values (34,'LBW94SFT1XF',21748,'Inactivo');
Insert into CODIGOS_PROMOCIONALES (ID,CODIGO,VALOR,ESTADO) values (35,'BZU54JJN1OX',15513,'Ejecutado');
Insert into CODIGOS_PROMOCIONALES (ID,CODIGO,VALOR,ESTADO) values (36,'ETF36GDB4EC',28475,'Ejecutado');
Insert into CODIGOS_PROMOCIONALES (ID,CODIGO,VALOR,ESTADO) values (37,'SBR42WIM8ZA',5319,'Ejecutado');
Insert into CODIGOS_PROMOCIONALES (ID,CODIGO,VALOR,ESTADO) values (38,'IEG89UHC7VD',20218,'Inactivo');
Insert into CODIGOS_PROMOCIONALES (ID,CODIGO,VALOR,ESTADO) values (39,'YII10LIG5KE',12826,'Inactivo');
Insert into CODIGOS_PROMOCIONALES (ID,CODIGO,VALOR,ESTADO) values (40,'DAR21WXF1YI',17112,'Inactivo');
Insert into CODIGOS_PROMOCIONALES (ID,CODIGO,VALOR,ESTADO) values (41,'YNC45MHJ7AV',18658,'Activo');
Insert into CODIGOS_PROMOCIONALES (ID,CODIGO,VALOR,ESTADO) values (42,'VBQ17EJA9FK',20675,'Ejecutado');
Insert into CODIGOS_PROMOCIONALES (ID,CODIGO,VALOR,ESTADO) values (43,'XOC99KPL0PG',22977,'Inactivo');
Insert into CODIGOS_PROMOCIONALES (ID,CODIGO,VALOR,ESTADO) values (44,'COC29IOZ4BM',18020,'Ejecutado');
Insert into CODIGOS_PROMOCIONALES (ID,CODIGO,VALOR,ESTADO) values (45,'CUC54GXB2HB',14365,'Inactivo');
Insert into CODIGOS_PROMOCIONALES (ID,CODIGO,VALOR,ESTADO) values (46,'UTG38XTJ2UU',28037,'Activo');
Insert into CODIGOS_PROMOCIONALES (ID,CODIGO,VALOR,ESTADO) values (47,'VMG55QGJ7PG',18686,'Activo');
Insert into CODIGOS_PROMOCIONALES (ID,CODIGO,VALOR,ESTADO) values (48,'SPM16ZFN6AQ',21639,'Ejecutado');
Insert into CODIGOS_PROMOCIONALES (ID,CODIGO,VALOR,ESTADO) values (49,'OEF62VPF1MN',14839,'Activo');
Insert into CODIGOS_PROMOCIONALES (ID,CODIGO,VALOR,ESTADO) values (50,'NOR21GWA2WM',18892,'Ejecutado');
Insert into CODIGOS_PROMOCIONALES (ID,CODIGO,VALOR,ESTADO) values (51,'IIJ88ADZ2XE',9785,'Activo');
Insert into CODIGOS_PROMOCIONALES (ID,CODIGO,VALOR,ESTADO) values (52,'XPY34BMT6IT',9745,'Ejecutado');
Insert into CODIGOS_PROMOCIONALES (ID,CODIGO,VALOR,ESTADO) values (53,'DDV85OFY0LW',19456,'Activo');
Insert into CODIGOS_PROMOCIONALES (ID,CODIGO,VALOR,ESTADO) values (54,'LQZ21VJN5FO',7681,'Ejecutado');
Insert into CODIGOS_PROMOCIONALES (ID,CODIGO,VALOR,ESTADO) values (55,'LDQ82QBF2ZG',14757,'Inactivo');
Insert into CODIGOS_PROMOCIONALES (ID,CODIGO,VALOR,ESTADO) values (56,'YPC63VQR3HC',6304,'Ejecutado');
Insert into CODIGOS_PROMOCIONALES (ID,CODIGO,VALOR,ESTADO) values (57,'CBS08IYR9HN',9713,'Ejecutado');
Insert into CODIGOS_PROMOCIONALES (ID,CODIGO,VALOR,ESTADO) values (58,'ZBD99NIU2UR',5260,'Inactivo');
Insert into CODIGOS_PROMOCIONALES (ID,CODIGO,VALOR,ESTADO) values (59,'NSV06IEE6TM',27717,'Inactivo');
Insert into CODIGOS_PROMOCIONALES (ID,CODIGO,VALOR,ESTADO) values (60,'UHQ67NPH0YA',25571,'Ejecutado');
Insert into CODIGOS_PROMOCIONALES (ID,CODIGO,VALOR,ESTADO) values (61,'XIJ39MNK9EN',28766,'Ejecutado');
Insert into CODIGOS_PROMOCIONALES (ID,CODIGO,VALOR,ESTADO) values (62,'SGF48BJY1YK',27867,'Inactivo');
Insert into CODIGOS_PROMOCIONALES (ID,CODIGO,VALOR,ESTADO) values (63,'MVR16NZO8XG',14073,'Ejecutado');
Insert into CODIGOS_PROMOCIONALES (ID,CODIGO,VALOR,ESTADO) values (64,'UMN11OKK8XM',11920,'Activo');
Insert into CODIGOS_PROMOCIONALES (ID,CODIGO,VALOR,ESTADO) values (65,'RMA26HHY8TA',17307,'Ejecutado');
Insert into CODIGOS_PROMOCIONALES (ID,CODIGO,VALOR,ESTADO) values (66,'UDH27TTU9EX',10691,'Activo');
Insert into CODIGOS_PROMOCIONALES (ID,CODIGO,VALOR,ESTADO) values (67,'ORV83GTB9SI',22425,'Ejecutado');
Insert into CODIGOS_PROMOCIONALES (ID,CODIGO,VALOR,ESTADO) values (68,'WLM74TRC0FS',14191,'Ejecutado');
Insert into CODIGOS_PROMOCIONALES (ID,CODIGO,VALOR,ESTADO) values (69,'TWW54BPX3CZ',12983,'Ejecutado');
Insert into CODIGOS_PROMOCIONALES (ID,CODIGO,VALOR,ESTADO) values (70,'NZC89UIS5JA',12825,'Ejecutado');
Insert into CODIGOS_PROMOCIONALES (ID,CODIGO,VALOR,ESTADO) values (71,'OYW53WZT8LD',21304,'Ejecutado');
Insert into CODIGOS_PROMOCIONALES (ID,CODIGO,VALOR,ESTADO) values (72,'CCV99TJR2LR',19820,'Inactivo');
Insert into CODIGOS_PROMOCIONALES (ID,CODIGO,VALOR,ESTADO) values (73,'TXT44VNV2DV',20502,'Activo');
Insert into CODIGOS_PROMOCIONALES (ID,CODIGO,VALOR,ESTADO) values (74,'JCS97QWE0OO',5508,'Inactivo');
Insert into CODIGOS_PROMOCIONALES (ID,CODIGO,VALOR,ESTADO) values (75,'SNT71POR0BI',20902,'Activo');
Insert into CODIGOS_PROMOCIONALES (ID,CODIGO,VALOR,ESTADO) values (76,'LIN68QPR2WU',17202,'Ejecutado');
Insert into CODIGOS_PROMOCIONALES (ID,CODIGO,VALOR,ESTADO) values (77,'EDB06IGQ9CX',10787,'Ejecutado');
Insert into CODIGOS_PROMOCIONALES (ID,CODIGO,VALOR,ESTADO) values (78,'IHJ81GTC9JO',7191,'Ejecutado');
Insert into CODIGOS_PROMOCIONALES (ID,CODIGO,VALOR,ESTADO) values (79,'DFW57RNT8ZB',20371,'Inactivo');
Insert into CODIGOS_PROMOCIONALES (ID,CODIGO,VALOR,ESTADO) values (80,'ELS91DEG3SV',15273,'Inactivo');
Insert into CODIGOS_PROMOCIONALES (ID,CODIGO,VALOR,ESTADO) values (81,'TAA63CTN6MG',14950,'Activo');
Insert into CODIGOS_PROMOCIONALES (ID,CODIGO,VALOR,ESTADO) values (82,'KGF68HXI3GR',28109,'Inactivo');
Insert into CODIGOS_PROMOCIONALES (ID,CODIGO,VALOR,ESTADO) values (83,'IWA25KBC5EX',8106,'Inactivo');
Insert into CODIGOS_PROMOCIONALES (ID,CODIGO,VALOR,ESTADO) values (84,'MJH02SFG9SX',6869,'Ejecutado');
Insert into CODIGOS_PROMOCIONALES (ID,CODIGO,VALOR,ESTADO) values (85,'ARX47UAG0RV',23636,'Activo');
Insert into CODIGOS_PROMOCIONALES (ID,CODIGO,VALOR,ESTADO) values (86,'UMY24LGC3FS',29465,'Activo');
Insert into CODIGOS_PROMOCIONALES (ID,CODIGO,VALOR,ESTADO) values (87,'ESU72HOH2LI',29478,'Activo');
Insert into CODIGOS_PROMOCIONALES (ID,CODIGO,VALOR,ESTADO) values (88,'WEG83ICA5TT',17823,'Inactivo');
Insert into CODIGOS_PROMOCIONALES (ID,CODIGO,VALOR,ESTADO) values (89,'UVC62XXU6OI',23723,'Inactivo');
Insert into CODIGOS_PROMOCIONALES (ID,CODIGO,VALOR,ESTADO) values (90,'GIZ84ATI7YN',13897,'Activo');
Insert into CODIGOS_PROMOCIONALES (ID,CODIGO,VALOR,ESTADO) values (91,'HZO75JVH8SR',13234,'Activo');
Insert into CODIGOS_PROMOCIONALES (ID,CODIGO,VALOR,ESTADO) values (92,'WCD48FOW9VN',5784,'Activo');
Insert into CODIGOS_PROMOCIONALES (ID,CODIGO,VALOR,ESTADO) values (93,'VZT46YNZ9XX',15702,'Ejecutado');
Insert into CODIGOS_PROMOCIONALES (ID,CODIGO,VALOR,ESTADO) values (94,'BWA39OBG6NK',5686,'Ejecutado');
Insert into CODIGOS_PROMOCIONALES (ID,CODIGO,VALOR,ESTADO) values (95,'FBN84KPP3JA',6019,'Ejecutado');
Insert into CODIGOS_PROMOCIONALES (ID,CODIGO,VALOR,ESTADO) values (96,'NJA11IME5DY',13064,'Inactivo');
Insert into CODIGOS_PROMOCIONALES (ID,CODIGO,VALOR,ESTADO) values (97,'QNM81QHK2AR',19017,'Activo');
Insert into CODIGOS_PROMOCIONALES (ID,CODIGO,VALOR,ESTADO) values (98,'JQT75MZS4DZ',7413,'Activo');
Insert into CODIGOS_PROMOCIONALES (ID,CODIGO,VALOR,ESTADO) values (99,'AXJ75AQX9GK',14820,'Ejecutado');
Insert into CODIGOS_PROMOCIONALES (ID,CODIGO,VALOR,ESTADO) values (100,'BEJ03NYH1CV',13097,'Ejecutado');
REM INSERTING into USUARIOS_CODIGOS_PROMOCIONALES
SET DEFINE OFF;
Insert into USUARIOS_CODIGOS_PROMOCIONALES (ID,USUARIO_ID,CODIGO_PROMOCIONAL_ID) values (1,534,40);
Insert into USUARIOS_CODIGOS_PROMOCIONALES (ID,USUARIO_ID,CODIGO_PROMOCIONAL_ID) values (2,342,83);
Insert into USUARIOS_CODIGOS_PROMOCIONALES (ID,USUARIO_ID,CODIGO_PROMOCIONAL_ID) values (3,526,77);
Insert into USUARIOS_CODIGOS_PROMOCIONALES (ID,USUARIO_ID,CODIGO_PROMOCIONAL_ID) values (4,439,91);
Insert into USUARIOS_CODIGOS_PROMOCIONALES (ID,USUARIO_ID,CODIGO_PROMOCIONAL_ID) values (5,291,73);
Insert into USUARIOS_CODIGOS_PROMOCIONALES (ID,USUARIO_ID,CODIGO_PROMOCIONAL_ID) values (6,119,79);
Insert into USUARIOS_CODIGOS_PROMOCIONALES (ID,USUARIO_ID,CODIGO_PROMOCIONAL_ID) values (7,560,76);
Insert into USUARIOS_CODIGOS_PROMOCIONALES (ID,USUARIO_ID,CODIGO_PROMOCIONAL_ID) values (8,520,29);
Insert into USUARIOS_CODIGOS_PROMOCIONALES (ID,USUARIO_ID,CODIGO_PROMOCIONAL_ID) values (9,566,39);
Insert into USUARIOS_CODIGOS_PROMOCIONALES (ID,USUARIO_ID,CODIGO_PROMOCIONAL_ID) values (10,185,44);
Insert into USUARIOS_CODIGOS_PROMOCIONALES (ID,USUARIO_ID,CODIGO_PROMOCIONAL_ID) values (11,464,100);
Insert into USUARIOS_CODIGOS_PROMOCIONALES (ID,USUARIO_ID,CODIGO_PROMOCIONAL_ID) values (12,575,58);
Insert into USUARIOS_CODIGOS_PROMOCIONALES (ID,USUARIO_ID,CODIGO_PROMOCIONAL_ID) values (13,164,58);
Insert into USUARIOS_CODIGOS_PROMOCIONALES (ID,USUARIO_ID,CODIGO_PROMOCIONAL_ID) values (14,311,9);
Insert into USUARIOS_CODIGOS_PROMOCIONALES (ID,USUARIO_ID,CODIGO_PROMOCIONAL_ID) values (15,188,88);
Insert into USUARIOS_CODIGOS_PROMOCIONALES (ID,USUARIO_ID,CODIGO_PROMOCIONAL_ID) values (16,320,21);
Insert into USUARIOS_CODIGOS_PROMOCIONALES (ID,USUARIO_ID,CODIGO_PROMOCIONAL_ID) values (17,131,85);
Insert into USUARIOS_CODIGOS_PROMOCIONALES (ID,USUARIO_ID,CODIGO_PROMOCIONAL_ID) values (18,591,14);
Insert into USUARIOS_CODIGOS_PROMOCIONALES (ID,USUARIO_ID,CODIGO_PROMOCIONAL_ID) values (19,318,54);
Insert into USUARIOS_CODIGOS_PROMOCIONALES (ID,USUARIO_ID,CODIGO_PROMOCIONAL_ID) values (20,502,86);
Insert into USUARIOS_CODIGOS_PROMOCIONALES (ID,USUARIO_ID,CODIGO_PROMOCIONAL_ID) values (21,475,25);
Insert into USUARIOS_CODIGOS_PROMOCIONALES (ID,USUARIO_ID,CODIGO_PROMOCIONAL_ID) values (22,151,31);
Insert into USUARIOS_CODIGOS_PROMOCIONALES (ID,USUARIO_ID,CODIGO_PROMOCIONAL_ID) values (23,103,100);
Insert into USUARIOS_CODIGOS_PROMOCIONALES (ID,USUARIO_ID,CODIGO_PROMOCIONAL_ID) values (24,131,45);
Insert into USUARIOS_CODIGOS_PROMOCIONALES (ID,USUARIO_ID,CODIGO_PROMOCIONAL_ID) values (25,233,80);
Insert into USUARIOS_CODIGOS_PROMOCIONALES (ID,USUARIO_ID,CODIGO_PROMOCIONAL_ID) values (26,213,98);
Insert into USUARIOS_CODIGOS_PROMOCIONALES (ID,USUARIO_ID,CODIGO_PROMOCIONAL_ID) values (27,212,93);
Insert into USUARIOS_CODIGOS_PROMOCIONALES (ID,USUARIO_ID,CODIGO_PROMOCIONAL_ID) values (28,341,76);
Insert into USUARIOS_CODIGOS_PROMOCIONALES (ID,USUARIO_ID,CODIGO_PROMOCIONAL_ID) values (29,308,78);
Insert into USUARIOS_CODIGOS_PROMOCIONALES (ID,USUARIO_ID,CODIGO_PROMOCIONAL_ID) values (30,430,5);
Insert into USUARIOS_CODIGOS_PROMOCIONALES (ID,USUARIO_ID,CODIGO_PROMOCIONAL_ID) values (31,111,69);
Insert into USUARIOS_CODIGOS_PROMOCIONALES (ID,USUARIO_ID,CODIGO_PROMOCIONAL_ID) values (32,101,36);
Insert into USUARIOS_CODIGOS_PROMOCIONALES (ID,USUARIO_ID,CODIGO_PROMOCIONAL_ID) values (33,504,16);
Insert into USUARIOS_CODIGOS_PROMOCIONALES (ID,USUARIO_ID,CODIGO_PROMOCIONAL_ID) values (34,113,19);
Insert into USUARIOS_CODIGOS_PROMOCIONALES (ID,USUARIO_ID,CODIGO_PROMOCIONAL_ID) values (35,454,38);
Insert into USUARIOS_CODIGOS_PROMOCIONALES (ID,USUARIO_ID,CODIGO_PROMOCIONAL_ID) values (36,493,49);
Insert into USUARIOS_CODIGOS_PROMOCIONALES (ID,USUARIO_ID,CODIGO_PROMOCIONAL_ID) values (37,456,94);
Insert into USUARIOS_CODIGOS_PROMOCIONALES (ID,USUARIO_ID,CODIGO_PROMOCIONAL_ID) values (38,418,46);
Insert into USUARIOS_CODIGOS_PROMOCIONALES (ID,USUARIO_ID,CODIGO_PROMOCIONAL_ID) values (39,245,85);
Insert into USUARIOS_CODIGOS_PROMOCIONALES (ID,USUARIO_ID,CODIGO_PROMOCIONAL_ID) values (40,593,35);
Insert into USUARIOS_CODIGOS_PROMOCIONALES (ID,USUARIO_ID,CODIGO_PROMOCIONAL_ID) values (41,216,63);
Insert into USUARIOS_CODIGOS_PROMOCIONALES (ID,USUARIO_ID,CODIGO_PROMOCIONAL_ID) values (42,254,12);
Insert into USUARIOS_CODIGOS_PROMOCIONALES (ID,USUARIO_ID,CODIGO_PROMOCIONAL_ID) values (43,571,56);
Insert into USUARIOS_CODIGOS_PROMOCIONALES (ID,USUARIO_ID,CODIGO_PROMOCIONAL_ID) values (44,535,29);
Insert into USUARIOS_CODIGOS_PROMOCIONALES (ID,USUARIO_ID,CODIGO_PROMOCIONAL_ID) values (45,503,3);
Insert into USUARIOS_CODIGOS_PROMOCIONALES (ID,USUARIO_ID,CODIGO_PROMOCIONAL_ID) values (46,356,40);
Insert into USUARIOS_CODIGOS_PROMOCIONALES (ID,USUARIO_ID,CODIGO_PROMOCIONAL_ID) values (47,252,77);
Insert into USUARIOS_CODIGOS_PROMOCIONALES (ID,USUARIO_ID,CODIGO_PROMOCIONAL_ID) values (48,414,60);
Insert into USUARIOS_CODIGOS_PROMOCIONALES (ID,USUARIO_ID,CODIGO_PROMOCIONAL_ID) values (49,509,73);
Insert into USUARIOS_CODIGOS_PROMOCIONALES (ID,USUARIO_ID,CODIGO_PROMOCIONAL_ID) values (50,402,12);
Insert into USUARIOS_CODIGOS_PROMOCIONALES (ID,USUARIO_ID,CODIGO_PROMOCIONAL_ID) values (51,407,74);
Insert into USUARIOS_CODIGOS_PROMOCIONALES (ID,USUARIO_ID,CODIGO_PROMOCIONAL_ID) values (52,130,13);
Insert into USUARIOS_CODIGOS_PROMOCIONALES (ID,USUARIO_ID,CODIGO_PROMOCIONAL_ID) values (53,268,45);
Insert into USUARIOS_CODIGOS_PROMOCIONALES (ID,USUARIO_ID,CODIGO_PROMOCIONAL_ID) values (54,164,71);
Insert into USUARIOS_CODIGOS_PROMOCIONALES (ID,USUARIO_ID,CODIGO_PROMOCIONAL_ID) values (55,347,29);
Insert into USUARIOS_CODIGOS_PROMOCIONALES (ID,USUARIO_ID,CODIGO_PROMOCIONAL_ID) values (56,440,45);
Insert into USUARIOS_CODIGOS_PROMOCIONALES (ID,USUARIO_ID,CODIGO_PROMOCIONAL_ID) values (57,548,80);
Insert into USUARIOS_CODIGOS_PROMOCIONALES (ID,USUARIO_ID,CODIGO_PROMOCIONAL_ID) values (58,245,20);
Insert into USUARIOS_CODIGOS_PROMOCIONALES (ID,USUARIO_ID,CODIGO_PROMOCIONAL_ID) values (59,235,98);
Insert into USUARIOS_CODIGOS_PROMOCIONALES (ID,USUARIO_ID,CODIGO_PROMOCIONAL_ID) values (60,380,30);
Insert into USUARIOS_CODIGOS_PROMOCIONALES (ID,USUARIO_ID,CODIGO_PROMOCIONAL_ID) values (61,291,88);
Insert into USUARIOS_CODIGOS_PROMOCIONALES (ID,USUARIO_ID,CODIGO_PROMOCIONAL_ID) values (62,188,55);
Insert into USUARIOS_CODIGOS_PROMOCIONALES (ID,USUARIO_ID,CODIGO_PROMOCIONAL_ID) values (63,177,82);
Insert into USUARIOS_CODIGOS_PROMOCIONALES (ID,USUARIO_ID,CODIGO_PROMOCIONAL_ID) values (64,430,94);
Insert into USUARIOS_CODIGOS_PROMOCIONALES (ID,USUARIO_ID,CODIGO_PROMOCIONAL_ID) values (65,541,28);
Insert into USUARIOS_CODIGOS_PROMOCIONALES (ID,USUARIO_ID,CODIGO_PROMOCIONAL_ID) values (66,473,65);
Insert into USUARIOS_CODIGOS_PROMOCIONALES (ID,USUARIO_ID,CODIGO_PROMOCIONAL_ID) values (67,514,15);
Insert into USUARIOS_CODIGOS_PROMOCIONALES (ID,USUARIO_ID,CODIGO_PROMOCIONAL_ID) values (68,522,45);
Insert into USUARIOS_CODIGOS_PROMOCIONALES (ID,USUARIO_ID,CODIGO_PROMOCIONAL_ID) values (69,388,82);
Insert into USUARIOS_CODIGOS_PROMOCIONALES (ID,USUARIO_ID,CODIGO_PROMOCIONAL_ID) values (70,311,88);
Insert into USUARIOS_CODIGOS_PROMOCIONALES (ID,USUARIO_ID,CODIGO_PROMOCIONAL_ID) values (71,395,85);
Insert into USUARIOS_CODIGOS_PROMOCIONALES (ID,USUARIO_ID,CODIGO_PROMOCIONAL_ID) values (72,470,69);
Insert into USUARIOS_CODIGOS_PROMOCIONALES (ID,USUARIO_ID,CODIGO_PROMOCIONAL_ID) values (73,305,7);
Insert into USUARIOS_CODIGOS_PROMOCIONALES (ID,USUARIO_ID,CODIGO_PROMOCIONAL_ID) values (74,406,74);
Insert into USUARIOS_CODIGOS_PROMOCIONALES (ID,USUARIO_ID,CODIGO_PROMOCIONAL_ID) values (75,115,86);
Insert into USUARIOS_CODIGOS_PROMOCIONALES (ID,USUARIO_ID,CODIGO_PROMOCIONAL_ID) values (76,447,19);
Insert into USUARIOS_CODIGOS_PROMOCIONALES (ID,USUARIO_ID,CODIGO_PROMOCIONAL_ID) values (77,419,15);
Insert into USUARIOS_CODIGOS_PROMOCIONALES (ID,USUARIO_ID,CODIGO_PROMOCIONAL_ID) values (78,387,45);
Insert into USUARIOS_CODIGOS_PROMOCIONALES (ID,USUARIO_ID,CODIGO_PROMOCIONAL_ID) values (79,307,81);
Insert into USUARIOS_CODIGOS_PROMOCIONALES (ID,USUARIO_ID,CODIGO_PROMOCIONAL_ID) values (80,320,52);
Insert into USUARIOS_CODIGOS_PROMOCIONALES (ID,USUARIO_ID,CODIGO_PROMOCIONAL_ID) values (81,288,36);
Insert into USUARIOS_CODIGOS_PROMOCIONALES (ID,USUARIO_ID,CODIGO_PROMOCIONAL_ID) values (82,363,37);
Insert into USUARIOS_CODIGOS_PROMOCIONALES (ID,USUARIO_ID,CODIGO_PROMOCIONAL_ID) values (83,222,2);
Insert into USUARIOS_CODIGOS_PROMOCIONALES (ID,USUARIO_ID,CODIGO_PROMOCIONAL_ID) values (84,133,53);
Insert into USUARIOS_CODIGOS_PROMOCIONALES (ID,USUARIO_ID,CODIGO_PROMOCIONAL_ID) values (85,261,95);
Insert into USUARIOS_CODIGOS_PROMOCIONALES (ID,USUARIO_ID,CODIGO_PROMOCIONAL_ID) values (86,532,11);
Insert into USUARIOS_CODIGOS_PROMOCIONALES (ID,USUARIO_ID,CODIGO_PROMOCIONAL_ID) values (87,541,26);
Insert into USUARIOS_CODIGOS_PROMOCIONALES (ID,USUARIO_ID,CODIGO_PROMOCIONAL_ID) values (88,334,47);
Insert into USUARIOS_CODIGOS_PROMOCIONALES (ID,USUARIO_ID,CODIGO_PROMOCIONAL_ID) values (89,332,53);
Insert into USUARIOS_CODIGOS_PROMOCIONALES (ID,USUARIO_ID,CODIGO_PROMOCIONAL_ID) values (90,280,84);
Insert into USUARIOS_CODIGOS_PROMOCIONALES (ID,USUARIO_ID,CODIGO_PROMOCIONAL_ID) values (91,566,86);
Insert into USUARIOS_CODIGOS_PROMOCIONALES (ID,USUARIO_ID,CODIGO_PROMOCIONAL_ID) values (92,572,23);
Insert into USUARIOS_CODIGOS_PROMOCIONALES (ID,USUARIO_ID,CODIGO_PROMOCIONAL_ID) values (93,216,3);
Insert into USUARIOS_CODIGOS_PROMOCIONALES (ID,USUARIO_ID,CODIGO_PROMOCIONAL_ID) values (94,402,91);
Insert into USUARIOS_CODIGOS_PROMOCIONALES (ID,USUARIO_ID,CODIGO_PROMOCIONAL_ID) values (95,526,45);
Insert into USUARIOS_CODIGOS_PROMOCIONALES (ID,USUARIO_ID,CODIGO_PROMOCIONAL_ID) values (96,269,74);
Insert into USUARIOS_CODIGOS_PROMOCIONALES (ID,USUARIO_ID,CODIGO_PROMOCIONAL_ID) values (97,201,9);
Insert into USUARIOS_CODIGOS_PROMOCIONALES (ID,USUARIO_ID,CODIGO_PROMOCIONAL_ID) values (98,508,75);
Insert into USUARIOS_CODIGOS_PROMOCIONALES (ID,USUARIO_ID,CODIGO_PROMOCIONAL_ID) values (99,166,21);
Insert into USUARIOS_CODIGOS_PROMOCIONALES (ID,USUARIO_ID,CODIGO_PROMOCIONAL_ID) values (100,378,14);
REM INSERTING into ASIGNACIONES_VEHICULOS
SET DEFINE OFF;
Insert into ASIGNACIONES_VEHICULOS (ID,USUARIO_ID,VEHICULO_ID) values (1,1,1);
Insert into ASIGNACIONES_VEHICULOS (ID,USUARIO_ID,VEHICULO_ID) values (2,2,2);
Insert into ASIGNACIONES_VEHICULOS (ID,USUARIO_ID,VEHICULO_ID) values (3,3,3);
Insert into ASIGNACIONES_VEHICULOS (ID,USUARIO_ID,VEHICULO_ID) values (4,4,4);
Insert into ASIGNACIONES_VEHICULOS (ID,USUARIO_ID,VEHICULO_ID) values (5,5,5);
Insert into ASIGNACIONES_VEHICULOS (ID,USUARIO_ID,VEHICULO_ID) values (6,6,6);
Insert into ASIGNACIONES_VEHICULOS (ID,USUARIO_ID,VEHICULO_ID) values (7,7,7);
Insert into ASIGNACIONES_VEHICULOS (ID,USUARIO_ID,VEHICULO_ID) values (8,8,8);
Insert into ASIGNACIONES_VEHICULOS (ID,USUARIO_ID,VEHICULO_ID) values (9,9,9);
Insert into ASIGNACIONES_VEHICULOS (ID,USUARIO_ID,VEHICULO_ID) values (10,10,10);
Insert into ASIGNACIONES_VEHICULOS (ID,USUARIO_ID,VEHICULO_ID) values (11,11,11);
Insert into ASIGNACIONES_VEHICULOS (ID,USUARIO_ID,VEHICULO_ID) values (12,12,12);
Insert into ASIGNACIONES_VEHICULOS (ID,USUARIO_ID,VEHICULO_ID) values (13,13,13);
Insert into ASIGNACIONES_VEHICULOS (ID,USUARIO_ID,VEHICULO_ID) values (14,14,14);
Insert into ASIGNACIONES_VEHICULOS (ID,USUARIO_ID,VEHICULO_ID) values (15,15,15);
Insert into ASIGNACIONES_VEHICULOS (ID,USUARIO_ID,VEHICULO_ID) values (16,16,16);
Insert into ASIGNACIONES_VEHICULOS (ID,USUARIO_ID,VEHICULO_ID) values (17,17,17);
Insert into ASIGNACIONES_VEHICULOS (ID,USUARIO_ID,VEHICULO_ID) values (18,18,18);
Insert into ASIGNACIONES_VEHICULOS (ID,USUARIO_ID,VEHICULO_ID) values (19,19,19);
Insert into ASIGNACIONES_VEHICULOS (ID,USUARIO_ID,VEHICULO_ID) values (20,20,20);
Insert into ASIGNACIONES_VEHICULOS (ID,USUARIO_ID,VEHICULO_ID) values (21,21,21);
Insert into ASIGNACIONES_VEHICULOS (ID,USUARIO_ID,VEHICULO_ID) values (22,22,22);
Insert into ASIGNACIONES_VEHICULOS (ID,USUARIO_ID,VEHICULO_ID) values (23,23,23);
Insert into ASIGNACIONES_VEHICULOS (ID,USUARIO_ID,VEHICULO_ID) values (24,24,24);
Insert into ASIGNACIONES_VEHICULOS (ID,USUARIO_ID,VEHICULO_ID) values (25,25,25);
Insert into ASIGNACIONES_VEHICULOS (ID,USUARIO_ID,VEHICULO_ID) values (26,26,26);
Insert into ASIGNACIONES_VEHICULOS (ID,USUARIO_ID,VEHICULO_ID) values (27,27,27);
Insert into ASIGNACIONES_VEHICULOS (ID,USUARIO_ID,VEHICULO_ID) values (28,28,28);
Insert into ASIGNACIONES_VEHICULOS (ID,USUARIO_ID,VEHICULO_ID) values (29,29,29);
Insert into ASIGNACIONES_VEHICULOS (ID,USUARIO_ID,VEHICULO_ID) values (30,30,30);
Insert into ASIGNACIONES_VEHICULOS (ID,USUARIO_ID,VEHICULO_ID) values (31,31,31);
Insert into ASIGNACIONES_VEHICULOS (ID,USUARIO_ID,VEHICULO_ID) values (32,32,32);
Insert into ASIGNACIONES_VEHICULOS (ID,USUARIO_ID,VEHICULO_ID) values (33,33,33);
Insert into ASIGNACIONES_VEHICULOS (ID,USUARIO_ID,VEHICULO_ID) values (34,34,34);
Insert into ASIGNACIONES_VEHICULOS (ID,USUARIO_ID,VEHICULO_ID) values (35,35,35);
Insert into ASIGNACIONES_VEHICULOS (ID,USUARIO_ID,VEHICULO_ID) values (36,36,36);
Insert into ASIGNACIONES_VEHICULOS (ID,USUARIO_ID,VEHICULO_ID) values (37,37,37);
Insert into ASIGNACIONES_VEHICULOS (ID,USUARIO_ID,VEHICULO_ID) values (38,38,38);
Insert into ASIGNACIONES_VEHICULOS (ID,USUARIO_ID,VEHICULO_ID) values (39,39,39);
Insert into ASIGNACIONES_VEHICULOS (ID,USUARIO_ID,VEHICULO_ID) values (40,40,40);
Insert into ASIGNACIONES_VEHICULOS (ID,USUARIO_ID,VEHICULO_ID) values (41,41,41);
Insert into ASIGNACIONES_VEHICULOS (ID,USUARIO_ID,VEHICULO_ID) values (42,42,42);
Insert into ASIGNACIONES_VEHICULOS (ID,USUARIO_ID,VEHICULO_ID) values (43,43,43);
Insert into ASIGNACIONES_VEHICULOS (ID,USUARIO_ID,VEHICULO_ID) values (44,44,44);
Insert into ASIGNACIONES_VEHICULOS (ID,USUARIO_ID,VEHICULO_ID) values (45,45,45);
Insert into ASIGNACIONES_VEHICULOS (ID,USUARIO_ID,VEHICULO_ID) values (46,46,46);
Insert into ASIGNACIONES_VEHICULOS (ID,USUARIO_ID,VEHICULO_ID) values (47,47,47);
Insert into ASIGNACIONES_VEHICULOS (ID,USUARIO_ID,VEHICULO_ID) values (48,48,48);
Insert into ASIGNACIONES_VEHICULOS (ID,USUARIO_ID,VEHICULO_ID) values (49,49,49);
Insert into ASIGNACIONES_VEHICULOS (ID,USUARIO_ID,VEHICULO_ID) values (50,50,50);
Insert into ASIGNACIONES_VEHICULOS (ID,USUARIO_ID,VEHICULO_ID) values (51,51,51);
Insert into ASIGNACIONES_VEHICULOS (ID,USUARIO_ID,VEHICULO_ID) values (52,52,52);
Insert into ASIGNACIONES_VEHICULOS (ID,USUARIO_ID,VEHICULO_ID) values (53,53,53);
Insert into ASIGNACIONES_VEHICULOS (ID,USUARIO_ID,VEHICULO_ID) values (54,54,54);
Insert into ASIGNACIONES_VEHICULOS (ID,USUARIO_ID,VEHICULO_ID) values (55,55,55);
Insert into ASIGNACIONES_VEHICULOS (ID,USUARIO_ID,VEHICULO_ID) values (56,56,56);
Insert into ASIGNACIONES_VEHICULOS (ID,USUARIO_ID,VEHICULO_ID) values (57,57,57);
Insert into ASIGNACIONES_VEHICULOS (ID,USUARIO_ID,VEHICULO_ID) values (58,58,58);
Insert into ASIGNACIONES_VEHICULOS (ID,USUARIO_ID,VEHICULO_ID) values (59,59,59);
Insert into ASIGNACIONES_VEHICULOS (ID,USUARIO_ID,VEHICULO_ID) values (60,60,60);
Insert into ASIGNACIONES_VEHICULOS (ID,USUARIO_ID,VEHICULO_ID) values (61,61,61);
Insert into ASIGNACIONES_VEHICULOS (ID,USUARIO_ID,VEHICULO_ID) values (62,62,62);
Insert into ASIGNACIONES_VEHICULOS (ID,USUARIO_ID,VEHICULO_ID) values (63,63,63);
Insert into ASIGNACIONES_VEHICULOS (ID,USUARIO_ID,VEHICULO_ID) values (64,64,64);
Insert into ASIGNACIONES_VEHICULOS (ID,USUARIO_ID,VEHICULO_ID) values (65,65,65);
Insert into ASIGNACIONES_VEHICULOS (ID,USUARIO_ID,VEHICULO_ID) values (66,66,66);
Insert into ASIGNACIONES_VEHICULOS (ID,USUARIO_ID,VEHICULO_ID) values (67,67,67);
Insert into ASIGNACIONES_VEHICULOS (ID,USUARIO_ID,VEHICULO_ID) values (68,68,68);
Insert into ASIGNACIONES_VEHICULOS (ID,USUARIO_ID,VEHICULO_ID) values (69,69,69);
Insert into ASIGNACIONES_VEHICULOS (ID,USUARIO_ID,VEHICULO_ID) values (70,70,70);
Insert into ASIGNACIONES_VEHICULOS (ID,USUARIO_ID,VEHICULO_ID) values (71,71,71);
Insert into ASIGNACIONES_VEHICULOS (ID,USUARIO_ID,VEHICULO_ID) values (72,72,72);
Insert into ASIGNACIONES_VEHICULOS (ID,USUARIO_ID,VEHICULO_ID) values (73,73,73);
Insert into ASIGNACIONES_VEHICULOS (ID,USUARIO_ID,VEHICULO_ID) values (74,74,74);
Insert into ASIGNACIONES_VEHICULOS (ID,USUARIO_ID,VEHICULO_ID) values (75,75,75);
Insert into ASIGNACIONES_VEHICULOS (ID,USUARIO_ID,VEHICULO_ID) values (76,76,76);
Insert into ASIGNACIONES_VEHICULOS (ID,USUARIO_ID,VEHICULO_ID) values (77,77,77);
Insert into ASIGNACIONES_VEHICULOS (ID,USUARIO_ID,VEHICULO_ID) values (78,78,78);
Insert into ASIGNACIONES_VEHICULOS (ID,USUARIO_ID,VEHICULO_ID) values (79,79,79);
Insert into ASIGNACIONES_VEHICULOS (ID,USUARIO_ID,VEHICULO_ID) values (80,80,80);
Insert into ASIGNACIONES_VEHICULOS (ID,USUARIO_ID,VEHICULO_ID) values (81,81,81);
Insert into ASIGNACIONES_VEHICULOS (ID,USUARIO_ID,VEHICULO_ID) values (82,82,82);
Insert into ASIGNACIONES_VEHICULOS (ID,USUARIO_ID,VEHICULO_ID) values (83,83,83);
Insert into ASIGNACIONES_VEHICULOS (ID,USUARIO_ID,VEHICULO_ID) values (84,84,84);
Insert into ASIGNACIONES_VEHICULOS (ID,USUARIO_ID,VEHICULO_ID) values (85,85,85);
Insert into ASIGNACIONES_VEHICULOS (ID,USUARIO_ID,VEHICULO_ID) values (86,86,86);
Insert into ASIGNACIONES_VEHICULOS (ID,USUARIO_ID,VEHICULO_ID) values (87,87,87);
Insert into ASIGNACIONES_VEHICULOS (ID,USUARIO_ID,VEHICULO_ID) values (88,88,88);
Insert into ASIGNACIONES_VEHICULOS (ID,USUARIO_ID,VEHICULO_ID) values (89,89,89);
Insert into ASIGNACIONES_VEHICULOS (ID,USUARIO_ID,VEHICULO_ID) values (90,90,90);
Insert into ASIGNACIONES_VEHICULOS (ID,USUARIO_ID,VEHICULO_ID) values (91,91,91);
Insert into ASIGNACIONES_VEHICULOS (ID,USUARIO_ID,VEHICULO_ID) values (92,92,92);
Insert into ASIGNACIONES_VEHICULOS (ID,USUARIO_ID,VEHICULO_ID) values (93,93,93);
Insert into ASIGNACIONES_VEHICULOS (ID,USUARIO_ID,VEHICULO_ID) values (94,94,94);
Insert into ASIGNACIONES_VEHICULOS (ID,USUARIO_ID,VEHICULO_ID) values (95,95,95);
Insert into ASIGNACIONES_VEHICULOS (ID,USUARIO_ID,VEHICULO_ID) values (96,96,96);
Insert into ASIGNACIONES_VEHICULOS (ID,USUARIO_ID,VEHICULO_ID) values (97,97,97);
Insert into ASIGNACIONES_VEHICULOS (ID,USUARIO_ID,VEHICULO_ID) values (98,98,98);
Insert into ASIGNACIONES_VEHICULOS (ID,USUARIO_ID,VEHICULO_ID) values (99,99,99);
Insert into ASIGNACIONES_VEHICULOS (ID,USUARIO_ID,VEHICULO_ID) values (100,100,100);
REM INSERTING into MEDIOS_PAGO_USUARIO
SET DEFINE OFF;
Insert into MEDIOS_PAGO_USUARIO (ID,USUARIO_ID,MEDIO_PAGO_DETALLE,ESTADO,TIPO) values (67,167,'{""CreditCard"":{""CardNumber"":180041220953273,""CVV"":273,""Vencimiento"":""04/21""}}','Inactivo','Tarjeta de crédito');
Insert into MEDIOS_PAGO_USUARIO (ID,USUARIO_ID,MEDIO_PAGO_DETALLE,ESTADO,TIPO) values (68,168,'{""CreditCard"":{""CardNumber"":210004823806250,""CVV"":250,""Vencimiento"":""04/21""}}','Inactivo','Tarjeta de crédito');
Insert into MEDIOS_PAGO_USUARIO (ID,USUARIO_ID,MEDIO_PAGO_DETALLE,ESTADO,TIPO) values (69,169,'{""CreditCard"":{""CardNumber"":180019445127683,""CVV"":683,""Vencimiento"":""04/21""}}','Inactivo','Tarjeta de crédito');
Insert into MEDIOS_PAGO_USUARIO (ID,USUARIO_ID,MEDIO_PAGO_DETALLE,ESTADO,TIPO) values (70,170,'{""CreditCard"":{""CardNumber"":210051886638070,""CVV"":56,""Vencimiento"":""04/21""}}','Inactivo','Tarjeta de crédito');
Insert into MEDIOS_PAGO_USUARIO (ID,USUARIO_ID,MEDIO_PAGO_DETALLE,ESTADO,TIPO) values (71,171,'{""CreditCard"":{""CardNumber"":180028912574889,""CVV"":889,""Vencimiento"":""04/21""}}','Activo','Tarjeta de crédito');
Insert into MEDIOS_PAGO_USUARIO (ID,USUARIO_ID,MEDIO_PAGO_DETALLE,ESTADO,TIPO) values (72,172,'{""CreditCard"":{""CardNumber"":180029667366190,""CVV"":190,""Vencimiento"":""04/21""}}','Activo','Tarjeta de crédito');
Insert into MEDIOS_PAGO_USUARIO (ID,USUARIO_ID,MEDIO_PAGO_DETALLE,ESTADO,TIPO) values (73,173,'{""CreditCard"":{""CardNumber"":210053775913846,""CVV"":846,""Vencimiento"":""04/21""}}','Activo','Tarjeta de crédito');
Insert into MEDIOS_PAGO_USUARIO (ID,USUARIO_ID,MEDIO_PAGO_DETALLE,ESTADO,TIPO) values (74,174,'{""CreditCard"":{""CardNumber"":210089601851669,""CVV"":669,""Vencimiento"":""04/21""}}','Inactivo','Tarjeta de crédito');
Insert into MEDIOS_PAGO_USUARIO (ID,USUARIO_ID,MEDIO_PAGO_DETALLE,ESTADO,TIPO) values (75,175,'{""CreditCard"":{""CardNumber"":210046424271665,""CVV"":665,""Vencimiento"":""04/21""}}','Activo','Tarjeta de crédito');
Insert into MEDIOS_PAGO_USUARIO (ID,USUARIO_ID,MEDIO_PAGO_DETALLE,ESTADO,TIPO) values (76,176,'{""CreditCard"":{""CardNumber"":180085495397781,""CVV"":781,""Vencimiento"":""04/21""}}','Activo','Tarjeta de crédito');
Insert into MEDIOS_PAGO_USUARIO (ID,USUARIO_ID,MEDIO_PAGO_DETALLE,ESTADO,TIPO) values (77,177,'{""CreditCard"":{""CardNumber"":180057256100910,""CVV"":910,""Vencimiento"":""04/21""}}','Inactivo','Tarjeta de crédito');
Insert into MEDIOS_PAGO_USUARIO (ID,USUARIO_ID,MEDIO_PAGO_DETALLE,ESTADO,TIPO) values (78,178,'{""CreditCard"":{""CardNumber"":210071118400826,""CVV"":826,""Vencimiento"":""04/21""}}','Activo','Tarjeta de crédito');
Insert into MEDIOS_PAGO_USUARIO (ID,USUARIO_ID,MEDIO_PAGO_DETALLE,ESTADO,TIPO) values (79,179,'{""CreditCard"":{""CardNumber"":210053527021567,""CVV"":567,""Vencimiento"":""04/21""}}','Inactivo','Tarjeta de crédito');
Insert into MEDIOS_PAGO_USUARIO (ID,USUARIO_ID,MEDIO_PAGO_DETALLE,ESTADO,TIPO) values (80,180,'{""CreditCard"":{""CardNumber"":210070499756848,""CVV"":848,""Vencimiento"":""04/21""}}','Inactivo','Tarjeta de crédito');
Insert into MEDIOS_PAGO_USUARIO (ID,USUARIO_ID,MEDIO_PAGO_DETALLE,ESTADO,TIPO) values (81,181,'{""CreditCard"":{""CardNumber"":180007543647132,""CVV"":132,""Vencimiento"":""04/21""}}','Activo','Tarjeta de crédito');
Insert into MEDIOS_PAGO_USUARIO (ID,USUARIO_ID,MEDIO_PAGO_DETALLE,ESTADO,TIPO) values (82,182,'{""CreditCard"":{""CardNumber"":210058841344843,""CVV"":843,""Vencimiento"":""04/21""}}','Inactivo','Tarjeta de crédito');
Insert into MEDIOS_PAGO_USUARIO (ID,USUARIO_ID,MEDIO_PAGO_DETALLE,ESTADO,TIPO) values (83,183,'{""CreditCard"":{""CardNumber"":210051444034200,""CVV"":200,""Vencimiento"":""04/21""}}','Activo','Tarjeta de crédito');
Insert into MEDIOS_PAGO_USUARIO (ID,USUARIO_ID,MEDIO_PAGO_DETALLE,ESTADO,TIPO) values (84,184,'{""CreditCard"":{""CardNumber"":180008334716904,""CVV"":904,""Vencimiento"":""04/21""}}','Inactivo','Tarjeta de crédito');
Insert into MEDIOS_PAGO_USUARIO (ID,USUARIO_ID,MEDIO_PAGO_DETALLE,ESTADO,TIPO) values (85,185,'{""CreditCard"":{""CardNumber"":180063027485663,""CVV"":663,""Vencimiento"":""04/21""}}','Inactivo','Tarjeta de crédito');
Insert into MEDIOS_PAGO_USUARIO (ID,USUARIO_ID,MEDIO_PAGO_DETALLE,ESTADO,TIPO) values (86,186,'{""CreditCard"":{""CardNumber"":180078645218338,""CVV"":338,""Vencimiento"":""04/21""}}','Activo','Tarjeta de crédito');
Insert into MEDIOS_PAGO_USUARIO (ID,USUARIO_ID,MEDIO_PAGO_DETALLE,ESTADO,TIPO) values (87,187,'{""CreditCard"":{""CardNumber"":180009415415432,""CVV"":432,""Vencimiento"":""04/21""}}','Activo','Tarjeta de crédito');
Insert into MEDIOS_PAGO_USUARIO (ID,USUARIO_ID,MEDIO_PAGO_DETALLE,ESTADO,TIPO) values (88,188,'{""CreditCard"":{""CardNumber"":210028757371700,""CVV"":700,""Vencimiento"":""04/21""}}','Activo','Tarjeta de crédito');
Insert into MEDIOS_PAGO_USUARIO (ID,USUARIO_ID,MEDIO_PAGO_DETALLE,ESTADO,TIPO) values (89,189,'{""CreditCard"":{""CardNumber"":180034847687788,""CVV"":788,""Vencimiento"":""04/21""}}','Inactivo','Tarjeta de crédito');
Insert into MEDIOS_PAGO_USUARIO (ID,USUARIO_ID,MEDIO_PAGO_DETALLE,ESTADO,TIPO) values (90,190,'{""CreditCard"":{""CardNumber"":210055877138685,""CVV"":685,""Vencimiento"":""04/21""}}','Activo','Tarjeta de crédito');
Insert into MEDIOS_PAGO_USUARIO (ID,USUARIO_ID,MEDIO_PAGO_DETALLE,ESTADO,TIPO) values (91,191,'{""CreditCard"":{""CardNumber"":180036896152507,""CVV"":507,""Vencimiento"":""04/21""}}','Inactivo','Tarjeta de crédito');
Insert into MEDIOS_PAGO_USUARIO (ID,USUARIO_ID,MEDIO_PAGO_DETALLE,ESTADO,TIPO) values (92,192,'{""CreditCard"":{""CardNumber"":210032564595352,""CVV"":352,""Vencimiento"":""04/21""}}','Inactivo','Tarjeta de crédito');
Insert into MEDIOS_PAGO_USUARIO (ID,USUARIO_ID,MEDIO_PAGO_DETALLE,ESTADO,TIPO) values (93,193,'{""CreditCard"":{""CardNumber"":180010530628784,""CVV"":784,""Vencimiento"":""04/21""}}','Inactivo','Tarjeta de crédito');
Insert into MEDIOS_PAGO_USUARIO (ID,USUARIO_ID,MEDIO_PAGO_DETALLE,ESTADO,TIPO) values (94,194,'{""CreditCard"":{""CardNumber"":180090442888627,""CVV"":627,""Vencimiento"":""04/21""}}','Activo','Tarjeta de crédito');
Insert into MEDIOS_PAGO_USUARIO (ID,USUARIO_ID,MEDIO_PAGO_DETALLE,ESTADO,TIPO) values (95,195,'{""CreditCard"":{""CardNumber"":210071113792748,""CVV"":748,""Vencimiento"":""04/21""}}','Inactivo','Tarjeta de crédito');
Insert into MEDIOS_PAGO_USUARIO (ID,USUARIO_ID,MEDIO_PAGO_DETALLE,ESTADO,TIPO) values (96,196,'{""CreditCard"":{""CardNumber"":180045010370945,""CVV"":945,""Vencimiento"":""04/21""}}','Inactivo','Tarjeta de crédito');
Insert into MEDIOS_PAGO_USUARIO (ID,USUARIO_ID,MEDIO_PAGO_DETALLE,ESTADO,TIPO) values (97,197,'{""CreditCard"":{""CardNumber"":180088222799147,""CVV"":147,""Vencimiento"":""04/21""}}','Activo','Tarjeta de crédito');
Insert into MEDIOS_PAGO_USUARIO (ID,USUARIO_ID,MEDIO_PAGO_DETALLE,ESTADO,TIPO) values (98,198,'{""CreditCard"":{""CardNumber"":180049402612245,""CVV"":245,""Vencimiento"":""04/21""}}','Activo','Tarjeta de crédito');
Insert into MEDIOS_PAGO_USUARIO (ID,USUARIO_ID,MEDIO_PAGO_DETALLE,ESTADO,TIPO) values (99,199,'{""CreditCard"":{""CardNumber"":210005291928641,""CVV"":641,""Vencimiento"":""04/21""}}','Inactivo','Tarjeta de crédito');
Insert into MEDIOS_PAGO_USUARIO (ID,USUARIO_ID,MEDIO_PAGO_DETALLE,ESTADO,TIPO) values (100,200,'{""CreditCard"":{""CardNumber"":180061896712126,""CVV"":126,""Vencimiento"":""04/21""}}','Inactivo','Tarjeta de crédito');
Insert into MEDIOS_PAGO_USUARIO (ID,USUARIO_ID,MEDIO_PAGO_DETALLE,ESTADO,TIPO) values (101,201,'{""CreditCard"":{""CardNumber"":180062929593749,""CVV"":749,""Vencimiento"":""04/21""}}','Activo','Tarjeta de crédito');
Insert into MEDIOS_PAGO_USUARIO (ID,USUARIO_ID,MEDIO_PAGO_DETALLE,ESTADO,TIPO) values (102,202,'{""CreditCard"":{""CardNumber"":180054606772258,""CVV"":258,""Vencimiento"":""04/21""}}','Inactivo','Tarjeta de crédito');
Insert into MEDIOS_PAGO_USUARIO (ID,USUARIO_ID,MEDIO_PAGO_DETALLE,ESTADO,TIPO) values (103,203,'{""CreditCard"":{""CardNumber"":180092491169511,""CVV"":511,""Vencimiento"":""04/21""}}','Activo','Tarjeta de crédito');
Insert into MEDIOS_PAGO_USUARIO (ID,USUARIO_ID,MEDIO_PAGO_DETALLE,ESTADO,TIPO) values (104,204,'{""CreditCard"":{""CardNumber"":180044173925876,""CVV"":876,""Vencimiento"":""04/21""}}','Activo','Tarjeta de crédito');
Insert into MEDIOS_PAGO_USUARIO (ID,USUARIO_ID,MEDIO_PAGO_DETALLE,ESTADO,TIPO) values (105,205,'{""CreditCard"":{""CardNumber"":210027618624919,""CVV"":919,""Vencimiento"":""04/21""}}','Activo','Tarjeta de crédito');
Insert into MEDIOS_PAGO_USUARIO (ID,USUARIO_ID,MEDIO_PAGO_DETALLE,ESTADO,TIPO) values (106,206,'{""CreditCard"":{""CardNumber"":210073687533607,""CVV"":607,""Vencimiento"":""04/21""}}','Activo','Tarjeta de crédito');
Insert into MEDIOS_PAGO_USUARIO (ID,USUARIO_ID,MEDIO_PAGO_DETALLE,ESTADO,TIPO) values (107,207,'{""CreditCard"":{""CardNumber"":180081864021441,""CVV"":441,""Vencimiento"":""04/21""}}','Activo','Tarjeta de crédito');
Insert into MEDIOS_PAGO_USUARIO (ID,USUARIO_ID,MEDIO_PAGO_DETALLE,ESTADO,TIPO) values (108,208,'{""CreditCard"":{""CardNumber"":180000578744429,""CVV"":429,""Vencimiento"":""04/21""}}','Activo','Tarjeta de crédito');
Insert into MEDIOS_PAGO_USUARIO (ID,USUARIO_ID,MEDIO_PAGO_DETALLE,ESTADO,TIPO) values (109,209,'{""CreditCard"":{""CardNumber"":210049687217888,""CVV"":888,""Vencimiento"":""04/21""}}','Inactivo','Tarjeta de crédito');
Insert into MEDIOS_PAGO_USUARIO (ID,USUARIO_ID,MEDIO_PAGO_DETALLE,ESTADO,TIPO) values (110,210,'{""CreditCard"":{""CardNumber"":180092438260431,""CVV"":431,""Vencimiento"":""04/21""}}','Activo','Tarjeta de crédito');
Insert into MEDIOS_PAGO_USUARIO (ID,USUARIO_ID,MEDIO_PAGO_DETALLE,ESTADO,TIPO) values (111,211,'{""CreditCard"":{""CardNumber"":210055247279995,""CVV"":995,""Vencimiento"":""04/21""}}','Inactivo','Tarjeta de crédito');
Insert into MEDIOS_PAGO_USUARIO (ID,USUARIO_ID,MEDIO_PAGO_DETALLE,ESTADO,TIPO) values (112,212,'{""CreditCard"":{""CardNumber"":180017657990939,""CVV"":939,""Vencimiento"":""04/21""}}','Activo','Tarjeta de crédito');
Insert into MEDIOS_PAGO_USUARIO (ID,USUARIO_ID,MEDIO_PAGO_DETALLE,ESTADO,TIPO) values (113,213,'{""CreditCard"":{""CardNumber"":180016563653789,""CVV"":789,""Vencimiento"":""04/21""}}','Activo','Tarjeta de crédito');
Insert into MEDIOS_PAGO_USUARIO (ID,USUARIO_ID,MEDIO_PAGO_DETALLE,ESTADO,TIPO) values (114,214,'{""CreditCard"":{""CardNumber"":210010856275388,""CVV"":388,""Vencimiento"":""04/21""}}','Activo','Tarjeta de crédito');
Insert into MEDIOS_PAGO_USUARIO (ID,USUARIO_ID,MEDIO_PAGO_DETALLE,ESTADO,TIPO) values (115,215,'{""CreditCard"":{""CardNumber"":210041493466627,""CVV"":627,""Vencimiento"":""04/21""}}','Inactivo','Tarjeta de crédito');
Insert into MEDIOS_PAGO_USUARIO (ID,USUARIO_ID,MEDIO_PAGO_DETALLE,ESTADO,TIPO) values (116,216,'{""CreditCard"":{""CardNumber"":180018187788157,""CVV"":157,""Vencimiento"":""04/21""}}','Inactivo','Tarjeta de crédito');
Insert into MEDIOS_PAGO_USUARIO (ID,USUARIO_ID,MEDIO_PAGO_DETALLE,ESTADO,TIPO) values (117,217,'{""CreditCard"":{""CardNumber"":180030308155620,""CVV"":620,""Vencimiento"":""04/21""}}','Activo','Tarjeta de crédito');
Insert into MEDIOS_PAGO_USUARIO (ID,USUARIO_ID,MEDIO_PAGO_DETALLE,ESTADO,TIPO) values (118,218,'{""CreditCard"":{""CardNumber"":210021653086084,""CVV"":84,""Vencimiento"":""04/21""}}','Activo','Tarjeta de crédito');
Insert into MEDIOS_PAGO_USUARIO (ID,USUARIO_ID,MEDIO_PAGO_DETALLE,ESTADO,TIPO) values (119,219,'{""CreditCard"":{""CardNumber"":180050779717633,""CVV"":633,""Vencimiento"":""04/21""}}','Activo','Tarjeta de crédito');
Insert into MEDIOS_PAGO_USUARIO (ID,USUARIO_ID,MEDIO_PAGO_DETALLE,ESTADO,TIPO) values (120,220,'{""CreditCard"":{""CardNumber"":210009471515236,""CVV"":236,""Vencimiento"":""04/21""}}','Activo','Tarjeta de crédito');
Insert into MEDIOS_PAGO_USUARIO (ID,USUARIO_ID,MEDIO_PAGO_DETALLE,ESTADO,TIPO) values (121,221,'{""CreditCard"":{""CardNumber"":180056295571776,""CVV"":776,""Vencimiento"":""04/21""}}','Inactivo','Tarjeta de crédito');
Insert into MEDIOS_PAGO_USUARIO (ID,USUARIO_ID,MEDIO_PAGO_DETALLE,ESTADO,TIPO) values (122,222,'{""CreditCard"":{""CardNumber"":210003519628820,""CVV"":820,""Vencimiento"":""04/21""}}','Activo','Tarjeta de crédito');
Insert into MEDIOS_PAGO_USUARIO (ID,USUARIO_ID,MEDIO_PAGO_DETALLE,ESTADO,TIPO) values (123,223,'{""CreditCard"":{""CardNumber"":210034267788342,""CVV"":342,""Vencimiento"":""04/21""}}','Inactivo','Tarjeta de crédito');
Insert into MEDIOS_PAGO_USUARIO (ID,USUARIO_ID,MEDIO_PAGO_DETALLE,ESTADO,TIPO) values (124,224,'{""CreditCard"":{""CardNumber"":180081191047796,""CVV"":796,""Vencimiento"":""04/21""}}','Activo','Tarjeta de crédito');
Insert into MEDIOS_PAGO_USUARIO (ID,USUARIO_ID,MEDIO_PAGO_DETALLE,ESTADO,TIPO) values (125,225,'{""CreditCard"":{""CardNumber"":180055039338674,""CVV"":674,""Vencimiento"":""04/21""}}','Activo','Tarjeta de crédito');
Insert into MEDIOS_PAGO_USUARIO (ID,USUARIO_ID,MEDIO_PAGO_DETALLE,ESTADO,TIPO) values (126,226,'{""CreditCard"":{""CardNumber"":180035092144912,""CVV"":912,""Vencimiento"":""04/21""}}','Activo','Tarjeta de crédito');
Insert into MEDIOS_PAGO_USUARIO (ID,USUARIO_ID,MEDIO_PAGO_DETALLE,ESTADO,TIPO) values (127,227,'{""CreditCard"":{""CardNumber"":180038619775176,""CVV"":176,""Vencimiento"":""04/21""}}','Activo','Tarjeta de crédito');
Insert into MEDIOS_PAGO_USUARIO (ID,USUARIO_ID,MEDIO_PAGO_DETALLE,ESTADO,TIPO) values (128,228,'{""CreditCard"":{""CardNumber"":180015443020805,""CVV"":805,""Vencimiento"":""04/21""}}','Activo','Tarjeta de crédito');
Insert into MEDIOS_PAGO_USUARIO (ID,USUARIO_ID,MEDIO_PAGO_DETALLE,ESTADO,TIPO) values (129,229,'{""CreditCard"":{""CardNumber"":180066456829517,""CVV"":517,""Vencimiento"":""04/21""}}','Inactivo','Tarjeta de crédito');
Insert into MEDIOS_PAGO_USUARIO (ID,USUARIO_ID,MEDIO_PAGO_DETALLE,ESTADO,TIPO) values (130,230,'{""CreditCard"":{""CardNumber"":210082458465642,""CVV"":642,""Vencimiento"":""04/21""}}','Inactivo','Tarjeta de crédito');
Insert into MEDIOS_PAGO_USUARIO (ID,USUARIO_ID,MEDIO_PAGO_DETALLE,ESTADO,TIPO) values (131,231,'{""CreditCard"":{""CardNumber"":210055475088977,""CVV"":977,""Vencimiento"":""04/21""}}','Activo','Tarjeta de crédito');
Insert into MEDIOS_PAGO_USUARIO (ID,USUARIO_ID,MEDIO_PAGO_DETALLE,ESTADO,TIPO) values (132,232,'{""CreditCard"":{""CardNumber"":210086325236854,""CVV"":854,""Vencimiento"":""04/21""}}','Activo','Tarjeta de crédito');
Insert into MEDIOS_PAGO_USUARIO (ID,USUARIO_ID,MEDIO_PAGO_DETALLE,ESTADO,TIPO) values (133,233,'{""CreditCard"":{""CardNumber"":180009811710287,""CVV"":287,""Vencimiento"":""04/21""}}','Inactivo','Tarjeta de crédito');
Insert into MEDIOS_PAGO_USUARIO (ID,USUARIO_ID,MEDIO_PAGO_DETALLE,ESTADO,TIPO) values (134,234,'{""CreditCard"":{""CardNumber"":180040953816392,""CVV"":392,""Vencimiento"":""04/21""}}','Activo','Tarjeta de crédito');
Insert into MEDIOS_PAGO_USUARIO (ID,USUARIO_ID,MEDIO_PAGO_DETALLE,ESTADO,TIPO) values (135,235,'{""CreditCard"":{""CardNumber"":180048725819982,""CVV"":982,""Vencimiento"":""04/21""}}','Activo','Tarjeta de crédito');
Insert into MEDIOS_PAGO_USUARIO (ID,USUARIO_ID,MEDIO_PAGO_DETALLE,ESTADO,TIPO) values (136,236,'{""CreditCard"":{""CardNumber"":210087025142574,""CVV"":574,""Vencimiento"":""04/21""}}','Activo','Tarjeta de crédito');
Insert into MEDIOS_PAGO_USUARIO (ID,USUARIO_ID,MEDIO_PAGO_DETALLE,ESTADO,TIPO) values (137,237,'{""CreditCard"":{""CardNumber"":210010920878472,""CVV"":472,""Vencimiento"":""04/21""}}','Inactivo','Tarjeta de crédito');
Insert into MEDIOS_PAGO_USUARIO (ID,USUARIO_ID,MEDIO_PAGO_DETALLE,ESTADO,TIPO) values (138,238,'{""CreditCard"":{""CardNumber"":180040945415535,""CVV"":535,""Vencimiento"":""04/21""}}','Inactivo','Tarjeta de crédito');
Insert into MEDIOS_PAGO_USUARIO (ID,USUARIO_ID,MEDIO_PAGO_DETALLE,ESTADO,TIPO) values (139,239,'{""CreditCard"":{""CardNumber"":180006480913382,""CVV"":382,""Vencimiento"":""04/21""}}','Activo','Tarjeta de crédito');
Insert into MEDIOS_PAGO_USUARIO (ID,USUARIO_ID,MEDIO_PAGO_DETALLE,ESTADO,TIPO) values (140,240,'{""CreditCard"":{""CardNumber"":180055308459888,""CVV"":888,""Vencimiento"":""04/21""}}','Activo','Tarjeta de crédito');
Insert into MEDIOS_PAGO_USUARIO (ID,USUARIO_ID,MEDIO_PAGO_DETALLE,ESTADO,TIPO) values (141,241,'{""CreditCard"":{""CardNumber"":180056028541252,""CVV"":252,""Vencimiento"":""04/21""}}','Activo','Tarjeta de crédito');
Insert into MEDIOS_PAGO_USUARIO (ID,USUARIO_ID,MEDIO_PAGO_DETALLE,ESTADO,TIPO) values (142,242,'{""CreditCard"":{""CardNumber"":180033149761838,""CVV"":838,""Vencimiento"":""04/21""}}','Activo','Tarjeta de crédito');
Insert into MEDIOS_PAGO_USUARIO (ID,USUARIO_ID,MEDIO_PAGO_DETALLE,ESTADO,TIPO) values (143,243,'{""CreditCard"":{""CardNumber"":180074477457599,""CVV"":599,""Vencimiento"":""04/21""}}','Activo','Tarjeta de crédito');
Insert into MEDIOS_PAGO_USUARIO (ID,USUARIO_ID,MEDIO_PAGO_DETALLE,ESTADO,TIPO) values (144,244,'{""CreditCard"":{""CardNumber"":180085483207919,""CVV"":919,""Vencimiento"":""04/21""}}','Inactivo','Tarjeta de crédito');
Insert into MEDIOS_PAGO_USUARIO (ID,USUARIO_ID,MEDIO_PAGO_DETALLE,ESTADO,TIPO) values (145,245,'{""CreditCard"":{""CardNumber"":210021075504144,""CVV"":144,""Vencimiento"":""04/21""}}','Activo','Tarjeta de crédito');
Insert into MEDIOS_PAGO_USUARIO (ID,USUARIO_ID,MEDIO_PAGO_DETALLE,ESTADO,TIPO) values (146,246,'{""CreditCard"":{""CardNumber"":180080787785181,""CVV"":181,""Vencimiento"":""04/21""}}','Activo','Tarjeta de crédito');
Insert into MEDIOS_PAGO_USUARIO (ID,USUARIO_ID,MEDIO_PAGO_DETALLE,ESTADO,TIPO) values (147,247,'{""CreditCard"":{""CardNumber"":210062927800074,""CVV"":60,""Vencimiento"":""04/21""}}','Activo','Tarjeta de crédito');
Insert into MEDIOS_PAGO_USUARIO (ID,USUARIO_ID,MEDIO_PAGO_DETALLE,ESTADO,TIPO) values (148,248,'{""CreditCard"":{""CardNumber"":180001920364882,""CVV"":882,""Vencimiento"":""04/21""}}','Inactivo','Tarjeta de crédito');
Insert into MEDIOS_PAGO_USUARIO (ID,USUARIO_ID,MEDIO_PAGO_DETALLE,ESTADO,TIPO) values (149,249,'{""CreditCard"":{""CardNumber"":210042225456670,""CVV"":670,""Vencimiento"":""04/21""}}','Inactivo','Tarjeta de crédito');
Insert into MEDIOS_PAGO_USUARIO (ID,USUARIO_ID,MEDIO_PAGO_DETALLE,ESTADO,TIPO) values (150,250,'{""CreditCard"":{""CardNumber"":180094931621051,""CVV"":41,""Vencimiento"":""04/21""}}','Inactivo','Tarjeta de crédito');
Insert into MEDIOS_PAGO_USUARIO (ID,USUARIO_ID,MEDIO_PAGO_DETALLE,ESTADO,TIPO) values (151,251,'{""CreditCard"":{""CardNumber"":180063479976805,""CVV"":805,""Vencimiento"":""04/21""}}','Inactivo','Tarjeta de crédito');
Insert into MEDIOS_PAGO_USUARIO (ID,USUARIO_ID,MEDIO_PAGO_DETALLE,ESTADO,TIPO) values (152,252,'{""CreditCard"":{""CardNumber"":210098426423083,""CVV"":83,""Vencimiento"":""04/21""}}','Activo','Tarjeta de crédito');
Insert into MEDIOS_PAGO_USUARIO (ID,USUARIO_ID,MEDIO_PAGO_DETALLE,ESTADO,TIPO) values (153,253,'{""CreditCard"":{""CardNumber"":180018077088056,""CVV"":46,""Vencimiento"":""04/21""}}','Inactivo','Tarjeta de crédito');
Insert into MEDIOS_PAGO_USUARIO (ID,USUARIO_ID,MEDIO_PAGO_DETALLE,ESTADO,TIPO) values (154,254,'{""CreditCard"":{""CardNumber"":180092485779069,""CVV"":69,""Vencimiento"":""04/21""}}','Activo','Tarjeta de crédito');
Insert into MEDIOS_PAGO_USUARIO (ID,USUARIO_ID,MEDIO_PAGO_DETALLE,ESTADO,TIPO) values (155,255,'{""CreditCard"":{""CardNumber"":180070889713546,""CVV"":546,""Vencimiento"":""04/21""}}','Inactivo','Tarjeta de crédito');
Insert into MEDIOS_PAGO_USUARIO (ID,USUARIO_ID,MEDIO_PAGO_DETALLE,ESTADO,TIPO) values (156,256,'{""CreditCard"":{""CardNumber"":180060014548115,""CVV"":115,""Vencimiento"":""04/21""}}','Inactivo','Tarjeta de crédito');
Insert into MEDIOS_PAGO_USUARIO (ID,USUARIO_ID,MEDIO_PAGO_DETALLE,ESTADO,TIPO) values (157,257,'{""CreditCard"":{""CardNumber"":180046704331813,""CVV"":813,""Vencimiento"":""04/21""}}','Inactivo','Tarjeta de crédito');
Insert into MEDIOS_PAGO_USUARIO (ID,USUARIO_ID,MEDIO_PAGO_DETALLE,ESTADO,TIPO) values (158,258,'{""CreditCard"":{""CardNumber"":210077220030237,""CVV"":237,""Vencimiento"":""04/21""}}','Activo','Tarjeta de crédito');
Insert into MEDIOS_PAGO_USUARIO (ID,USUARIO_ID,MEDIO_PAGO_DETALLE,ESTADO,TIPO) values (159,259,'{""CreditCard"":{""CardNumber"":180031100400594,""CVV"":594,""Vencimiento"":""04/21""}}','Inactivo','Tarjeta de crédito');
Insert into MEDIOS_PAGO_USUARIO (ID,USUARIO_ID,MEDIO_PAGO_DETALLE,ESTADO,TIPO) values (160,260,'{""CreditCard"":{""CardNumber"":180045486097931,""CVV"":931,""Vencimiento"":""04/21""}}','Inactivo','Tarjeta de crédito');
Insert into MEDIOS_PAGO_USUARIO (ID,USUARIO_ID,MEDIO_PAGO_DETALLE,ESTADO,TIPO) values (161,261,'{""CreditCard"":{""CardNumber"":180076555558602,""CVV"":602,""Vencimiento"":""04/21""}}','Activo','Tarjeta de crédito');
Insert into MEDIOS_PAGO_USUARIO (ID,USUARIO_ID,MEDIO_PAGO_DETALLE,ESTADO,TIPO) values (162,262,'{""CreditCard"":{""CardNumber"":180005600702956,""CVV"":956,""Vencimiento"":""04/21""}}','Activo','Tarjeta de crédito');
Insert into MEDIOS_PAGO_USUARIO (ID,USUARIO_ID,MEDIO_PAGO_DETALLE,ESTADO,TIPO) values (163,263,'{""CreditCard"":{""CardNumber"":210033463639309,""CVV"":309,""Vencimiento"":""04/21""}}','Activo','Tarjeta de crédito');
Insert into MEDIOS_PAGO_USUARIO (ID,USUARIO_ID,MEDIO_PAGO_DETALLE,ESTADO,TIPO) values (164,264,'{""CreditCard"":{""CardNumber"":180045773204638,""CVV"":638,""Vencimiento"":""04/21""}}','Inactivo','Tarjeta de crédito');
Insert into MEDIOS_PAGO_USUARIO (ID,USUARIO_ID,MEDIO_PAGO_DETALLE,ESTADO,TIPO) values (165,265,'{""CreditCard"":{""CardNumber"":210012999209910,""CVV"":910,""Vencimiento"":""04/21""}}','Activo','Tarjeta de crédito');
Insert into MEDIOS_PAGO_USUARIO (ID,USUARIO_ID,MEDIO_PAGO_DETALLE,ESTADO,TIPO) values (1,101,'{""CreditCard"":{""CardNumber"":210085592835315,""CVV"":315,""Vencimiento"":""04/21""}}','Inactivo','Tarjeta de crédito');
Insert into MEDIOS_PAGO_USUARIO (ID,USUARIO_ID,MEDIO_PAGO_DETALLE,ESTADO,TIPO) values (2,102,'{""CreditCard"":{""CardNumber"":210093674075818,""CVV"":818,""Vencimiento"":""04/21""}}','Activo','Tarjeta de crédito');
Insert into MEDIOS_PAGO_USUARIO (ID,USUARIO_ID,MEDIO_PAGO_DETALLE,ESTADO,TIPO) values (3,103,'{""CreditCard"":{""CardNumber"":180079510959154,""CVV"":154,""Vencimiento"":""04/21""}}','Activo','Tarjeta de crédito');
Insert into MEDIOS_PAGO_USUARIO (ID,USUARIO_ID,MEDIO_PAGO_DETALLE,ESTADO,TIPO) values (4,104,'{""CreditCard"":{""CardNumber"":210002134192881,""CVV"":881,""Vencimiento"":""04/21""}}','Activo','Tarjeta de crédito');
Insert into MEDIOS_PAGO_USUARIO (ID,USUARIO_ID,MEDIO_PAGO_DETALLE,ESTADO,TIPO) values (5,105,'{""CreditCard"":{""CardNumber"":210091458510083,""CVV"":83,""Vencimiento"":""04/21""}}','Inactivo','Tarjeta de crédito');
Insert into MEDIOS_PAGO_USUARIO (ID,USUARIO_ID,MEDIO_PAGO_DETALLE,ESTADO,TIPO) values (6,106,'{""CreditCard"":{""CardNumber"":180058600433734,""CVV"":734,""Vencimiento"":""04/21""}}','Inactivo','Tarjeta de crédito');
Insert into MEDIOS_PAGO_USUARIO (ID,USUARIO_ID,MEDIO_PAGO_DETALLE,ESTADO,TIPO) values (7,107,'{""CreditCard"":{""CardNumber"":180061452606423,""CVV"":423,""Vencimiento"":""04/21""}}','Inactivo','Tarjeta de crédito');
Insert into MEDIOS_PAGO_USUARIO (ID,USUARIO_ID,MEDIO_PAGO_DETALLE,ESTADO,TIPO) values (8,108,'{""CreditCard"":{""CardNumber"":180019034816910,""CVV"":910,""Vencimiento"":""04/21""}}','Activo','Tarjeta de crédito');
Insert into MEDIOS_PAGO_USUARIO (ID,USUARIO_ID,MEDIO_PAGO_DETALLE,ESTADO,TIPO) values (9,109,'{""CreditCard"":{""CardNumber"":180085197667127,""CVV"":127,""Vencimiento"":""04/21""}}','Activo','Tarjeta de crédito');
Insert into MEDIOS_PAGO_USUARIO (ID,USUARIO_ID,MEDIO_PAGO_DETALLE,ESTADO,TIPO) values (10,110,'{""CreditCard"":{""CardNumber"":180075153645449,""CVV"":449,""Vencimiento"":""04/21""}}','Inactivo','Tarjeta de crédito');
Insert into MEDIOS_PAGO_USUARIO (ID,USUARIO_ID,MEDIO_PAGO_DETALLE,ESTADO,TIPO) values (11,111,'{""CreditCard"":{""CardNumber"":180023472881311,""CVV"":311,""Vencimiento"":""04/21""}}','Inactivo','Tarjeta de crédito');
Insert into MEDIOS_PAGO_USUARIO (ID,USUARIO_ID,MEDIO_PAGO_DETALLE,ESTADO,TIPO) values (12,112,'{""CreditCard"":{""CardNumber"":210034090384913,""CVV"":913,""Vencimiento"":""04/21""}}','Inactivo','Tarjeta de crédito');
Insert into MEDIOS_PAGO_USUARIO (ID,USUARIO_ID,MEDIO_PAGO_DETALLE,ESTADO,TIPO) values (13,113,'{""CreditCard"":{""CardNumber"":180021137009823,""CVV"":823,""Vencimiento"":""04/21""}}','Activo','Tarjeta de crédito');
Insert into MEDIOS_PAGO_USUARIO (ID,USUARIO_ID,MEDIO_PAGO_DETALLE,ESTADO,TIPO) values (14,114,'{""CreditCard"":{""CardNumber"":180056104702679,""CVV"":679,""Vencimiento"":""04/21""}}','Inactivo','Tarjeta de crédito');
Insert into MEDIOS_PAGO_USUARIO (ID,USUARIO_ID,MEDIO_PAGO_DETALLE,ESTADO,TIPO) values (15,115,'{""CreditCard"":{""CardNumber"":210050122920730,""CVV"":730,""Vencimiento"":""04/21""}}','Inactivo','Tarjeta de crédito');
Insert into MEDIOS_PAGO_USUARIO (ID,USUARIO_ID,MEDIO_PAGO_DETALLE,ESTADO,TIPO) values (16,116,'{""CreditCard"":{""CardNumber"":210088453166895,""CVV"":895,""Vencimiento"":""04/21""}}','Activo','Tarjeta de crédito');
Insert into MEDIOS_PAGO_USUARIO (ID,USUARIO_ID,MEDIO_PAGO_DETALLE,ESTADO,TIPO) values (17,117,'{""CreditCard"":{""CardNumber"":180088678994713,""CVV"":713,""Vencimiento"":""04/21""}}','Inactivo','Tarjeta de crédito');
Insert into MEDIOS_PAGO_USUARIO (ID,USUARIO_ID,MEDIO_PAGO_DETALLE,ESTADO,TIPO) values (18,118,'{""CreditCard"":{""CardNumber"":210016849709839,""CVV"":839,""Vencimiento"":""04/21""}}','Inactivo','Tarjeta de crédito');
Insert into MEDIOS_PAGO_USUARIO (ID,USUARIO_ID,MEDIO_PAGO_DETALLE,ESTADO,TIPO) values (19,119,'{""CreditCard"":{""CardNumber"":210093151459436,""CVV"":436,""Vencimiento"":""04/21""}}','Inactivo','Tarjeta de crédito');
Insert into MEDIOS_PAGO_USUARIO (ID,USUARIO_ID,MEDIO_PAGO_DETALLE,ESTADO,TIPO) values (20,120,'{""CreditCard"":{""CardNumber"":210094103333141,""CVV"":141,""Vencimiento"":""04/21""}}','Activo','Tarjeta de crédito');
Insert into MEDIOS_PAGO_USUARIO (ID,USUARIO_ID,MEDIO_PAGO_DETALLE,ESTADO,TIPO) values (21,121,'{""CreditCard"":{""CardNumber"":210074571886697,""CVV"":697,""Vencimiento"":""04/21""}}','Activo','Tarjeta de crédito');
Insert into MEDIOS_PAGO_USUARIO (ID,USUARIO_ID,MEDIO_PAGO_DETALLE,ESTADO,TIPO) values (22,122,'{""CreditCard"":{""CardNumber"":210040471237000,""CVV"":0,""Vencimiento"":""04/21""}}','Inactivo','Tarjeta de crédito');
Insert into MEDIOS_PAGO_USUARIO (ID,USUARIO_ID,MEDIO_PAGO_DETALLE,ESTADO,TIPO) values (23,123,'{""CreditCard"":{""CardNumber"":180084442854820,""CVV"":820,""Vencimiento"":""04/21""}}','Inactivo','Tarjeta de crédito');
Insert into MEDIOS_PAGO_USUARIO (ID,USUARIO_ID,MEDIO_PAGO_DETALLE,ESTADO,TIPO) values (24,124,'{""CreditCard"":{""CardNumber"":210022177571338,""CVV"":338,""Vencimiento"":""04/21""}}','Inactivo','Tarjeta de crédito');
Insert into MEDIOS_PAGO_USUARIO (ID,USUARIO_ID,MEDIO_PAGO_DETALLE,ESTADO,TIPO) values (25,125,'{""CreditCard"":{""CardNumber"":210016452290770,""CVV"":770,""Vencimiento"":""04/21""}}','Inactivo','Tarjeta de crédito');
Insert into MEDIOS_PAGO_USUARIO (ID,USUARIO_ID,MEDIO_PAGO_DETALLE,ESTADO,TIPO) values (26,126,'{""CreditCard"":{""CardNumber"":180054389424275,""CVV"":275,""Vencimiento"":""04/21""}}','Inactivo','Tarjeta de crédito');
Insert into MEDIOS_PAGO_USUARIO (ID,USUARIO_ID,MEDIO_PAGO_DETALLE,ESTADO,TIPO) values (27,127,'{""CreditCard"":{""CardNumber"":180018598052730,""CVV"":730,""Vencimiento"":""04/21""}}','Inactivo','Tarjeta de crédito');
Insert into MEDIOS_PAGO_USUARIO (ID,USUARIO_ID,MEDIO_PAGO_DETALLE,ESTADO,TIPO) values (28,128,'{""CreditCard"":{""CardNumber"":180075826441788,""CVV"":788,""Vencimiento"":""04/21""}}','Activo','Tarjeta de crédito');
Insert into MEDIOS_PAGO_USUARIO (ID,USUARIO_ID,MEDIO_PAGO_DETALLE,ESTADO,TIPO) values (29,129,'{""CreditCard"":{""CardNumber"":180019965717905,""CVV"":905,""Vencimiento"":""04/21""}}','Activo','Tarjeta de crédito');
Insert into MEDIOS_PAGO_USUARIO (ID,USUARIO_ID,MEDIO_PAGO_DETALLE,ESTADO,TIPO) values (30,130,'{""CreditCard"":{""CardNumber"":180027987641607,""CVV"":607,""Vencimiento"":""04/21""}}','Inactivo','Tarjeta de crédito');
Insert into MEDIOS_PAGO_USUARIO (ID,USUARIO_ID,MEDIO_PAGO_DETALLE,ESTADO,TIPO) values (31,131,'{""CreditCard"":{""CardNumber"":180010899677125,""CVV"":125,""Vencimiento"":""04/21""}}','Activo','Tarjeta de crédito');
Insert into MEDIOS_PAGO_USUARIO (ID,USUARIO_ID,MEDIO_PAGO_DETALLE,ESTADO,TIPO) values (32,132,'{""CreditCard"":{""CardNumber"":210091437517258,""CVV"":258,""Vencimiento"":""04/21""}}','Inactivo','Tarjeta de crédito');
Insert into MEDIOS_PAGO_USUARIO (ID,USUARIO_ID,MEDIO_PAGO_DETALLE,ESTADO,TIPO) values (33,133,'{""CreditCard"":{""CardNumber"":210048231245221,""CVV"":221,""Vencimiento"":""04/21""}}','Inactivo','Tarjeta de crédito');
Insert into MEDIOS_PAGO_USUARIO (ID,USUARIO_ID,MEDIO_PAGO_DETALLE,ESTADO,TIPO) values (34,134,'{""CreditCard"":{""CardNumber"":210090043862470,""CVV"":470,""Vencimiento"":""04/21""}}','Activo','Tarjeta de crédito');
Insert into MEDIOS_PAGO_USUARIO (ID,USUARIO_ID,MEDIO_PAGO_DETALLE,ESTADO,TIPO) values (35,135,'{""CreditCard"":{""CardNumber"":180012553553006,""CVV"":6,""Vencimiento"":""04/21""}}','Inactivo','Tarjeta de crédito');
Insert into MEDIOS_PAGO_USUARIO (ID,USUARIO_ID,MEDIO_PAGO_DETALLE,ESTADO,TIPO) values (36,136,'{""CreditCard"":{""CardNumber"":180088118565495,""CVV"":495,""Vencimiento"":""04/21""}}','Inactivo','Tarjeta de crédito');
Insert into MEDIOS_PAGO_USUARIO (ID,USUARIO_ID,MEDIO_PAGO_DETALLE,ESTADO,TIPO) values (37,137,'{""CreditCard"":{""CardNumber"":180015353988181,""CVV"":181,""Vencimiento"":""04/21""}}','Inactivo','Tarjeta de crédito');
Insert into MEDIOS_PAGO_USUARIO (ID,USUARIO_ID,MEDIO_PAGO_DETALLE,ESTADO,TIPO) values (38,138,'{""CreditCard"":{""CardNumber"":180099589903727,""CVV"":727,""Vencimiento"":""04/21""}}','Inactivo','Tarjeta de crédito');
Insert into MEDIOS_PAGO_USUARIO (ID,USUARIO_ID,MEDIO_PAGO_DETALLE,ESTADO,TIPO) values (39,139,'{""CreditCard"":{""CardNumber"":210047425594824,""CVV"":824,""Vencimiento"":""04/21""}}','Inactivo','Tarjeta de crédito');
Insert into MEDIOS_PAGO_USUARIO (ID,USUARIO_ID,MEDIO_PAGO_DETALLE,ESTADO,TIPO) values (40,140,'{""CreditCard"":{""CardNumber"":210013210876560,""CVV"":560,""Vencimiento"":""04/21""}}','Activo','Tarjeta de crédito');
Insert into MEDIOS_PAGO_USUARIO (ID,USUARIO_ID,MEDIO_PAGO_DETALLE,ESTADO,TIPO) values (41,141,'{""CreditCard"":{""CardNumber"":210016462291446,""CVV"":446,""Vencimiento"":""04/21""}}','Inactivo','Tarjeta de crédito');
Insert into MEDIOS_PAGO_USUARIO (ID,USUARIO_ID,MEDIO_PAGO_DETALLE,ESTADO,TIPO) values (42,142,'{""CreditCard"":{""CardNumber"":210055238800213,""CVV"":213,""Vencimiento"":""04/21""}}','Activo','Tarjeta de crédito');
Insert into MEDIOS_PAGO_USUARIO (ID,USUARIO_ID,MEDIO_PAGO_DETALLE,ESTADO,TIPO) values (43,143,'{""CreditCard"":{""CardNumber"":180037060486804,""CVV"":804,""Vencimiento"":""04/21""}}','Activo','Tarjeta de crédito');
Insert into MEDIOS_PAGO_USUARIO (ID,USUARIO_ID,MEDIO_PAGO_DETALLE,ESTADO,TIPO) values (44,144,'{""CreditCard"":{""CardNumber"":180029720765586,""CVV"":586,""Vencimiento"":""04/21""}}','Inactivo','Tarjeta de crédito');
Insert into MEDIOS_PAGO_USUARIO (ID,USUARIO_ID,MEDIO_PAGO_DETALLE,ESTADO,TIPO) values (45,145,'{""CreditCard"":{""CardNumber"":180052869887896,""CVV"":896,""Vencimiento"":""04/21""}}','Activo','Tarjeta de crédito');
Insert into MEDIOS_PAGO_USUARIO (ID,USUARIO_ID,MEDIO_PAGO_DETALLE,ESTADO,TIPO) values (46,146,'{""CreditCard"":{""CardNumber"":210032011259214,""CVV"":214,""Vencimiento"":""04/21""}}','Activo','Tarjeta de crédito');
Insert into MEDIOS_PAGO_USUARIO (ID,USUARIO_ID,MEDIO_PAGO_DETALLE,ESTADO,TIPO) values (47,147,'{""CreditCard"":{""CardNumber"":210026482569291,""CVV"":291,""Vencimiento"":""04/21""}}','Activo','Tarjeta de crédito');
Insert into MEDIOS_PAGO_USUARIO (ID,USUARIO_ID,MEDIO_PAGO_DETALLE,ESTADO,TIPO) values (48,148,'{""CreditCard"":{""CardNumber"":180036546334612,""CVV"":612,""Vencimiento"":""04/21""}}','Inactivo','Tarjeta de crédito');
Insert into MEDIOS_PAGO_USUARIO (ID,USUARIO_ID,MEDIO_PAGO_DETALLE,ESTADO,TIPO) values (49,149,'{""CreditCard"":{""CardNumber"":180033364811722,""CVV"":722,""Vencimiento"":""04/21""}}','Inactivo','Tarjeta de crédito');
Insert into MEDIOS_PAGO_USUARIO (ID,USUARIO_ID,MEDIO_PAGO_DETALLE,ESTADO,TIPO) values (50,150,'{""CreditCard"":{""CardNumber"":210090598810692,""CVV"":692,""Vencimiento"":""04/21""}}','Activo','Tarjeta de crédito');
Insert into MEDIOS_PAGO_USUARIO (ID,USUARIO_ID,MEDIO_PAGO_DETALLE,ESTADO,TIPO) values (51,151,'{""CreditCard"":{""CardNumber"":210071981798264,""CVV"":264,""Vencimiento"":""04/21""}}','Inactivo','Tarjeta de crédito');
Insert into MEDIOS_PAGO_USUARIO (ID,USUARIO_ID,MEDIO_PAGO_DETALLE,ESTADO,TIPO) values (52,152,'{""CreditCard"":{""CardNumber"":180071496995443,""CVV"":443,""Vencimiento"":""04/21""}}','Inactivo','Tarjeta de crédito');
Insert into MEDIOS_PAGO_USUARIO (ID,USUARIO_ID,MEDIO_PAGO_DETALLE,ESTADO,TIPO) values (53,153,'{""CreditCard"":{""CardNumber"":180085142080541,""CVV"":541,""Vencimiento"":""04/21""}}','Inactivo','Tarjeta de crédito');
Insert into MEDIOS_PAGO_USUARIO (ID,USUARIO_ID,MEDIO_PAGO_DETALLE,ESTADO,TIPO) values (54,154,'{""CreditCard"":{""CardNumber"":180061640934463,""CVV"":463,""Vencimiento"":""04/21""}}','Inactivo','Tarjeta de crédito');
Insert into MEDIOS_PAGO_USUARIO (ID,USUARIO_ID,MEDIO_PAGO_DETALLE,ESTADO,TIPO) values (55,155,'{""CreditCard"":{""CardNumber"":180053546133399,""CVV"":399,""Vencimiento"":""04/21""}}','Inactivo','Tarjeta de crédito');
Insert into MEDIOS_PAGO_USUARIO (ID,USUARIO_ID,MEDIO_PAGO_DETALLE,ESTADO,TIPO) values (56,156,'{""CreditCard"":{""CardNumber"":210040237727245,""CVV"":245,""Vencimiento"":""04/21""}}','Inactivo','Tarjeta de crédito');
Insert into MEDIOS_PAGO_USUARIO (ID,USUARIO_ID,MEDIO_PAGO_DETALLE,ESTADO,TIPO) values (57,157,'{""CreditCard"":{""CardNumber"":180022686364262,""CVV"":262,""Vencimiento"":""04/21""}}','Inactivo','Tarjeta de crédito');
Insert into MEDIOS_PAGO_USUARIO (ID,USUARIO_ID,MEDIO_PAGO_DETALLE,ESTADO,TIPO) values (58,158,'{""CreditCard"":{""CardNumber"":210071004065618,""CVV"":618,""Vencimiento"":""04/21""}}','Activo','Tarjeta de crédito');
Insert into MEDIOS_PAGO_USUARIO (ID,USUARIO_ID,MEDIO_PAGO_DETALLE,ESTADO,TIPO) values (59,159,'{""CreditCard"":{""CardNumber"":180095596404584,""CVV"":584,""Vencimiento"":""04/21""}}','Inactivo','Tarjeta de crédito');
Insert into MEDIOS_PAGO_USUARIO (ID,USUARIO_ID,MEDIO_PAGO_DETALLE,ESTADO,TIPO) values (60,160,'{""CreditCard"":{""CardNumber"":180077728204827,""CVV"":827,""Vencimiento"":""04/21""}}','Inactivo','Tarjeta de crédito');
Insert into MEDIOS_PAGO_USUARIO (ID,USUARIO_ID,MEDIO_PAGO_DETALLE,ESTADO,TIPO) values (61,161,'{""CreditCard"":{""CardNumber"":210092026762347,""CVV"":347,""Vencimiento"":""04/21""}}','Activo','Tarjeta de crédito');
Insert into MEDIOS_PAGO_USUARIO (ID,USUARIO_ID,MEDIO_PAGO_DETALLE,ESTADO,TIPO) values (62,162,'{""CreditCard"":{""CardNumber"":210047960268214,""CVV"":214,""Vencimiento"":""04/21""}}','Inactivo','Tarjeta de crédito');
Insert into MEDIOS_PAGO_USUARIO (ID,USUARIO_ID,MEDIO_PAGO_DETALLE,ESTADO,TIPO) values (63,163,'{""CreditCard"":{""CardNumber"":210088638625526,""CVV"":526,""Vencimiento"":""04/21""}}','Activo','Tarjeta de crédito');
Insert into MEDIOS_PAGO_USUARIO (ID,USUARIO_ID,MEDIO_PAGO_DETALLE,ESTADO,TIPO) values (64,164,'{""CreditCard"":{""CardNumber"":210087025043236,""CVV"":236,""Vencimiento"":""04/21""}}','Inactivo','Tarjeta de crédito');
Insert into MEDIOS_PAGO_USUARIO (ID,USUARIO_ID,MEDIO_PAGO_DETALLE,ESTADO,TIPO) values (65,165,'{""CreditCard"":{""CardNumber"":210012127123447,""CVV"":447,""Vencimiento"":""04/21""}}','Inactivo','Tarjeta de crédito');
Insert into MEDIOS_PAGO_USUARIO (ID,USUARIO_ID,MEDIO_PAGO_DETALLE,ESTADO,TIPO) values (66,166,'{""CreditCard"":{""CardNumber"":210043200865976,""CVV"":976,""Vencimiento"":""04/21""}}','Activo','Tarjeta de crédito');
Insert into MEDIOS_PAGO_USUARIO (ID,USUARIO_ID,MEDIO_PAGO_DETALLE,ESTADO,TIPO) values (199,299,'{""CreditCard"":{""CardNumber"":210077271845640,""CVV"":640,""Vencimiento"":""04/21""}}','Inactivo','Tarjeta de crédito');
Insert into MEDIOS_PAGO_USUARIO (ID,USUARIO_ID,MEDIO_PAGO_DETALLE,ESTADO,TIPO) values (200,300,'{""CreditCard"":{""CardNumber"":210036415458611,""CVV"":611,""Vencimiento"":""04/21""}}','Inactivo','Tarjeta de crédito');
Insert into MEDIOS_PAGO_USUARIO (ID,USUARIO_ID,MEDIO_PAGO_DETALLE,ESTADO,TIPO) values (201,301,'{""CreditCard"":{""CardNumber"":210005614042203,""CVV"":203,""Vencimiento"":""04/21""}}','Inactivo','Tarjeta de crédito');
Insert into MEDIOS_PAGO_USUARIO (ID,USUARIO_ID,MEDIO_PAGO_DETALLE,ESTADO,TIPO) values (202,302,'{""CreditCard"":{""CardNumber"":180098950441622,""CVV"":622,""Vencimiento"":""04/21""}}','Inactivo','Tarjeta de crédito');
Insert into MEDIOS_PAGO_USUARIO (ID,USUARIO_ID,MEDIO_PAGO_DETALLE,ESTADO,TIPO) values (203,303,'{""CreditCard"":{""CardNumber"":180042464049323,""CVV"":323,""Vencimiento"":""04/21""}}','Activo','Tarjeta de crédito');
Insert into MEDIOS_PAGO_USUARIO (ID,USUARIO_ID,MEDIO_PAGO_DETALLE,ESTADO,TIPO) values (204,304,'{""CreditCard"":{""CardNumber"":180069603516151,""CVV"":151,""Vencimiento"":""04/21""}}','Inactivo','Tarjeta de crédito');
Insert into MEDIOS_PAGO_USUARIO (ID,USUARIO_ID,MEDIO_PAGO_DETALLE,ESTADO,TIPO) values (205,305,'{""CreditCard"":{""CardNumber"":180082880308390,""CVV"":390,""Vencimiento"":""04/21""}}','Inactivo','Tarjeta de crédito');
Insert into MEDIOS_PAGO_USUARIO (ID,USUARIO_ID,MEDIO_PAGO_DETALLE,ESTADO,TIPO) values (206,306,'{""CreditCard"":{""CardNumber"":210051495503616,""CVV"":616,""Vencimiento"":""04/21""}}','Inactivo','Tarjeta de crédito');
Insert into MEDIOS_PAGO_USUARIO (ID,USUARIO_ID,MEDIO_PAGO_DETALLE,ESTADO,TIPO) values (207,307,'{""CreditCard"":{""CardNumber"":210052676863654,""CVV"":654,""Vencimiento"":""04/21""}}','Activo','Tarjeta de crédito');
Insert into MEDIOS_PAGO_USUARIO (ID,USUARIO_ID,MEDIO_PAGO_DETALLE,ESTADO,TIPO) values (208,308,'{""CreditCard"":{""CardNumber"":210018946666672,""CVV"":672,""Vencimiento"":""04/21""}}','Activo','Tarjeta de crédito');
Insert into MEDIOS_PAGO_USUARIO (ID,USUARIO_ID,MEDIO_PAGO_DETALLE,ESTADO,TIPO) values (209,309,'{""CreditCard"":{""CardNumber"":180054327677158,""CVV"":158,""Vencimiento"":""04/21""}}','Activo','Tarjeta de crédito');
Insert into MEDIOS_PAGO_USUARIO (ID,USUARIO_ID,MEDIO_PAGO_DETALLE,ESTADO,TIPO) values (210,310,'{""CreditCard"":{""CardNumber"":180096920920030,""CVV"":24,""Vencimiento"":""04/21""}}','Inactivo','Tarjeta de crédito');
Insert into MEDIOS_PAGO_USUARIO (ID,USUARIO_ID,MEDIO_PAGO_DETALLE,ESTADO,TIPO) values (211,311,'{""CreditCard"":{""CardNumber"":180026237702136,""CVV"":136,""Vencimiento"":""04/21""}}','Activo','Tarjeta de crédito');
Insert into MEDIOS_PAGO_USUARIO (ID,USUARIO_ID,MEDIO_PAGO_DETALLE,ESTADO,TIPO) values (212,312,'{""CreditCard"":{""CardNumber"":180031194451495,""CVV"":495,""Vencimiento"":""04/21""}}','Activo','Tarjeta de crédito');
Insert into MEDIOS_PAGO_USUARIO (ID,USUARIO_ID,MEDIO_PAGO_DETALLE,ESTADO,TIPO) values (213,313,'{""CreditCard"":{""CardNumber"":210054186769371,""CVV"":371,""Vencimiento"":""04/21""}}','Inactivo','Tarjeta de crédito');
Insert into MEDIOS_PAGO_USUARIO (ID,USUARIO_ID,MEDIO_PAGO_DETALLE,ESTADO,TIPO) values (214,314,'{""CreditCard"":{""CardNumber"":210079556601631,""CVV"":631,""Vencimiento"":""04/21""}}','Activo','Tarjeta de crédito');
Insert into MEDIOS_PAGO_USUARIO (ID,USUARIO_ID,MEDIO_PAGO_DETALLE,ESTADO,TIPO) values (215,315,'{""CreditCard"":{""CardNumber"":210066267261334,""CVV"":334,""Vencimiento"":""04/21""}}','Activo','Tarjeta de crédito');
Insert into MEDIOS_PAGO_USUARIO (ID,USUARIO_ID,MEDIO_PAGO_DETALLE,ESTADO,TIPO) values (216,316,'{""CreditCard"":{""CardNumber"":180092077936002,""CVV"":2,""Vencimiento"":""04/21""}}','Inactivo','Tarjeta de crédito');
Insert into MEDIOS_PAGO_USUARIO (ID,USUARIO_ID,MEDIO_PAGO_DETALLE,ESTADO,TIPO) values (217,317,'{""CreditCard"":{""CardNumber"":210005032130473,""CVV"":473,""Vencimiento"":""04/21""}}','Activo','Tarjeta de crédito');
Insert into MEDIOS_PAGO_USUARIO (ID,USUARIO_ID,MEDIO_PAGO_DETALLE,ESTADO,TIPO) values (218,318,'{""CreditCard"":{""CardNumber"":180049266179844,""CVV"":844,""Vencimiento"":""04/21""}}','Inactivo','Tarjeta de crédito');
Insert into MEDIOS_PAGO_USUARIO (ID,USUARIO_ID,MEDIO_PAGO_DETALLE,ESTADO,TIPO) values (219,319,'{""CreditCard"":{""CardNumber"":210025977797102,""CVV"":102,""Vencimiento"":""04/21""}}','Activo','Tarjeta de crédito');
Insert into MEDIOS_PAGO_USUARIO (ID,USUARIO_ID,MEDIO_PAGO_DETALLE,ESTADO,TIPO) values (220,320,'{""CreditCard"":{""CardNumber"":180072776916299,""CVV"":299,""Vencimiento"":""04/21""}}','Activo','Tarjeta de crédito');
Insert into MEDIOS_PAGO_USUARIO (ID,USUARIO_ID,MEDIO_PAGO_DETALLE,ESTADO,TIPO) values (221,321,'{""CreditCard"":{""CardNumber"":180087138150155,""CVV"":155,""Vencimiento"":""04/21""}}','Inactivo','Tarjeta de crédito');
Insert into MEDIOS_PAGO_USUARIO (ID,USUARIO_ID,MEDIO_PAGO_DETALLE,ESTADO,TIPO) values (222,322,'{""CreditCard"":{""CardNumber"":180081070339009,""CVV"":9,""Vencimiento"":""04/21""}}','Activo','Tarjeta de crédito');
Insert into MEDIOS_PAGO_USUARIO (ID,USUARIO_ID,MEDIO_PAGO_DETALLE,ESTADO,TIPO) values (223,323,'{""CreditCard"":{""CardNumber"":210042473035465,""CVV"":465,""Vencimiento"":""04/21""}}','Inactivo','Tarjeta de crédito');
Insert into MEDIOS_PAGO_USUARIO (ID,USUARIO_ID,MEDIO_PAGO_DETALLE,ESTADO,TIPO) values (224,324,'{""CreditCard"":{""CardNumber"":210006020150846,""CVV"":846,""Vencimiento"":""04/21""}}','Activo','Tarjeta de crédito');
Insert into MEDIOS_PAGO_USUARIO (ID,USUARIO_ID,MEDIO_PAGO_DETALLE,ESTADO,TIPO) values (225,325,'{""CreditCard"":{""CardNumber"":210074085353317,""CVV"":317,""Vencimiento"":""04/21""}}','Inactivo','Tarjeta de crédito');
Insert into MEDIOS_PAGO_USUARIO (ID,USUARIO_ID,MEDIO_PAGO_DETALLE,ESTADO,TIPO) values (226,326,'{""CreditCard"":{""CardNumber"":180085824682374,""CVV"":374,""Vencimiento"":""04/21""}}','Inactivo','Tarjeta de crédito');
Insert into MEDIOS_PAGO_USUARIO (ID,USUARIO_ID,MEDIO_PAGO_DETALLE,ESTADO,TIPO) values (227,327,'{""CreditCard"":{""CardNumber"":210064706598077,""CVV"":63,""Vencimiento"":""04/21""}}','Inactivo','Tarjeta de crédito');
Insert into MEDIOS_PAGO_USUARIO (ID,USUARIO_ID,MEDIO_PAGO_DETALLE,ESTADO,TIPO) values (228,328,'{""CreditCard"":{""CardNumber"":210075582920763,""CVV"":763,""Vencimiento"":""04/21""}}','Activo','Tarjeta de crédito');
Insert into MEDIOS_PAGO_USUARIO (ID,USUARIO_ID,MEDIO_PAGO_DETALLE,ESTADO,TIPO) values (229,329,'{""CreditCard"":{""CardNumber"":180012443909814,""CVV"":814,""Vencimiento"":""04/21""}}','Inactivo','Tarjeta de crédito');
Insert into MEDIOS_PAGO_USUARIO (ID,USUARIO_ID,MEDIO_PAGO_DETALLE,ESTADO,TIPO) values (230,330,'{""CreditCard"":{""CardNumber"":210014775013862,""CVV"":862,""Vencimiento"":""04/21""}}','Inactivo','Tarjeta de crédito');
Insert into MEDIOS_PAGO_USUARIO (ID,USUARIO_ID,MEDIO_PAGO_DETALLE,ESTADO,TIPO) values (231,331,'{""CreditCard"":{""CardNumber"":210059424286781,""CVV"":781,""Vencimiento"":""04/21""}}','Activo','Tarjeta de crédito');
Insert into MEDIOS_PAGO_USUARIO (ID,USUARIO_ID,MEDIO_PAGO_DETALLE,ESTADO,TIPO) values (232,332,'{""CreditCard"":{""CardNumber"":210095968527727,""CVV"":727,""Vencimiento"":""04/21""}}','Inactivo','Tarjeta de crédito');
Insert into MEDIOS_PAGO_USUARIO (ID,USUARIO_ID,MEDIO_PAGO_DETALLE,ESTADO,TIPO) values (233,333,'{""CreditCard"":{""CardNumber"":180083676392606,""CVV"":606,""Vencimiento"":""04/21""}}','Activo','Tarjeta de crédito');
Insert into MEDIOS_PAGO_USUARIO (ID,USUARIO_ID,MEDIO_PAGO_DETALLE,ESTADO,TIPO) values (234,334,'{""CreditCard"":{""CardNumber"":180041706497548,""CVV"":548,""Vencimiento"":""04/21""}}','Inactivo','Tarjeta de crédito');
Insert into MEDIOS_PAGO_USUARIO (ID,USUARIO_ID,MEDIO_PAGO_DETALLE,ESTADO,TIPO) values (235,335,'{""CreditCard"":{""CardNumber"":180023411915022,""CVV"":18,""Vencimiento"":""04/21""}}','Activo','Tarjeta de crédito');
Insert into MEDIOS_PAGO_USUARIO (ID,USUARIO_ID,MEDIO_PAGO_DETALLE,ESTADO,TIPO) values (236,336,'{""CreditCard"":{""CardNumber"":180060884218096,""CVV"":96,""Vencimiento"":""04/21""}}','Inactivo','Tarjeta de crédito');
Insert into MEDIOS_PAGO_USUARIO (ID,USUARIO_ID,MEDIO_PAGO_DETALLE,ESTADO,TIPO) values (237,337,'{""CreditCard"":{""CardNumber"":180074011877419,""CVV"":419,""Vencimiento"":""04/21""}}','Activo','Tarjeta de crédito');
Insert into MEDIOS_PAGO_USUARIO (ID,USUARIO_ID,MEDIO_PAGO_DETALLE,ESTADO,TIPO) values (238,338,'{""CreditCard"":{""CardNumber"":180074553769024,""CVV"":20,""Vencimiento"":""04/21""}}','Inactivo','Tarjeta de crédito');
Insert into MEDIOS_PAGO_USUARIO (ID,USUARIO_ID,MEDIO_PAGO_DETALLE,ESTADO,TIPO) values (239,339,'{""CreditCard"":{""CardNumber"":210060637493156,""CVV"":156,""Vencimiento"":""04/21""}}','Inactivo','Tarjeta de crédito');
Insert into MEDIOS_PAGO_USUARIO (ID,USUARIO_ID,MEDIO_PAGO_DETALLE,ESTADO,TIPO) values (240,340,'{""CreditCard"":{""CardNumber"":180065663329543,""CVV"":543,""Vencimiento"":""04/21""}}','Activo','Tarjeta de crédito');
Insert into MEDIOS_PAGO_USUARIO (ID,USUARIO_ID,MEDIO_PAGO_DETALLE,ESTADO,TIPO) values (241,341,'{""CreditCard"":{""CardNumber"":210021791705041,""CVV"":33,""Vencimiento"":""04/21""}}','Activo','Tarjeta de crédito');
Insert into MEDIOS_PAGO_USUARIO (ID,USUARIO_ID,MEDIO_PAGO_DETALLE,ESTADO,TIPO) values (242,342,'{""CreditCard"":{""CardNumber"":180057536670146,""CVV"":146,""Vencimiento"":""04/21""}}','Activo','Tarjeta de crédito');
Insert into MEDIOS_PAGO_USUARIO (ID,USUARIO_ID,MEDIO_PAGO_DETALLE,ESTADO,TIPO) values (243,343,'{""CreditCard"":{""CardNumber"":180061976671358,""CVV"":358,""Vencimiento"":""04/21""}}','Inactivo','Tarjeta de crédito');
Insert into MEDIOS_PAGO_USUARIO (ID,USUARIO_ID,MEDIO_PAGO_DETALLE,ESTADO,TIPO) values (244,344,'{""CreditCard"":{""CardNumber"":210022762018125,""CVV"":125,""Vencimiento"":""04/21""}}','Activo','Tarjeta de crédito');
Insert into MEDIOS_PAGO_USUARIO (ID,USUARIO_ID,MEDIO_PAGO_DETALLE,ESTADO,TIPO) values (245,345,'{""CreditCard"":{""CardNumber"":180024371005002,""CVV"":2,""Vencimiento"":""04/21""}}','Activo','Tarjeta de crédito');
Insert into MEDIOS_PAGO_USUARIO (ID,USUARIO_ID,MEDIO_PAGO_DETALLE,ESTADO,TIPO) values (246,346,'{""CreditCard"":{""CardNumber"":180099499383127,""CVV"":127,""Vencimiento"":""04/21""}}','Inactivo','Tarjeta de crédito');
Insert into MEDIOS_PAGO_USUARIO (ID,USUARIO_ID,MEDIO_PAGO_DETALLE,ESTADO,TIPO) values (247,347,'{""CreditCard"":{""CardNumber"":210011607333633,""CVV"":633,""Vencimiento"":""04/21""}}','Inactivo','Tarjeta de crédito');
Insert into MEDIOS_PAGO_USUARIO (ID,USUARIO_ID,MEDIO_PAGO_DETALLE,ESTADO,TIPO) values (248,348,'{""CreditCard"":{""CardNumber"":210000384387581,""CVV"":581,""Vencimiento"":""04/21""}}','Inactivo','Tarjeta de crédito');
Insert into MEDIOS_PAGO_USUARIO (ID,USUARIO_ID,MEDIO_PAGO_DETALLE,ESTADO,TIPO) values (249,349,'{""CreditCard"":{""CardNumber"":180032343343161,""CVV"":161,""Vencimiento"":""04/21""}}','Inactivo','Tarjeta de crédito');
Insert into MEDIOS_PAGO_USUARIO (ID,USUARIO_ID,MEDIO_PAGO_DETALLE,ESTADO,TIPO) values (250,350,'{""CreditCard"":{""CardNumber"":180049109362904,""CVV"":904,""Vencimiento"":""04/21""}}','Activo','Tarjeta de crédito');
Insert into MEDIOS_PAGO_USUARIO (ID,USUARIO_ID,MEDIO_PAGO_DETALLE,ESTADO,TIPO) values (251,351,'{""CreditCard"":{""CardNumber"":180079225571757,""CVV"":757,""Vencimiento"":""04/21""}}','Activo','Tarjeta de crédito');
Insert into MEDIOS_PAGO_USUARIO (ID,USUARIO_ID,MEDIO_PAGO_DETALLE,ESTADO,TIPO) values (252,352,'{""CreditCard"":{""CardNumber"":210060846959070,""CVV"":56,""Vencimiento"":""04/21""}}','Activo','Tarjeta de crédito');
Insert into MEDIOS_PAGO_USUARIO (ID,USUARIO_ID,MEDIO_PAGO_DETALLE,ESTADO,TIPO) values (253,353,'{""CreditCard"":{""CardNumber"":180013085328982,""CVV"":982,""Vencimiento"":""04/21""}}','Inactivo','Tarjeta de crédito');
Insert into MEDIOS_PAGO_USUARIO (ID,USUARIO_ID,MEDIO_PAGO_DETALLE,ESTADO,TIPO) values (254,354,'{""CreditCard"":{""CardNumber"":180011963423552,""CVV"":552,""Vencimiento"":""04/21""}}','Inactivo','Tarjeta de crédito');
Insert into MEDIOS_PAGO_USUARIO (ID,USUARIO_ID,MEDIO_PAGO_DETALLE,ESTADO,TIPO) values (255,355,'{""CreditCard"":{""CardNumber"":180017319812653,""CVV"":653,""Vencimiento"":""04/21""}}','Activo','Tarjeta de crédito');
Insert into MEDIOS_PAGO_USUARIO (ID,USUARIO_ID,MEDIO_PAGO_DETALLE,ESTADO,TIPO) values (256,356,'{""CreditCard"":{""CardNumber"":210021718082839,""CVV"":839,""Vencimiento"":""04/21""}}','Activo','Tarjeta de crédito');
Insert into MEDIOS_PAGO_USUARIO (ID,USUARIO_ID,MEDIO_PAGO_DETALLE,ESTADO,TIPO) values (257,357,'{""CreditCard"":{""CardNumber"":180085454640536,""CVV"":536,""Vencimiento"":""04/21""}}','Activo','Tarjeta de crédito');
Insert into MEDIOS_PAGO_USUARIO (ID,USUARIO_ID,MEDIO_PAGO_DETALLE,ESTADO,TIPO) values (258,358,'{""CreditCard"":{""CardNumber"":180091632912573,""CVV"":573,""Vencimiento"":""04/21""}}','Activo','Tarjeta de crédito');
Insert into MEDIOS_PAGO_USUARIO (ID,USUARIO_ID,MEDIO_PAGO_DETALLE,ESTADO,TIPO) values (259,359,'{""CreditCard"":{""CardNumber"":210022551732498,""CVV"":498,""Vencimiento"":""04/21""}}','Activo','Tarjeta de crédito');
Insert into MEDIOS_PAGO_USUARIO (ID,USUARIO_ID,MEDIO_PAGO_DETALLE,ESTADO,TIPO) values (260,360,'{""CreditCard"":{""CardNumber"":180064391822895,""CVV"":895,""Vencimiento"":""04/21""}}','Activo','Tarjeta de crédito');
Insert into MEDIOS_PAGO_USUARIO (ID,USUARIO_ID,MEDIO_PAGO_DETALLE,ESTADO,TIPO) values (261,361,'{""CreditCard"":{""CardNumber"":210018413909860,""CVV"":860,""Vencimiento"":""04/21""}}','Activo','Tarjeta de crédito');
Insert into MEDIOS_PAGO_USUARIO (ID,USUARIO_ID,MEDIO_PAGO_DETALLE,ESTADO,TIPO) values (262,362,'{""CreditCard"":{""CardNumber"":210044514467665,""CVV"":665,""Vencimiento"":""04/21""}}','Activo','Tarjeta de crédito');
Insert into MEDIOS_PAGO_USUARIO (ID,USUARIO_ID,MEDIO_PAGO_DETALLE,ESTADO,TIPO) values (263,363,'{""CreditCard"":{""CardNumber"":180061285997361,""CVV"":361,""Vencimiento"":""04/21""}}','Activo','Tarjeta de crédito');
Insert into MEDIOS_PAGO_USUARIO (ID,USUARIO_ID,MEDIO_PAGO_DETALLE,ESTADO,TIPO) values (264,364,'{""CreditCard"":{""CardNumber"":180012164337864,""CVV"":864,""Vencimiento"":""04/21""}}','Activo','Tarjeta de crédito');
Insert into MEDIOS_PAGO_USUARIO (ID,USUARIO_ID,MEDIO_PAGO_DETALLE,ESTADO,TIPO) values (397,497,'{""CreditCard"":{""CardNumber"":180033885088040,""CVV"":32,""Vencimiento"":""04/21""}}','Inactivo','Tarjeta de crédito');
Insert into MEDIOS_PAGO_USUARIO (ID,USUARIO_ID,MEDIO_PAGO_DETALLE,ESTADO,TIPO) values (398,498,'{""CreditCard"":{""CardNumber"":210078419231420,""CVV"":420,""Vencimiento"":""04/21""}}','Activo','Tarjeta de crédito');
Insert into MEDIOS_PAGO_USUARIO (ID,USUARIO_ID,MEDIO_PAGO_DETALLE,ESTADO,TIPO) values (399,499,'{""CreditCard"":{""CardNumber"":180029577222376,""CVV"":376,""Vencimiento"":""04/21""}}','Inactivo','Tarjeta de crédito');
Insert into MEDIOS_PAGO_USUARIO (ID,USUARIO_ID,MEDIO_PAGO_DETALLE,ESTADO,TIPO) values (400,500,'{""CreditCard"":{""CardNumber"":210067615183980,""CVV"":980,""Vencimiento"":""04/21""}}','Inactivo','Tarjeta de crédito');
Insert into MEDIOS_PAGO_USUARIO (ID,USUARIO_ID,MEDIO_PAGO_DETALLE,ESTADO,TIPO) values (401,501,'{""CreditCard"":{""CardNumber"":210084047709613,""CVV"":613,""Vencimiento"":""04/21""}}','Inactivo','Tarjeta de crédito');
Insert into MEDIOS_PAGO_USUARIO (ID,USUARIO_ID,MEDIO_PAGO_DETALLE,ESTADO,TIPO) values (402,502,'{""CreditCard"":{""CardNumber"":180059303342313,""CVV"":313,""Vencimiento"":""04/21""}}','Activo','Tarjeta de crédito');
Insert into MEDIOS_PAGO_USUARIO (ID,USUARIO_ID,MEDIO_PAGO_DETALLE,ESTADO,TIPO) values (403,503,'{""CreditCard"":{""CardNumber"":210087305150594,""CVV"":594,""Vencimiento"":""04/21""}}','Activo','Tarjeta de crédito');
Insert into MEDIOS_PAGO_USUARIO (ID,USUARIO_ID,MEDIO_PAGO_DETALLE,ESTADO,TIPO) values (404,504,'{""CreditCard"":{""CardNumber"":180034684490221,""CVV"":221,""Vencimiento"":""04/21""}}','Inactivo','Tarjeta de crédito');
Insert into MEDIOS_PAGO_USUARIO (ID,USUARIO_ID,MEDIO_PAGO_DETALLE,ESTADO,TIPO) values (405,505,'{""CreditCard"":{""CardNumber"":210081478714575,""CVV"":575,""Vencimiento"":""04/21""}}','Inactivo','Tarjeta de crédito');
Insert into MEDIOS_PAGO_USUARIO (ID,USUARIO_ID,MEDIO_PAGO_DETALLE,ESTADO,TIPO) values (406,506,'{""CreditCard"":{""CardNumber"":180004668141595,""CVV"":595,""Vencimiento"":""04/21""}}','Activo','Tarjeta de crédito');
Insert into MEDIOS_PAGO_USUARIO (ID,USUARIO_ID,MEDIO_PAGO_DETALLE,ESTADO,TIPO) values (407,507,'{""CreditCard"":{""CardNumber"":180054254763716,""CVV"":716,""Vencimiento"":""04/21""}}','Activo','Tarjeta de crédito');
Insert into MEDIOS_PAGO_USUARIO (ID,USUARIO_ID,MEDIO_PAGO_DETALLE,ESTADO,TIPO) values (408,508,'{""CreditCard"":{""CardNumber"":210078061693497,""CVV"":497,""Vencimiento"":""04/21""}}','Inactivo','Tarjeta de crédito');
Insert into MEDIOS_PAGO_USUARIO (ID,USUARIO_ID,MEDIO_PAGO_DETALLE,ESTADO,TIPO) values (409,509,'{""CreditCard"":{""CardNumber"":180001223166851,""CVV"":851,""Vencimiento"":""04/21""}}','Activo','Tarjeta de crédito');
Insert into MEDIOS_PAGO_USUARIO (ID,USUARIO_ID,MEDIO_PAGO_DETALLE,ESTADO,TIPO) values (410,510,'{""CreditCard"":{""CardNumber"":210086056676237,""CVV"":237,""Vencimiento"":""04/21""}}','Inactivo','Tarjeta de crédito');
Insert into MEDIOS_PAGO_USUARIO (ID,USUARIO_ID,MEDIO_PAGO_DETALLE,ESTADO,TIPO) values (411,511,'{""CreditCard"":{""CardNumber"":180006269388319,""CVV"":319,""Vencimiento"":""04/21""}}','Activo','Tarjeta de crédito');
Insert into MEDIOS_PAGO_USUARIO (ID,USUARIO_ID,MEDIO_PAGO_DETALLE,ESTADO,TIPO) values (412,512,'{""CreditCard"":{""CardNumber"":180066792505201,""CVV"":201,""Vencimiento"":""04/21""}}','Inactivo','Tarjeta de crédito');
Insert into MEDIOS_PAGO_USUARIO (ID,USUARIO_ID,MEDIO_PAGO_DETALLE,ESTADO,TIPO) values (413,513,'{""CreditCard"":{""CardNumber"":210069810620022,""CVV"":18,""Vencimiento"":""04/21""}}','Activo','Tarjeta de crédito');
Insert into MEDIOS_PAGO_USUARIO (ID,USUARIO_ID,MEDIO_PAGO_DETALLE,ESTADO,TIPO) values (414,514,'{""CreditCard"":{""CardNumber"":210072495638178,""CVV"":178,""Vencimiento"":""04/21""}}','Inactivo','Tarjeta de crédito');
Insert into MEDIOS_PAGO_USUARIO (ID,USUARIO_ID,MEDIO_PAGO_DETALLE,ESTADO,TIPO) values (415,515,'{""CreditCard"":{""CardNumber"":210005921141219,""CVV"":219,""Vencimiento"":""04/21""}}','Inactivo','Tarjeta de crédito');
Insert into MEDIOS_PAGO_USUARIO (ID,USUARIO_ID,MEDIO_PAGO_DETALLE,ESTADO,TIPO) values (416,516,'{""CreditCard"":{""CardNumber"":210012402163696,""CVV"":696,""Vencimiento"":""04/21""}}','Inactivo','Tarjeta de crédito');
Insert into MEDIOS_PAGO_USUARIO (ID,USUARIO_ID,MEDIO_PAGO_DETALLE,ESTADO,TIPO) values (417,517,'{""CreditCard"":{""CardNumber"":180012052513410,""CVV"":410,""Vencimiento"":""04/21""}}','Activo','Tarjeta de crédito');
Insert into MEDIOS_PAGO_USUARIO (ID,USUARIO_ID,MEDIO_PAGO_DETALLE,ESTADO,TIPO) values (418,518,'{""CreditCard"":{""CardNumber"":210045524279479,""CVV"":479,""Vencimiento"":""04/21""}}','Inactivo','Tarjeta de crédito');
Insert into MEDIOS_PAGO_USUARIO (ID,USUARIO_ID,MEDIO_PAGO_DETALLE,ESTADO,TIPO) values (419,519,'{""CreditCard"":{""CardNumber"":210065632733399,""CVV"":399,""Vencimiento"":""04/21""}}','Activo','Tarjeta de crédito');
Insert into MEDIOS_PAGO_USUARIO (ID,USUARIO_ID,MEDIO_PAGO_DETALLE,ESTADO,TIPO) values (420,520,'{""CreditCard"":{""CardNumber"":210094563195378,""CVV"":378,""Vencimiento"":""04/21""}}','Activo','Tarjeta de crédito');
Insert into MEDIOS_PAGO_USUARIO (ID,USUARIO_ID,MEDIO_PAGO_DETALLE,ESTADO,TIPO) values (421,521,'{""CreditCard"":{""CardNumber"":210051233620946,""CVV"":946,""Vencimiento"":""04/21""}}','Inactivo','Tarjeta de crédito');
Insert into MEDIOS_PAGO_USUARIO (ID,USUARIO_ID,MEDIO_PAGO_DETALLE,ESTADO,TIPO) values (422,522,'{""CreditCard"":{""CardNumber"":180068223389627,""CVV"":627,""Vencimiento"":""04/21""}}','Inactivo','Tarjeta de crédito');
Insert into MEDIOS_PAGO_USUARIO (ID,USUARIO_ID,MEDIO_PAGO_DETALLE,ESTADO,TIPO) values (423,523,'{""CreditCard"":{""CardNumber"":180008512455929,""CVV"":929,""Vencimiento"":""04/21""}}','Activo','Tarjeta de crédito');
Insert into MEDIOS_PAGO_USUARIO (ID,USUARIO_ID,MEDIO_PAGO_DETALLE,ESTADO,TIPO) values (424,524,'{""CreditCard"":{""CardNumber"":180047039306306,""CVV"":306,""Vencimiento"":""04/21""}}','Inactivo','Tarjeta de crédito');
Insert into MEDIOS_PAGO_USUARIO (ID,USUARIO_ID,MEDIO_PAGO_DETALLE,ESTADO,TIPO) values (425,525,'{""CreditCard"":{""CardNumber"":180012795395299,""CVV"":299,""Vencimiento"":""04/21""}}','Activo','Tarjeta de crédito');
Insert into MEDIOS_PAGO_USUARIO (ID,USUARIO_ID,MEDIO_PAGO_DETALLE,ESTADO,TIPO) values (426,526,'{""CreditCard"":{""CardNumber"":180097516783253,""CVV"":253,""Vencimiento"":""04/21""}}','Inactivo','Tarjeta de crédito');
Insert into MEDIOS_PAGO_USUARIO (ID,USUARIO_ID,MEDIO_PAGO_DETALLE,ESTADO,TIPO) values (427,527,'{""CreditCard"":{""CardNumber"":210040538603558,""CVV"":558,""Vencimiento"":""04/21""}}','Inactivo','Tarjeta de crédito');
Insert into MEDIOS_PAGO_USUARIO (ID,USUARIO_ID,MEDIO_PAGO_DETALLE,ESTADO,TIPO) values (428,528,'{""CreditCard"":{""CardNumber"":180016670293321,""CVV"":321,""Vencimiento"":""04/21""}}','Inactivo','Tarjeta de crédito');
Insert into MEDIOS_PAGO_USUARIO (ID,USUARIO_ID,MEDIO_PAGO_DETALLE,ESTADO,TIPO) values (429,529,'{""CreditCard"":{""CardNumber"":180015498785682,""CVV"":682,""Vencimiento"":""04/21""}}','Activo','Tarjeta de crédito');
Insert into MEDIOS_PAGO_USUARIO (ID,USUARIO_ID,MEDIO_PAGO_DETALLE,ESTADO,TIPO) values (265,365,'{""CreditCard"":{""CardNumber"":210048563531305,""CVV"":305,""Vencimiento"":""04/21""}}','Activo','Tarjeta de crédito');
Insert into MEDIOS_PAGO_USUARIO (ID,USUARIO_ID,MEDIO_PAGO_DETALLE,ESTADO,TIPO) values (266,366,'{""CreditCard"":{""CardNumber"":210008207789842,""CVV"":842,""Vencimiento"":""04/21""}}','Inactivo','Tarjeta de crédito');
Insert into MEDIOS_PAGO_USUARIO (ID,USUARIO_ID,MEDIO_PAGO_DETALLE,ESTADO,TIPO) values (267,367,'{""CreditCard"":{""CardNumber"":210047996578883,""CVV"":883,""Vencimiento"":""04/21""}}','Activo','Tarjeta de crédito');
Insert into MEDIOS_PAGO_USUARIO (ID,USUARIO_ID,MEDIO_PAGO_DETALLE,ESTADO,TIPO) values (268,368,'{""CreditCard"":{""CardNumber"":210004409381868,""CVV"":868,""Vencimiento"":""04/21""}}','Activo','Tarjeta de crédito');
Insert into MEDIOS_PAGO_USUARIO (ID,USUARIO_ID,MEDIO_PAGO_DETALLE,ESTADO,TIPO) values (269,369,'{""CreditCard"":{""CardNumber"":180032919629340,""CVV"":340,""Vencimiento"":""04/21""}}','Inactivo','Tarjeta de crédito');
Insert into MEDIOS_PAGO_USUARIO (ID,USUARIO_ID,MEDIO_PAGO_DETALLE,ESTADO,TIPO) values (270,370,'{""CreditCard"":{""CardNumber"":180044827329392,""CVV"":392,""Vencimiento"":""04/21""}}','Activo','Tarjeta de crédito');
Insert into MEDIOS_PAGO_USUARIO (ID,USUARIO_ID,MEDIO_PAGO_DETALLE,ESTADO,TIPO) values (271,371,'{""CreditCard"":{""CardNumber"":210074253687553,""CVV"":553,""Vencimiento"":""04/21""}}','Activo','Tarjeta de crédito');
Insert into MEDIOS_PAGO_USUARIO (ID,USUARIO_ID,MEDIO_PAGO_DETALLE,ESTADO,TIPO) values (272,372,'{""CreditCard"":{""CardNumber"":210065760439314,""CVV"":314,""Vencimiento"":""04/21""}}','Activo','Tarjeta de crédito');
Insert into MEDIOS_PAGO_USUARIO (ID,USUARIO_ID,MEDIO_PAGO_DETALLE,ESTADO,TIPO) values (273,373,'{""CreditCard"":{""CardNumber"":180097853444865,""CVV"":865,""Vencimiento"":""04/21""}}','Activo','Tarjeta de crédito');
Insert into MEDIOS_PAGO_USUARIO (ID,USUARIO_ID,MEDIO_PAGO_DETALLE,ESTADO,TIPO) values (274,374,'{""CreditCard"":{""CardNumber"":210037428267817,""CVV"":817,""Vencimiento"":""04/21""}}','Activo','Tarjeta de crédito');
Insert into MEDIOS_PAGO_USUARIO (ID,USUARIO_ID,MEDIO_PAGO_DETALLE,ESTADO,TIPO) values (275,375,'{""CreditCard"":{""CardNumber"":210030520021562,""CVV"":562,""Vencimiento"":""04/21""}}','Activo','Tarjeta de crédito');
Insert into MEDIOS_PAGO_USUARIO (ID,USUARIO_ID,MEDIO_PAGO_DETALLE,ESTADO,TIPO) values (276,376,'{""CreditCard"":{""CardNumber"":180079620176517,""CVV"":517,""Vencimiento"":""04/21""}}','Inactivo','Tarjeta de crédito');
Insert into MEDIOS_PAGO_USUARIO (ID,USUARIO_ID,MEDIO_PAGO_DETALLE,ESTADO,TIPO) values (277,377,'{""CreditCard"":{""CardNumber"":210017775277072,""CVV"":58,""Vencimiento"":""04/21""}}','Activo','Tarjeta de crédito');
Insert into MEDIOS_PAGO_USUARIO (ID,USUARIO_ID,MEDIO_PAGO_DETALLE,ESTADO,TIPO) values (278,378,'{""CreditCard"":{""CardNumber"":210056441836507,""CVV"":507,""Vencimiento"":""04/21""}}','Activo','Tarjeta de crédito');
Insert into MEDIOS_PAGO_USUARIO (ID,USUARIO_ID,MEDIO_PAGO_DETALLE,ESTADO,TIPO) values (279,379,'{""CreditCard"":{""CardNumber"":180018197812468,""CVV"":468,""Vencimiento"":""04/21""}}','Activo','Tarjeta de crédito');
Insert into MEDIOS_PAGO_USUARIO (ID,USUARIO_ID,MEDIO_PAGO_DETALLE,ESTADO,TIPO) values (280,380,'{""CreditCard"":{""CardNumber"":210056449486156,""CVV"":156,""Vencimiento"":""04/21""}}','Inactivo','Tarjeta de crédito');
Insert into MEDIOS_PAGO_USUARIO (ID,USUARIO_ID,MEDIO_PAGO_DETALLE,ESTADO,TIPO) values (281,381,'{""CreditCard"":{""CardNumber"":210056732000086,""CVV"":86,""Vencimiento"":""04/21""}}','Activo','Tarjeta de crédito');
Insert into MEDIOS_PAGO_USUARIO (ID,USUARIO_ID,MEDIO_PAGO_DETALLE,ESTADO,TIPO) values (282,382,'{""CreditCard"":{""CardNumber"":210097033282387,""CVV"":387,""Vencimiento"":""04/21""}}','Inactivo','Tarjeta de crédito');
Insert into MEDIOS_PAGO_USUARIO (ID,USUARIO_ID,MEDIO_PAGO_DETALLE,ESTADO,TIPO) values (283,383,'{""CreditCard"":{""CardNumber"":210079793672676,""CVV"":676,""Vencimiento"":""04/21""}}','Activo','Tarjeta de crédito');
Insert into MEDIOS_PAGO_USUARIO (ID,USUARIO_ID,MEDIO_PAGO_DETALLE,ESTADO,TIPO) values (284,384,'{""CreditCard"":{""CardNumber"":180060482799679,""CVV"":679,""Vencimiento"":""04/21""}}','Inactivo','Tarjeta de crédito');
Insert into MEDIOS_PAGO_USUARIO (ID,USUARIO_ID,MEDIO_PAGO_DETALLE,ESTADO,TIPO) values (285,385,'{""CreditCard"":{""CardNumber"":210076809437292,""CVV"":292,""Vencimiento"":""04/21""}}','Activo','Tarjeta de crédito');
Insert into MEDIOS_PAGO_USUARIO (ID,USUARIO_ID,MEDIO_PAGO_DETALLE,ESTADO,TIPO) values (286,386,'{""CreditCard"":{""CardNumber"":180075084563000,""CVV"":0,""Vencimiento"":""04/21""}}','Inactivo','Tarjeta de crédito');
Insert into MEDIOS_PAGO_USUARIO (ID,USUARIO_ID,MEDIO_PAGO_DETALLE,ESTADO,TIPO) values (287,387,'{""CreditCard"":{""CardNumber"":210008973198723,""CVV"":723,""Vencimiento"":""04/21""}}','Activo','Tarjeta de crédito');
Insert into MEDIOS_PAGO_USUARIO (ID,USUARIO_ID,MEDIO_PAGO_DETALLE,ESTADO,TIPO) values (288,388,'{""CreditCard"":{""CardNumber"":210067559173963,""CVV"":963,""Vencimiento"":""04/21""}}','Inactivo','Tarjeta de crédito');
Insert into MEDIOS_PAGO_USUARIO (ID,USUARIO_ID,MEDIO_PAGO_DETALLE,ESTADO,TIPO) values (289,389,'{""CreditCard"":{""CardNumber"":180016005758576,""CVV"":576,""Vencimiento"":""04/21""}}','Activo','Tarjeta de crédito');
Insert into MEDIOS_PAGO_USUARIO (ID,USUARIO_ID,MEDIO_PAGO_DETALLE,ESTADO,TIPO) values (290,390,'{""CreditCard"":{""CardNumber"":210078001639980,""CVV"":980,""Vencimiento"":""04/21""}}','Activo','Tarjeta de crédito');
Insert into MEDIOS_PAGO_USUARIO (ID,USUARIO_ID,MEDIO_PAGO_DETALLE,ESTADO,TIPO) values (291,391,'{""CreditCard"":{""CardNumber"":210034894890172,""CVV"":172,""Vencimiento"":""04/21""}}','Activo','Tarjeta de crédito');
Insert into MEDIOS_PAGO_USUARIO (ID,USUARIO_ID,MEDIO_PAGO_DETALLE,ESTADO,TIPO) values (292,392,'{""CreditCard"":{""CardNumber"":210019896477615,""CVV"":615,""Vencimiento"":""04/21""}}','Activo','Tarjeta de crédito');
Insert into MEDIOS_PAGO_USUARIO (ID,USUARIO_ID,MEDIO_PAGO_DETALLE,ESTADO,TIPO) values (293,393,'{""CreditCard"":{""CardNumber"":210069032569932,""CVV"":932,""Vencimiento"":""04/21""}}','Inactivo','Tarjeta de crédito');
Insert into MEDIOS_PAGO_USUARIO (ID,USUARIO_ID,MEDIO_PAGO_DETALLE,ESTADO,TIPO) values (294,394,'{""CreditCard"":{""CardNumber"":180017032371433,""CVV"":433,""Vencimiento"":""04/21""}}','Inactivo','Tarjeta de crédito');
Insert into MEDIOS_PAGO_USUARIO (ID,USUARIO_ID,MEDIO_PAGO_DETALLE,ESTADO,TIPO) values (295,395,'{""CreditCard"":{""CardNumber"":180041323842399,""CVV"":399,""Vencimiento"":""04/21""}}','Activo','Tarjeta de crédito');
Insert into MEDIOS_PAGO_USUARIO (ID,USUARIO_ID,MEDIO_PAGO_DETALLE,ESTADO,TIPO) values (296,396,'{""CreditCard"":{""CardNumber"":210036534302682,""CVV"":682,""Vencimiento"":""04/21""}}','Inactivo','Tarjeta de crédito');
Insert into MEDIOS_PAGO_USUARIO (ID,USUARIO_ID,MEDIO_PAGO_DETALLE,ESTADO,TIPO) values (297,397,'{""CreditCard"":{""CardNumber"":210002237103991,""CVV"":991,""Vencimiento"":""04/21""}}','Activo','Tarjeta de crédito');
Insert into MEDIOS_PAGO_USUARIO (ID,USUARIO_ID,MEDIO_PAGO_DETALLE,ESTADO,TIPO) values (298,398,'{""CreditCard"":{""CardNumber"":180037136197559,""CVV"":559,""Vencimiento"":""04/21""}}','Inactivo','Tarjeta de crédito');
Insert into MEDIOS_PAGO_USUARIO (ID,USUARIO_ID,MEDIO_PAGO_DETALLE,ESTADO,TIPO) values (299,399,'{""CreditCard"":{""CardNumber"":210055729685909,""CVV"":909,""Vencimiento"":""04/21""}}','Inactivo','Tarjeta de crédito');
Insert into MEDIOS_PAGO_USUARIO (ID,USUARIO_ID,MEDIO_PAGO_DETALLE,ESTADO,TIPO) values (300,400,'{""CreditCard"":{""CardNumber"":180094674610550,""CVV"":550,""Vencimiento"":""04/21""}}','Inactivo','Tarjeta de crédito');
Insert into MEDIOS_PAGO_USUARIO (ID,USUARIO_ID,MEDIO_PAGO_DETALLE,ESTADO,TIPO) values (301,401,'{""CreditCard"":{""CardNumber"":210050449889758,""CVV"":758,""Vencimiento"":""04/21""}}','Inactivo','Tarjeta de crédito');
Insert into MEDIOS_PAGO_USUARIO (ID,USUARIO_ID,MEDIO_PAGO_DETALLE,ESTADO,TIPO) values (302,402,'{""CreditCard"":{""CardNumber"":180041041827128,""CVV"":128,""Vencimiento"":""04/21""}}','Inactivo','Tarjeta de crédito');
Insert into MEDIOS_PAGO_USUARIO (ID,USUARIO_ID,MEDIO_PAGO_DETALLE,ESTADO,TIPO) values (303,403,'{""CreditCard"":{""CardNumber"":210024345018465,""CVV"":465,""Vencimiento"":""04/21""}}','Activo','Tarjeta de crédito');
Insert into MEDIOS_PAGO_USUARIO (ID,USUARIO_ID,MEDIO_PAGO_DETALLE,ESTADO,TIPO) values (304,404,'{""CreditCard"":{""CardNumber"":210022629419938,""CVV"":938,""Vencimiento"":""04/21""}}','Activo','Tarjeta de crédito');
Insert into MEDIOS_PAGO_USUARIO (ID,USUARIO_ID,MEDIO_PAGO_DETALLE,ESTADO,TIPO) values (305,405,'{""CreditCard"":{""CardNumber"":210037579389097,""CVV"":97,""Vencimiento"":""04/21""}}','Inactivo','Tarjeta de crédito');
Insert into MEDIOS_PAGO_USUARIO (ID,USUARIO_ID,MEDIO_PAGO_DETALLE,ESTADO,TIPO) values (306,406,'{""CreditCard"":{""CardNumber"":210033727946490,""CVV"":490,""Vencimiento"":""04/21""}}','Activo','Tarjeta de crédito');
Insert into MEDIOS_PAGO_USUARIO (ID,USUARIO_ID,MEDIO_PAGO_DETALLE,ESTADO,TIPO) values (307,407,'{""CreditCard"":{""CardNumber"":180040243465760,""CVV"":760,""Vencimiento"":""04/21""}}','Activo','Tarjeta de crédito');
Insert into MEDIOS_PAGO_USUARIO (ID,USUARIO_ID,MEDIO_PAGO_DETALLE,ESTADO,TIPO) values (308,408,'{""CreditCard"":{""CardNumber"":210045756643194,""CVV"":194,""Vencimiento"":""04/21""}}','Inactivo','Tarjeta de crédito');
Insert into MEDIOS_PAGO_USUARIO (ID,USUARIO_ID,MEDIO_PAGO_DETALLE,ESTADO,TIPO) values (309,409,'{""CreditCard"":{""CardNumber"":180093908487645,""CVV"":645,""Vencimiento"":""04/21""}}','Activo','Tarjeta de crédito');
Insert into MEDIOS_PAGO_USUARIO (ID,USUARIO_ID,MEDIO_PAGO_DETALLE,ESTADO,TIPO) values (310,410,'{""CreditCard"":{""CardNumber"":180038422199291,""CVV"":291,""Vencimiento"":""04/21""}}','Activo','Tarjeta de crédito');
Insert into MEDIOS_PAGO_USUARIO (ID,USUARIO_ID,MEDIO_PAGO_DETALLE,ESTADO,TIPO) values (311,411,'{""CreditCard"":{""CardNumber"":180056545830717,""CVV"":717,""Vencimiento"":""04/21""}}','Inactivo','Tarjeta de crédito');
Insert into MEDIOS_PAGO_USUARIO (ID,USUARIO_ID,MEDIO_PAGO_DETALLE,ESTADO,TIPO) values (312,412,'{""CreditCard"":{""CardNumber"":210046797307153,""CVV"":153,""Vencimiento"":""04/21""}}','Activo','Tarjeta de crédito');
Insert into MEDIOS_PAGO_USUARIO (ID,USUARIO_ID,MEDIO_PAGO_DETALLE,ESTADO,TIPO) values (313,413,'{""CreditCard"":{""CardNumber"":180091159043307,""CVV"":307,""Vencimiento"":""04/21""}}','Inactivo','Tarjeta de crédito');
Insert into MEDIOS_PAGO_USUARIO (ID,USUARIO_ID,MEDIO_PAGO_DETALLE,ESTADO,TIPO) values (314,414,'{""CreditCard"":{""CardNumber"":180022358977730,""CVV"":730,""Vencimiento"":""04/21""}}','Activo','Tarjeta de crédito');
Insert into MEDIOS_PAGO_USUARIO (ID,USUARIO_ID,MEDIO_PAGO_DETALLE,ESTADO,TIPO) values (315,415,'{""CreditCard"":{""CardNumber"":210034717545805,""CVV"":805,""Vencimiento"":""04/21""}}','Activo','Tarjeta de crédito');
Insert into MEDIOS_PAGO_USUARIO (ID,USUARIO_ID,MEDIO_PAGO_DETALLE,ESTADO,TIPO) values (316,416,'{""CreditCard"":{""CardNumber"":210096629621875,""CVV"":875,""Vencimiento"":""04/21""}}','Activo','Tarjeta de crédito');
Insert into MEDIOS_PAGO_USUARIO (ID,USUARIO_ID,MEDIO_PAGO_DETALLE,ESTADO,TIPO) values (317,417,'{""CreditCard"":{""CardNumber"":180017853335343,""CVV"":343,""Vencimiento"":""04/21""}}','Inactivo','Tarjeta de crédito');
Insert into MEDIOS_PAGO_USUARIO (ID,USUARIO_ID,MEDIO_PAGO_DETALLE,ESTADO,TIPO) values (318,418,'{""CreditCard"":{""CardNumber"":210083900896590,""CVV"":590,""Vencimiento"":""04/21""}}','Activo','Tarjeta de crédito');
Insert into MEDIOS_PAGO_USUARIO (ID,USUARIO_ID,MEDIO_PAGO_DETALLE,ESTADO,TIPO) values (319,419,'{""CreditCard"":{""CardNumber"":180032216695499,""CVV"":499,""Vencimiento"":""04/21""}}','Inactivo','Tarjeta de crédito');
Insert into MEDIOS_PAGO_USUARIO (ID,USUARIO_ID,MEDIO_PAGO_DETALLE,ESTADO,TIPO) values (320,420,'{""CreditCard"":{""CardNumber"":180066540655837,""CVV"":837,""Vencimiento"":""04/21""}}','Activo','Tarjeta de crédito');
Insert into MEDIOS_PAGO_USUARIO (ID,USUARIO_ID,MEDIO_PAGO_DETALLE,ESTADO,TIPO) values (321,421,'{""CreditCard"":{""CardNumber"":180015406339945,""CVV"":945,""Vencimiento"":""04/21""}}','Inactivo','Tarjeta de crédito');
Insert into MEDIOS_PAGO_USUARIO (ID,USUARIO_ID,MEDIO_PAGO_DETALLE,ESTADO,TIPO) values (322,422,'{""CreditCard"":{""CardNumber"":210059976527731,""CVV"":731,""Vencimiento"":""04/21""}}','Inactivo','Tarjeta de crédito');
Insert into MEDIOS_PAGO_USUARIO (ID,USUARIO_ID,MEDIO_PAGO_DETALLE,ESTADO,TIPO) values (323,423,'{""CreditCard"":{""CardNumber"":210046974640186,""CVV"":186,""Vencimiento"":""04/21""}}','Activo','Tarjeta de crédito');
Insert into MEDIOS_PAGO_USUARIO (ID,USUARIO_ID,MEDIO_PAGO_DETALLE,ESTADO,TIPO) values (324,424,'{""CreditCard"":{""CardNumber"":180047301017862,""CVV"":862,""Vencimiento"":""04/21""}}','Activo','Tarjeta de crédito');
Insert into MEDIOS_PAGO_USUARIO (ID,USUARIO_ID,MEDIO_PAGO_DETALLE,ESTADO,TIPO) values (325,425,'{""CreditCard"":{""CardNumber"":210039552606125,""CVV"":125,""Vencimiento"":""04/21""}}','Inactivo','Tarjeta de crédito');
Insert into MEDIOS_PAGO_USUARIO (ID,USUARIO_ID,MEDIO_PAGO_DETALLE,ESTADO,TIPO) values (326,426,'{""CreditCard"":{""CardNumber"":180044909636862,""CVV"":862,""Vencimiento"":""04/21""}}','Activo','Tarjeta de crédito');
Insert into MEDIOS_PAGO_USUARIO (ID,USUARIO_ID,MEDIO_PAGO_DETALLE,ESTADO,TIPO) values (327,427,'{""CreditCard"":{""CardNumber"":180018188716660,""CVV"":660,""Vencimiento"":""04/21""}}','Inactivo','Tarjeta de crédito');
Insert into MEDIOS_PAGO_USUARIO (ID,USUARIO_ID,MEDIO_PAGO_DETALLE,ESTADO,TIPO) values (328,428,'{""CreditCard"":{""CardNumber"":210078501066825,""CVV"":825,""Vencimiento"":""04/21""}}','Activo','Tarjeta de crédito');
Insert into MEDIOS_PAGO_USUARIO (ID,USUARIO_ID,MEDIO_PAGO_DETALLE,ESTADO,TIPO) values (329,429,'{""CreditCard"":{""CardNumber"":210010311077890,""CVV"":890,""Vencimiento"":""04/21""}}','Inactivo','Tarjeta de crédito');
Insert into MEDIOS_PAGO_USUARIO (ID,USUARIO_ID,MEDIO_PAGO_DETALLE,ESTADO,TIPO) values (330,430,'{""CreditCard"":{""CardNumber"":210058390552648,""CVV"":648,""Vencimiento"":""04/21""}}','Activo','Tarjeta de crédito');
Insert into MEDIOS_PAGO_USUARIO (ID,USUARIO_ID,MEDIO_PAGO_DETALLE,ESTADO,TIPO) values (331,431,'{""CreditCard"":{""CardNumber"":210010091548334,""CVV"":334,""Vencimiento"":""04/21""}}','Inactivo','Tarjeta de crédito');
Insert into MEDIOS_PAGO_USUARIO (ID,USUARIO_ID,MEDIO_PAGO_DETALLE,ESTADO,TIPO) values (332,432,'{""CreditCard"":{""CardNumber"":210034560687365,""CVV"":365,""Vencimiento"":""04/21""}}','Inactivo','Tarjeta de crédito');
Insert into MEDIOS_PAGO_USUARIO (ID,USUARIO_ID,MEDIO_PAGO_DETALLE,ESTADO,TIPO) values (333,433,'{""CreditCard"":{""CardNumber"":210020254398153,""CVV"":153,""Vencimiento"":""04/21""}}','Inactivo','Tarjeta de crédito');
Insert into MEDIOS_PAGO_USUARIO (ID,USUARIO_ID,MEDIO_PAGO_DETALLE,ESTADO,TIPO) values (334,434,'{""CreditCard"":{""CardNumber"":210067997435412,""CVV"":412,""Vencimiento"":""04/21""}}','Inactivo','Tarjeta de crédito');
Insert into MEDIOS_PAGO_USUARIO (ID,USUARIO_ID,MEDIO_PAGO_DETALLE,ESTADO,TIPO) values (335,435,'{""CreditCard"":{""CardNumber"":180078099411702,""CVV"":702,""Vencimiento"":""04/21""}}','Activo','Tarjeta de crédito');
Insert into MEDIOS_PAGO_USUARIO (ID,USUARIO_ID,MEDIO_PAGO_DETALLE,ESTADO,TIPO) values (336,436,'{""CreditCard"":{""CardNumber"":180072457976851,""CVV"":851,""Vencimiento"":""04/21""}}','Inactivo','Tarjeta de crédito');
Insert into MEDIOS_PAGO_USUARIO (ID,USUARIO_ID,MEDIO_PAGO_DETALLE,ESTADO,TIPO) values (337,437,'{""CreditCard"":{""CardNumber"":180003135291660,""CVV"":660,""Vencimiento"":""04/21""}}','Inactivo','Tarjeta de crédito');
Insert into MEDIOS_PAGO_USUARIO (ID,USUARIO_ID,MEDIO_PAGO_DETALLE,ESTADO,TIPO) values (338,438,'{""CreditCard"":{""CardNumber"":210014432653134,""CVV"":134,""Vencimiento"":""04/21""}}','Inactivo','Tarjeta de crédito');
Insert into MEDIOS_PAGO_USUARIO (ID,USUARIO_ID,MEDIO_PAGO_DETALLE,ESTADO,TIPO) values (339,439,'{""CreditCard"":{""CardNumber"":210017155910474,""CVV"":474,""Vencimiento"":""04/21""}}','Activo','Tarjeta de crédito');
Insert into MEDIOS_PAGO_USUARIO (ID,USUARIO_ID,MEDIO_PAGO_DETALLE,ESTADO,TIPO) values (340,440,'{""CreditCard"":{""CardNumber"":210095043902994,""CVV"":994,""Vencimiento"":""04/21""}}','Activo','Tarjeta de crédito');
Insert into MEDIOS_PAGO_USUARIO (ID,USUARIO_ID,MEDIO_PAGO_DETALLE,ESTADO,TIPO) values (341,441,'{""CreditCard"":{""CardNumber"":210038698133994,""CVV"":994,""Vencimiento"":""04/21""}}','Inactivo','Tarjeta de crédito');
Insert into MEDIOS_PAGO_USUARIO (ID,USUARIO_ID,MEDIO_PAGO_DETALLE,ESTADO,TIPO) values (342,442,'{""CreditCard"":{""CardNumber"":180064766287146,""CVV"":146,""Vencimiento"":""04/21""}}','Activo','Tarjeta de crédito');
Insert into MEDIOS_PAGO_USUARIO (ID,USUARIO_ID,MEDIO_PAGO_DETALLE,ESTADO,TIPO) values (343,443,'{""CreditCard"":{""CardNumber"":210040127030379,""CVV"":379,""Vencimiento"":""04/21""}}','Activo','Tarjeta de crédito');
Insert into MEDIOS_PAGO_USUARIO (ID,USUARIO_ID,MEDIO_PAGO_DETALLE,ESTADO,TIPO) values (344,444,'{""CreditCard"":{""CardNumber"":210091465900335,""CVV"":335,""Vencimiento"":""04/21""}}','Inactivo','Tarjeta de crédito');
Insert into MEDIOS_PAGO_USUARIO (ID,USUARIO_ID,MEDIO_PAGO_DETALLE,ESTADO,TIPO) values (345,445,'{""CreditCard"":{""CardNumber"":210084858396054,""CVV"":44,""Vencimiento"":""04/21""}}','Inactivo','Tarjeta de crédito');
Insert into MEDIOS_PAGO_USUARIO (ID,USUARIO_ID,MEDIO_PAGO_DETALLE,ESTADO,TIPO) values (346,446,'{""CreditCard"":{""CardNumber"":210017395145295,""CVV"":295,""Vencimiento"":""04/21""}}','Activo','Tarjeta de crédito');
Insert into MEDIOS_PAGO_USUARIO (ID,USUARIO_ID,MEDIO_PAGO_DETALLE,ESTADO,TIPO) values (347,447,'{""CreditCard"":{""CardNumber"":180040658346919,""CVV"":919,""Vencimiento"":""04/21""}}','Inactivo','Tarjeta de crédito');
Insert into MEDIOS_PAGO_USUARIO (ID,USUARIO_ID,MEDIO_PAGO_DETALLE,ESTADO,TIPO) values (348,448,'{""CreditCard"":{""CardNumber"":180041746244165,""CVV"":165,""Vencimiento"":""04/21""}}','Activo','Tarjeta de crédito');
Insert into MEDIOS_PAGO_USUARIO (ID,USUARIO_ID,MEDIO_PAGO_DETALLE,ESTADO,TIPO) values (349,449,'{""CreditCard"":{""CardNumber"":210057018197893,""CVV"":893,""Vencimiento"":""04/21""}}','Inactivo','Tarjeta de crédito');
Insert into MEDIOS_PAGO_USUARIO (ID,USUARIO_ID,MEDIO_PAGO_DETALLE,ESTADO,TIPO) values (350,450,'{""CreditCard"":{""CardNumber"":180065553072302,""CVV"":302,""Vencimiento"":""04/21""}}','Inactivo','Tarjeta de crédito');
Insert into MEDIOS_PAGO_USUARIO (ID,USUARIO_ID,MEDIO_PAGO_DETALLE,ESTADO,TIPO) values (351,451,'{""CreditCard"":{""CardNumber"":180031016703826,""CVV"":826,""Vencimiento"":""04/21""}}','Activo','Tarjeta de crédito');
Insert into MEDIOS_PAGO_USUARIO (ID,USUARIO_ID,MEDIO_PAGO_DETALLE,ESTADO,TIPO) values (352,452,'{""CreditCard"":{""CardNumber"":180053621426395,""CVV"":395,""Vencimiento"":""04/21""}}','Inactivo','Tarjeta de crédito');
Insert into MEDIOS_PAGO_USUARIO (ID,USUARIO_ID,MEDIO_PAGO_DETALLE,ESTADO,TIPO) values (353,453,'{""CreditCard"":{""CardNumber"":210090917261064,""CVV"":52,""Vencimiento"":""04/21""}}','Activo','Tarjeta de crédito');
Insert into MEDIOS_PAGO_USUARIO (ID,USUARIO_ID,MEDIO_PAGO_DETALLE,ESTADO,TIPO) values (354,454,'{""CreditCard"":{""CardNumber"":210077267085169,""CVV"":169,""Vencimiento"":""04/21""}}','Inactivo','Tarjeta de crédito');
Insert into MEDIOS_PAGO_USUARIO (ID,USUARIO_ID,MEDIO_PAGO_DETALLE,ESTADO,TIPO) values (355,455,'{""CreditCard"":{""CardNumber"":180099710350251,""CVV"":251,""Vencimiento"":""04/21""}}','Inactivo','Tarjeta de crédito');
Insert into MEDIOS_PAGO_USUARIO (ID,USUARIO_ID,MEDIO_PAGO_DETALLE,ESTADO,TIPO) values (356,456,'{""CreditCard"":{""CardNumber"":180019543578589,""CVV"":589,""Vencimiento"":""04/21""}}','Inactivo','Tarjeta de crédito');
Insert into MEDIOS_PAGO_USUARIO (ID,USUARIO_ID,MEDIO_PAGO_DETALLE,ESTADO,TIPO) values (357,457,'{""CreditCard"":{""CardNumber"":210002960601724,""CVV"":724,""Vencimiento"":""04/21""}}','Inactivo','Tarjeta de crédito');
Insert into MEDIOS_PAGO_USUARIO (ID,USUARIO_ID,MEDIO_PAGO_DETALLE,ESTADO,TIPO) values (358,458,'{""CreditCard"":{""CardNumber"":180038116823891,""CVV"":891,""Vencimiento"":""04/21""}}','Activo','Tarjeta de crédito');
Insert into MEDIOS_PAGO_USUARIO (ID,USUARIO_ID,MEDIO_PAGO_DETALLE,ESTADO,TIPO) values (359,459,'{""CreditCard"":{""CardNumber"":210069871118452,""CVV"":452,""Vencimiento"":""04/21""}}','Inactivo','Tarjeta de crédito');
Insert into MEDIOS_PAGO_USUARIO (ID,USUARIO_ID,MEDIO_PAGO_DETALLE,ESTADO,TIPO) values (360,460,'{""CreditCard"":{""CardNumber"":180020934724626,""CVV"":626,""Vencimiento"":""04/21""}}','Inactivo','Tarjeta de crédito');
Insert into MEDIOS_PAGO_USUARIO (ID,USUARIO_ID,MEDIO_PAGO_DETALLE,ESTADO,TIPO) values (361,461,'{""CreditCard"":{""CardNumber"":180013598002272,""CVV"":272,""Vencimiento"":""04/21""}}','Inactivo','Tarjeta de crédito');
Insert into MEDIOS_PAGO_USUARIO (ID,USUARIO_ID,MEDIO_PAGO_DETALLE,ESTADO,TIPO) values (362,462,'{""CreditCard"":{""CardNumber"":180049781469555,""CVV"":555,""Vencimiento"":""04/21""}}','Inactivo','Tarjeta de crédito');
Insert into MEDIOS_PAGO_USUARIO (ID,USUARIO_ID,MEDIO_PAGO_DETALLE,ESTADO,TIPO) values (363,463,'{""CreditCard"":{""CardNumber"":180038943186843,""CVV"":843,""Vencimiento"":""04/21""}}','Activo','Tarjeta de crédito');
Insert into MEDIOS_PAGO_USUARIO (ID,USUARIO_ID,MEDIO_PAGO_DETALLE,ESTADO,TIPO) values (364,464,'{""CreditCard"":{""CardNumber"":180003137786592,""CVV"":592,""Vencimiento"":""04/21""}}','Inactivo','Tarjeta de crédito');
Insert into MEDIOS_PAGO_USUARIO (ID,USUARIO_ID,MEDIO_PAGO_DETALLE,ESTADO,TIPO) values (365,465,'{""CreditCard"":{""CardNumber"":180081083797516,""CVV"":516,""Vencimiento"":""04/21""}}','Activo','Tarjeta de crédito');
Insert into MEDIOS_PAGO_USUARIO (ID,USUARIO_ID,MEDIO_PAGO_DETALLE,ESTADO,TIPO) values (366,466,'{""CreditCard"":{""CardNumber"":180089858597060,""CVV"":48,""Vencimiento"":""04/21""}}','Inactivo','Tarjeta de crédito');
Insert into MEDIOS_PAGO_USUARIO (ID,USUARIO_ID,MEDIO_PAGO_DETALLE,ESTADO,TIPO) values (367,467,'{""CreditCard"":{""CardNumber"":210076900517281,""CVV"":281,""Vencimiento"":""04/21""}}','Activo','Tarjeta de crédito');
Insert into MEDIOS_PAGO_USUARIO (ID,USUARIO_ID,MEDIO_PAGO_DETALLE,ESTADO,TIPO) values (368,468,'{""CreditCard"":{""CardNumber"":180037515710931,""CVV"":931,""Vencimiento"":""04/21""}}','Activo','Tarjeta de crédito');
Insert into MEDIOS_PAGO_USUARIO (ID,USUARIO_ID,MEDIO_PAGO_DETALLE,ESTADO,TIPO) values (369,469,'{""CreditCard"":{""CardNumber"":210081275851562,""CVV"":562,""Vencimiento"":""04/21""}}','Activo','Tarjeta de crédito');
Insert into MEDIOS_PAGO_USUARIO (ID,USUARIO_ID,MEDIO_PAGO_DETALLE,ESTADO,TIPO) values (370,470,'{""CreditCard"":{""CardNumber"":180065762002454,""CVV"":454,""Vencimiento"":""04/21""}}','Inactivo','Tarjeta de crédito');
Insert into MEDIOS_PAGO_USUARIO (ID,USUARIO_ID,MEDIO_PAGO_DETALLE,ESTADO,TIPO) values (371,471,'{""CreditCard"":{""CardNumber"":210064178146231,""CVV"":231,""Vencimiento"":""04/21""}}','Activo','Tarjeta de crédito');
Insert into MEDIOS_PAGO_USUARIO (ID,USUARIO_ID,MEDIO_PAGO_DETALLE,ESTADO,TIPO) values (372,472,'{""CreditCard"":{""CardNumber"":180092893523778,""CVV"":778,""Vencimiento"":""04/21""}}','Activo','Tarjeta de crédito');
Insert into MEDIOS_PAGO_USUARIO (ID,USUARIO_ID,MEDIO_PAGO_DETALLE,ESTADO,TIPO) values (373,473,'{""CreditCard"":{""CardNumber"":210073583249522,""CVV"":522,""Vencimiento"":""04/21""}}','Activo','Tarjeta de crédito');
Insert into MEDIOS_PAGO_USUARIO (ID,USUARIO_ID,MEDIO_PAGO_DETALLE,ESTADO,TIPO) values (374,474,'{""CreditCard"":{""CardNumber"":180065827429528,""CVV"":528,""Vencimiento"":""04/21""}}','Inactivo','Tarjeta de crédito');
Insert into MEDIOS_PAGO_USUARIO (ID,USUARIO_ID,MEDIO_PAGO_DETALLE,ESTADO,TIPO) values (375,475,'{""CreditCard"":{""CardNumber"":210037358764486,""CVV"":486,""Vencimiento"":""04/21""}}','Inactivo','Tarjeta de crédito');
Insert into MEDIOS_PAGO_USUARIO (ID,USUARIO_ID,MEDIO_PAGO_DETALLE,ESTADO,TIPO) values (376,476,'{""CreditCard"":{""CardNumber"":180043119213389,""CVV"":389,""Vencimiento"":""04/21""}}','Inactivo','Tarjeta de crédito');
Insert into MEDIOS_PAGO_USUARIO (ID,USUARIO_ID,MEDIO_PAGO_DETALLE,ESTADO,TIPO) values (377,477,'{""CreditCard"":{""CardNumber"":210032257254986,""CVV"":986,""Vencimiento"":""04/21""}}','Activo','Tarjeta de crédito');
Insert into MEDIOS_PAGO_USUARIO (ID,USUARIO_ID,MEDIO_PAGO_DETALLE,ESTADO,TIPO) values (378,478,'{""CreditCard"":{""CardNumber"":210007540383164,""CVV"":164,""Vencimiento"":""04/21""}}','Inactivo','Tarjeta de crédito');
Insert into MEDIOS_PAGO_USUARIO (ID,USUARIO_ID,MEDIO_PAGO_DETALLE,ESTADO,TIPO) values (379,479,'{""CreditCard"":{""CardNumber"":210039345076610,""CVV"":610,""Vencimiento"":""04/21""}}','Activo','Tarjeta de crédito');
Insert into MEDIOS_PAGO_USUARIO (ID,USUARIO_ID,MEDIO_PAGO_DETALLE,ESTADO,TIPO) values (380,480,'{""CreditCard"":{""CardNumber"":180033261291119,""CVV"":119,""Vencimiento"":""04/21""}}','Inactivo','Tarjeta de crédito');
Insert into MEDIOS_PAGO_USUARIO (ID,USUARIO_ID,MEDIO_PAGO_DETALLE,ESTADO,TIPO) values (381,481,'{""CreditCard"":{""CardNumber"":210056849443211,""CVV"":211,""Vencimiento"":""04/21""}}','Activo','Tarjeta de crédito');
Insert into MEDIOS_PAGO_USUARIO (ID,USUARIO_ID,MEDIO_PAGO_DETALLE,ESTADO,TIPO) values (382,482,'{""CreditCard"":{""CardNumber"":210060546166695,""CVV"":695,""Vencimiento"":""04/21""}}','Inactivo','Tarjeta de crédito');
Insert into MEDIOS_PAGO_USUARIO (ID,USUARIO_ID,MEDIO_PAGO_DETALLE,ESTADO,TIPO) values (383,483,'{""CreditCard"":{""CardNumber"":210005879407745,""CVV"":745,""Vencimiento"":""04/21""}}','Inactivo','Tarjeta de crédito');
Insert into MEDIOS_PAGO_USUARIO (ID,USUARIO_ID,MEDIO_PAGO_DETALLE,ESTADO,TIPO) values (384,484,'{""CreditCard"":{""CardNumber"":210060379787880,""CVV"":880,""Vencimiento"":""04/21""}}','Inactivo','Tarjeta de crédito');
Insert into MEDIOS_PAGO_USUARIO (ID,USUARIO_ID,MEDIO_PAGO_DETALLE,ESTADO,TIPO) values (385,485,'{""CreditCard"":{""CardNumber"":180063409861317,""CVV"":317,""Vencimiento"":""04/21""}}','Activo','Tarjeta de crédito');
Insert into MEDIOS_PAGO_USUARIO (ID,USUARIO_ID,MEDIO_PAGO_DETALLE,ESTADO,TIPO) values (386,486,'{""CreditCard"":{""CardNumber"":180012499705694,""CVV"":694,""Vencimiento"":""04/21""}}','Activo','Tarjeta de crédito');
Insert into MEDIOS_PAGO_USUARIO (ID,USUARIO_ID,MEDIO_PAGO_DETALLE,ESTADO,TIPO) values (387,487,'{""CreditCard"":{""CardNumber"":210045057081201,""CVV"":201,""Vencimiento"":""04/21""}}','Activo','Tarjeta de crédito');
Insert into MEDIOS_PAGO_USUARIO (ID,USUARIO_ID,MEDIO_PAGO_DETALLE,ESTADO,TIPO) values (388,488,'{""CreditCard"":{""CardNumber"":210065626794951,""CVV"":951,""Vencimiento"":""04/21""}}','Inactivo','Tarjeta de crédito');
Insert into MEDIOS_PAGO_USUARIO (ID,USUARIO_ID,MEDIO_PAGO_DETALLE,ESTADO,TIPO) values (389,489,'{""CreditCard"":{""CardNumber"":180046168599137,""CVV"":137,""Vencimiento"":""04/21""}}','Inactivo','Tarjeta de crédito');
Insert into MEDIOS_PAGO_USUARIO (ID,USUARIO_ID,MEDIO_PAGO_DETALLE,ESTADO,TIPO) values (390,490,'{""CreditCard"":{""CardNumber"":210052937370309,""CVV"":309,""Vencimiento"":""04/21""}}','Activo','Tarjeta de crédito');
Insert into MEDIOS_PAGO_USUARIO (ID,USUARIO_ID,MEDIO_PAGO_DETALLE,ESTADO,TIPO) values (391,491,'{""CreditCard"":{""CardNumber"":180013860453021,""CVV"":17,""Vencimiento"":""04/21""}}','Inactivo','Tarjeta de crédito');
Insert into MEDIOS_PAGO_USUARIO (ID,USUARIO_ID,MEDIO_PAGO_DETALLE,ESTADO,TIPO) values (392,492,'{""CreditCard"":{""CardNumber"":210008930122691,""CVV"":691,""Vencimiento"":""04/21""}}','Activo','Tarjeta de crédito');
Insert into MEDIOS_PAGO_USUARIO (ID,USUARIO_ID,MEDIO_PAGO_DETALLE,ESTADO,TIPO) values (393,493,'{""CreditCard"":{""CardNumber"":180084848291205,""CVV"":205,""Vencimiento"":""04/21""}}','Activo','Tarjeta de crédito');
Insert into MEDIOS_PAGO_USUARIO (ID,USUARIO_ID,MEDIO_PAGO_DETALLE,ESTADO,TIPO) values (394,494,'{""CreditCard"":{""CardNumber"":210068324830663,""CVV"":663,""Vencimiento"":""04/21""}}','Inactivo','Tarjeta de crédito');
Insert into MEDIOS_PAGO_USUARIO (ID,USUARIO_ID,MEDIO_PAGO_DETALLE,ESTADO,TIPO) values (395,495,'{""CreditCard"":{""CardNumber"":180040896326152,""CVV"":152,""Vencimiento"":""04/21""}}','Activo','Tarjeta de crédito');
Insert into MEDIOS_PAGO_USUARIO (ID,USUARIO_ID,MEDIO_PAGO_DETALLE,ESTADO,TIPO) values (396,496,'{""CreditCard"":{""CardNumber"":210063254673696,""CVV"":696,""Vencimiento"":""04/21""}}','Activo','Tarjeta de crédito');
Insert into MEDIOS_PAGO_USUARIO (ID,USUARIO_ID,MEDIO_PAGO_DETALLE,ESTADO,TIPO) values (166,266,'{""CreditCard"":{""CardNumber"":210050785312712,""CVV"":712,""Vencimiento"":""04/21""}}','Activo','Tarjeta de crédito');
Insert into MEDIOS_PAGO_USUARIO (ID,USUARIO_ID,MEDIO_PAGO_DETALLE,ESTADO,TIPO) values (167,267,'{""CreditCard"":{""CardNumber"":180032783579142,""CVV"":142,""Vencimiento"":""04/21""}}','Activo','Tarjeta de crédito');
Insert into MEDIOS_PAGO_USUARIO (ID,USUARIO_ID,MEDIO_PAGO_DETALLE,ESTADO,TIPO) values (168,268,'{""CreditCard"":{""CardNumber"":210074027237800,""CVV"":800,""Vencimiento"":""04/21""}}','Inactivo','Tarjeta de crédito');
Insert into MEDIOS_PAGO_USUARIO (ID,USUARIO_ID,MEDIO_PAGO_DETALLE,ESTADO,TIPO) values (169,269,'{""CreditCard"":{""CardNumber"":210060564086585,""CVV"":585,""Vencimiento"":""04/21""}}','Activo','Tarjeta de crédito');
Insert into MEDIOS_PAGO_USUARIO (ID,USUARIO_ID,MEDIO_PAGO_DETALLE,ESTADO,TIPO) values (170,270,'{""CreditCard"":{""CardNumber"":180089202371600,""CVV"":600,""Vencimiento"":""04/21""}}','Inactivo','Tarjeta de crédito');
Insert into MEDIOS_PAGO_USUARIO (ID,USUARIO_ID,MEDIO_PAGO_DETALLE,ESTADO,TIPO) values (171,271,'{""CreditCard"":{""CardNumber"":210075388260257,""CVV"":257,""Vencimiento"":""04/21""}}','Inactivo','Tarjeta de crédito');
Insert into MEDIOS_PAGO_USUARIO (ID,USUARIO_ID,MEDIO_PAGO_DETALLE,ESTADO,TIPO) values (172,272,'{""CreditCard"":{""CardNumber"":180095611402266,""CVV"":266,""Vencimiento"":""04/21""}}','Inactivo','Tarjeta de crédito');
Insert into MEDIOS_PAGO_USUARIO (ID,USUARIO_ID,MEDIO_PAGO_DETALLE,ESTADO,TIPO) values (173,273,'{""CreditCard"":{""CardNumber"":180013267413479,""CVV"":479,""Vencimiento"":""04/21""}}','Inactivo','Tarjeta de crédito');
Insert into MEDIOS_PAGO_USUARIO (ID,USUARIO_ID,MEDIO_PAGO_DETALLE,ESTADO,TIPO) values (174,274,'{""CreditCard"":{""CardNumber"":180041646338273,""CVV"":273,""Vencimiento"":""04/21""}}','Activo','Tarjeta de crédito');
Insert into MEDIOS_PAGO_USUARIO (ID,USUARIO_ID,MEDIO_PAGO_DETALLE,ESTADO,TIPO) values (175,275,'{""CreditCard"":{""CardNumber"":210022550646475,""CVV"":475,""Vencimiento"":""04/21""}}','Activo','Tarjeta de crédito');
Insert into MEDIOS_PAGO_USUARIO (ID,USUARIO_ID,MEDIO_PAGO_DETALLE,ESTADO,TIPO) values (176,276,'{""CreditCard"":{""CardNumber"":210067935592076,""CVV"":62,""Vencimiento"":""04/21""}}','Inactivo','Tarjeta de crédito');
Insert into MEDIOS_PAGO_USUARIO (ID,USUARIO_ID,MEDIO_PAGO_DETALLE,ESTADO,TIPO) values (177,277,'{""CreditCard"":{""CardNumber"":180058614896264,""CVV"":264,""Vencimiento"":""04/21""}}','Activo','Tarjeta de crédito');
Insert into MEDIOS_PAGO_USUARIO (ID,USUARIO_ID,MEDIO_PAGO_DETALLE,ESTADO,TIPO) values (178,278,'{""CreditCard"":{""CardNumber"":180028078508523,""CVV"":523,""Vencimiento"":""04/21""}}','Inactivo','Tarjeta de crédito');
Insert into MEDIOS_PAGO_USUARIO (ID,USUARIO_ID,MEDIO_PAGO_DETALLE,ESTADO,TIPO) values (179,279,'{""CreditCard"":{""CardNumber"":180086874344444,""CVV"":444,""Vencimiento"":""04/21""}}','Activo','Tarjeta de crédito');
Insert into MEDIOS_PAGO_USUARIO (ID,USUARIO_ID,MEDIO_PAGO_DETALLE,ESTADO,TIPO) values (180,280,'{""CreditCard"":{""CardNumber"":210004316322898,""CVV"":898,""Vencimiento"":""04/21""}}','Activo','Tarjeta de crédito');
Insert into MEDIOS_PAGO_USUARIO (ID,USUARIO_ID,MEDIO_PAGO_DETALLE,ESTADO,TIPO) values (181,281,'{""CreditCard"":{""CardNumber"":210053243541286,""CVV"":286,""Vencimiento"":""04/21""}}','Activo','Tarjeta de crédito');
Insert into MEDIOS_PAGO_USUARIO (ID,USUARIO_ID,MEDIO_PAGO_DETALLE,ESTADO,TIPO) values (182,282,'{""CreditCard"":{""CardNumber"":210047906526774,""CVV"":774,""Vencimiento"":""04/21""}}','Inactivo','Tarjeta de crédito');
Insert into MEDIOS_PAGO_USUARIO (ID,USUARIO_ID,MEDIO_PAGO_DETALLE,ESTADO,TIPO) values (183,283,'{""CreditCard"":{""CardNumber"":210009285768807,""CVV"":807,""Vencimiento"":""04/21""}}','Activo','Tarjeta de crédito');
Insert into MEDIOS_PAGO_USUARIO (ID,USUARIO_ID,MEDIO_PAGO_DETALLE,ESTADO,TIPO) values (184,284,'{""CreditCard"":{""CardNumber"":210064201675222,""CVV"":222,""Vencimiento"":""04/21""}}','Inactivo','Tarjeta de crédito');
Insert into MEDIOS_PAGO_USUARIO (ID,USUARIO_ID,MEDIO_PAGO_DETALLE,ESTADO,TIPO) values (185,285,'{""CreditCard"":{""CardNumber"":210039679136220,""CVV"":220,""Vencimiento"":""04/21""}}','Activo','Tarjeta de crédito');
Insert into MEDIOS_PAGO_USUARIO (ID,USUARIO_ID,MEDIO_PAGO_DETALLE,ESTADO,TIPO) values (186,286,'{""CreditCard"":{""CardNumber"":210084401305958,""CVV"":958,""Vencimiento"":""04/21""}}','Activo','Tarjeta de crédito');
Insert into MEDIOS_PAGO_USUARIO (ID,USUARIO_ID,MEDIO_PAGO_DETALLE,ESTADO,TIPO) values (187,287,'{""CreditCard"":{""CardNumber"":210096371894944,""CVV"":944,""Vencimiento"":""04/21""}}','Inactivo','Tarjeta de crédito');
Insert into MEDIOS_PAGO_USUARIO (ID,USUARIO_ID,MEDIO_PAGO_DETALLE,ESTADO,TIPO) values (188,288,'{""CreditCard"":{""CardNumber"":210021276091677,""CVV"":677,""Vencimiento"":""04/21""}}','Activo','Tarjeta de crédito');
Insert into MEDIOS_PAGO_USUARIO (ID,USUARIO_ID,MEDIO_PAGO_DETALLE,ESTADO,TIPO) values (189,289,'{""CreditCard"":{""CardNumber"":210006981872370,""CVV"":370,""Vencimiento"":""04/21""}}','Activo','Tarjeta de crédito');
Insert into MEDIOS_PAGO_USUARIO (ID,USUARIO_ID,MEDIO_PAGO_DETALLE,ESTADO,TIPO) values (190,290,'{""CreditCard"":{""CardNumber"":210017095103495,""CVV"":495,""Vencimiento"":""04/21""}}','Inactivo','Tarjeta de crédito');
Insert into MEDIOS_PAGO_USUARIO (ID,USUARIO_ID,MEDIO_PAGO_DETALLE,ESTADO,TIPO) values (191,291,'{""CreditCard"":{""CardNumber"":210091013055392,""CVV"":392,""Vencimiento"":""04/21""}}','Activo','Tarjeta de crédito');
Insert into MEDIOS_PAGO_USUARIO (ID,USUARIO_ID,MEDIO_PAGO_DETALLE,ESTADO,TIPO) values (192,292,'{""CreditCard"":{""CardNumber"":180037782149037,""CVV"":31,""Vencimiento"":""04/21""}}','Activo','Tarjeta de crédito');
Insert into MEDIOS_PAGO_USUARIO (ID,USUARIO_ID,MEDIO_PAGO_DETALLE,ESTADO,TIPO) values (193,293,'{""CreditCard"":{""CardNumber"":180052419320398,""CVV"":398,""Vencimiento"":""04/21""}}','Inactivo','Tarjeta de crédito');
Insert into MEDIOS_PAGO_USUARIO (ID,USUARIO_ID,MEDIO_PAGO_DETALLE,ESTADO,TIPO) values (194,294,'{""CreditCard"":{""CardNumber"":180008524938011,""CVV"":9,""Vencimiento"":""04/21""}}','Activo','Tarjeta de crédito');
Insert into MEDIOS_PAGO_USUARIO (ID,USUARIO_ID,MEDIO_PAGO_DETALLE,ESTADO,TIPO) values (195,295,'{""CreditCard"":{""CardNumber"":180055907496935,""CVV"":935,""Vencimiento"":""04/21""}}','Activo','Tarjeta de crédito');
Insert into MEDIOS_PAGO_USUARIO (ID,USUARIO_ID,MEDIO_PAGO_DETALLE,ESTADO,TIPO) values (196,296,'{""CreditCard"":{""CardNumber"":180075378067544,""CVV"":544,""Vencimiento"":""04/21""}}','Inactivo','Tarjeta de crédito');
Insert into MEDIOS_PAGO_USUARIO (ID,USUARIO_ID,MEDIO_PAGO_DETALLE,ESTADO,TIPO) values (197,297,'{""CreditCard"":{""CardNumber"":180084217298211,""CVV"":211,""Vencimiento"":""04/21""}}','Inactivo','Tarjeta de crédito');
Insert into MEDIOS_PAGO_USUARIO (ID,USUARIO_ID,MEDIO_PAGO_DETALLE,ESTADO,TIPO) values (198,298,'{""CreditCard"":{""CardNumber"":180053309383660,""CVV"":660,""Vencimiento"":""04/21""}}','Activo','Tarjeta de crédito');
Insert into MEDIOS_PAGO_USUARIO (ID,USUARIO_ID,MEDIO_PAGO_DETALLE,ESTADO,TIPO) values (430,530,'{""CreditCard"":{""CardNumber"":180092909999707,""CVV"":707,""Vencimiento"":""04/21""}}','Activo','Tarjeta de crédito');
Insert into MEDIOS_PAGO_USUARIO (ID,USUARIO_ID,MEDIO_PAGO_DETALLE,ESTADO,TIPO) values (431,531,'{""CreditCard"":{""CardNumber"":180005546770620,""CVV"":620,""Vencimiento"":""04/21""}}','Activo','Tarjeta de crédito');
Insert into MEDIOS_PAGO_USUARIO (ID,USUARIO_ID,MEDIO_PAGO_DETALLE,ESTADO,TIPO) values (432,532,'{""CreditCard"":{""CardNumber"":210022036200855,""CVV"":855,""Vencimiento"":""04/21""}}','Inactivo','Tarjeta de crédito');
Insert into MEDIOS_PAGO_USUARIO (ID,USUARIO_ID,MEDIO_PAGO_DETALLE,ESTADO,TIPO) values (433,533,'{""CreditCard"":{""CardNumber"":180025271942178,""CVV"":178,""Vencimiento"":""04/21""}}','Inactivo','Tarjeta de crédito');
Insert into MEDIOS_PAGO_USUARIO (ID,USUARIO_ID,MEDIO_PAGO_DETALLE,ESTADO,TIPO) values (434,534,'{""CreditCard"":{""CardNumber"":210081147030551,""CVV"":551,""Vencimiento"":""04/21""}}','Inactivo','Tarjeta de crédito');
Insert into MEDIOS_PAGO_USUARIO (ID,USUARIO_ID,MEDIO_PAGO_DETALLE,ESTADO,TIPO) values (435,535,'{""CreditCard"":{""CardNumber"":210053744453825,""CVV"":825,""Vencimiento"":""04/21""}}','Inactivo','Tarjeta de crédito');
Insert into MEDIOS_PAGO_USUARIO (ID,USUARIO_ID,MEDIO_PAGO_DETALLE,ESTADO,TIPO) values (436,536,'{""CreditCard"":{""CardNumber"":210006063688223,""CVV"":223,""Vencimiento"":""04/21""}}','Activo','Tarjeta de crédito');
Insert into MEDIOS_PAGO_USUARIO (ID,USUARIO_ID,MEDIO_PAGO_DETALLE,ESTADO,TIPO) values (437,537,'{""CreditCard"":{""CardNumber"":210025022848942,""CVV"":942,""Vencimiento"":""04/21""}}','Inactivo','Tarjeta de crédito');
Insert into MEDIOS_PAGO_USUARIO (ID,USUARIO_ID,MEDIO_PAGO_DETALLE,ESTADO,TIPO) values (438,538,'{""CreditCard"":{""CardNumber"":210083092251992,""CVV"":992,""Vencimiento"":""04/21""}}','Activo','Tarjeta de crédito');
Insert into MEDIOS_PAGO_USUARIO (ID,USUARIO_ID,MEDIO_PAGO_DETALLE,ESTADO,TIPO) values (439,539,'{""CreditCard"":{""CardNumber"":180076138034774,""CVV"":774,""Vencimiento"":""04/21""}}','Activo','Tarjeta de crédito');
Insert into MEDIOS_PAGO_USUARIO (ID,USUARIO_ID,MEDIO_PAGO_DETALLE,ESTADO,TIPO) values (440,540,'{""CreditCard"":{""CardNumber"":210081277029308,""CVV"":308,""Vencimiento"":""04/21""}}','Activo','Tarjeta de crédito');
Insert into MEDIOS_PAGO_USUARIO (ID,USUARIO_ID,MEDIO_PAGO_DETALLE,ESTADO,TIPO) values (441,541,'{""CreditCard"":{""CardNumber"":180056318751272,""CVV"":272,""Vencimiento"":""04/21""}}','Inactivo','Tarjeta de crédito');
Insert into MEDIOS_PAGO_USUARIO (ID,USUARIO_ID,MEDIO_PAGO_DETALLE,ESTADO,TIPO) values (442,542,'{""CreditCard"":{""CardNumber"":180067893850355,""CVV"":355,""Vencimiento"":""04/21""}}','Activo','Tarjeta de crédito');
Insert into MEDIOS_PAGO_USUARIO (ID,USUARIO_ID,MEDIO_PAGO_DETALLE,ESTADO,TIPO) values (443,543,'{""CreditCard"":{""CardNumber"":180099389199328,""CVV"":328,""Vencimiento"":""04/21""}}','Activo','Tarjeta de crédito');
Insert into MEDIOS_PAGO_USUARIO (ID,USUARIO_ID,MEDIO_PAGO_DETALLE,ESTADO,TIPO) values (444,544,'{""CreditCard"":{""CardNumber"":210030399847543,""CVV"":543,""Vencimiento"":""04/21""}}','Inactivo','Tarjeta de crédito');
Insert into MEDIOS_PAGO_USUARIO (ID,USUARIO_ID,MEDIO_PAGO_DETALLE,ESTADO,TIPO) values (445,545,'{""CreditCard"":{""CardNumber"":210064303061677,""CVV"":677,""Vencimiento"":""04/21""}}','Inactivo','Tarjeta de crédito');
Insert into MEDIOS_PAGO_USUARIO (ID,USUARIO_ID,MEDIO_PAGO_DETALLE,ESTADO,TIPO) values (446,546,'{""CreditCard"":{""CardNumber"":180018631387416,""CVV"":416,""Vencimiento"":""04/21""}}','Inactivo','Tarjeta de crédito');
Insert into MEDIOS_PAGO_USUARIO (ID,USUARIO_ID,MEDIO_PAGO_DETALLE,ESTADO,TIPO) values (447,547,'{""CreditCard"":{""CardNumber"":210045934712853,""CVV"":853,""Vencimiento"":""04/21""}}','Inactivo','Tarjeta de crédito');
Insert into MEDIOS_PAGO_USUARIO (ID,USUARIO_ID,MEDIO_PAGO_DETALLE,ESTADO,TIPO) values (448,548,'{""CreditCard"":{""CardNumber"":210035444854014,""CVV"":12,""Vencimiento"":""04/21""}}','Activo','Tarjeta de crédito');
Insert into MEDIOS_PAGO_USUARIO (ID,USUARIO_ID,MEDIO_PAGO_DETALLE,ESTADO,TIPO) values (449,549,'{""CreditCard"":{""CardNumber"":180061127663304,""CVV"":304,""Vencimiento"":""04/21""}}','Activo','Tarjeta de crédito');
Insert into MEDIOS_PAGO_USUARIO (ID,USUARIO_ID,MEDIO_PAGO_DETALLE,ESTADO,TIPO) values (450,550,'{""CreditCard"":{""CardNumber"":210081454176203,""CVV"":203,""Vencimiento"":""04/21""}}','Inactivo','Tarjeta de crédito');
Insert into MEDIOS_PAGO_USUARIO (ID,USUARIO_ID,MEDIO_PAGO_DETALLE,ESTADO,TIPO) values (451,551,'{""CreditCard"":{""CardNumber"":180075885769012,""CVV"":10,""Vencimiento"":""04/21""}}','Activo','Tarjeta de crédito');
Insert into MEDIOS_PAGO_USUARIO (ID,USUARIO_ID,MEDIO_PAGO_DETALLE,ESTADO,TIPO) values (452,552,'{""CreditCard"":{""CardNumber"":180075330473533,""CVV"":533,""Vencimiento"":""04/21""}}','Activo','Tarjeta de crédito');
Insert into MEDIOS_PAGO_USUARIO (ID,USUARIO_ID,MEDIO_PAGO_DETALLE,ESTADO,TIPO) values (453,553,'{""CreditCard"":{""CardNumber"":210039493043859,""CVV"":859,""Vencimiento"":""04/21""}}','Inactivo','Tarjeta de crédito');
Insert into MEDIOS_PAGO_USUARIO (ID,USUARIO_ID,MEDIO_PAGO_DETALLE,ESTADO,TIPO) values (454,554,'{""CreditCard"":{""CardNumber"":210071633650921,""CVV"":921,""Vencimiento"":""04/21""}}','Activo','Tarjeta de crédito');
Insert into MEDIOS_PAGO_USUARIO (ID,USUARIO_ID,MEDIO_PAGO_DETALLE,ESTADO,TIPO) values (455,555,'{""CreditCard"":{""CardNumber"":180045888976120,""CVV"":120,""Vencimiento"":""04/21""}}','Activo','Tarjeta de crédito');
Insert into MEDIOS_PAGO_USUARIO (ID,USUARIO_ID,MEDIO_PAGO_DETALLE,ESTADO,TIPO) values (456,556,'{""CreditCard"":{""CardNumber"":210077885362180,""CVV"":180,""Vencimiento"":""04/21""}}','Inactivo','Tarjeta de crédito');
Insert into MEDIOS_PAGO_USUARIO (ID,USUARIO_ID,MEDIO_PAGO_DETALLE,ESTADO,TIPO) values (457,557,'{""CreditCard"":{""CardNumber"":210024230790590,""CVV"":590,""Vencimiento"":""04/21""}}','Inactivo','Tarjeta de crédito');
Insert into MEDIOS_PAGO_USUARIO (ID,USUARIO_ID,MEDIO_PAGO_DETALLE,ESTADO,TIPO) values (458,558,'{""CreditCard"":{""CardNumber"":180054210965934,""CVV"":934,""Vencimiento"":""04/21""}}','Inactivo','Tarjeta de crédito');
Insert into MEDIOS_PAGO_USUARIO (ID,USUARIO_ID,MEDIO_PAGO_DETALLE,ESTADO,TIPO) values (459,559,'{""CreditCard"":{""CardNumber"":210095654656970,""CVV"":970,""Vencimiento"":""04/21""}}','Activo','Tarjeta de crédito');
Insert into MEDIOS_PAGO_USUARIO (ID,USUARIO_ID,MEDIO_PAGO_DETALLE,ESTADO,TIPO) values (460,560,'{""CreditCard"":{""CardNumber"":210012107742562,""CVV"":562,""Vencimiento"":""04/21""}}','Inactivo','Tarjeta de crédito');
Insert into MEDIOS_PAGO_USUARIO (ID,USUARIO_ID,MEDIO_PAGO_DETALLE,ESTADO,TIPO) values (461,561,'{""CreditCard"":{""CardNumber"":180077135895589,""CVV"":589,""Vencimiento"":""04/21""}}','Activo','Tarjeta de crédito');
Insert into MEDIOS_PAGO_USUARIO (ID,USUARIO_ID,MEDIO_PAGO_DETALLE,ESTADO,TIPO) values (462,562,'{""CreditCard"":{""CardNumber"":180040622832358,""CVV"":358,""Vencimiento"":""04/21""}}','Inactivo','Tarjeta de crédito');
Insert into MEDIOS_PAGO_USUARIO (ID,USUARIO_ID,MEDIO_PAGO_DETALLE,ESTADO,TIPO) values (463,563,'{""CreditCard"":{""CardNumber"":210067860016745,""CVV"":745,""Vencimiento"":""04/21""}}','Inactivo','Tarjeta de crédito');
Insert into MEDIOS_PAGO_USUARIO (ID,USUARIO_ID,MEDIO_PAGO_DETALLE,ESTADO,TIPO) values (464,564,'{""CreditCard"":{""CardNumber"":180082651460396,""CVV"":396,""Vencimiento"":""04/21""}}','Inactivo','Tarjeta de crédito');
Insert into MEDIOS_PAGO_USUARIO (ID,USUARIO_ID,MEDIO_PAGO_DETALLE,ESTADO,TIPO) values (465,565,'{""CreditCard"":{""CardNumber"":210076803199344,""CVV"":344,""Vencimiento"":""04/21""}}','Activo','Tarjeta de crédito');
Insert into MEDIOS_PAGO_USUARIO (ID,USUARIO_ID,MEDIO_PAGO_DETALLE,ESTADO,TIPO) values (466,566,'{""CreditCard"":{""CardNumber"":210040022774337,""CVV"":337,""Vencimiento"":""04/21""}}','Activo','Tarjeta de crédito');
Insert into MEDIOS_PAGO_USUARIO (ID,USUARIO_ID,MEDIO_PAGO_DETALLE,ESTADO,TIPO) values (467,567,'{""CreditCard"":{""CardNumber"":210016065196091,""CVV"":91,""Vencimiento"":""04/21""}}','Activo','Tarjeta de crédito');
Insert into MEDIOS_PAGO_USUARIO (ID,USUARIO_ID,MEDIO_PAGO_DETALLE,ESTADO,TIPO) values (468,568,'{""CreditCard"":{""CardNumber"":210086505092739,""CVV"":739,""Vencimiento"":""04/21""}}','Activo','Tarjeta de crédito');
Insert into MEDIOS_PAGO_USUARIO (ID,USUARIO_ID,MEDIO_PAGO_DETALLE,ESTADO,TIPO) values (469,569,'{""CreditCard"":{""CardNumber"":210066213083907,""CVV"":907,""Vencimiento"":""04/21""}}','Activo','Tarjeta de crédito');
Insert into MEDIOS_PAGO_USUARIO (ID,USUARIO_ID,MEDIO_PAGO_DETALLE,ESTADO,TIPO) values (470,570,'{""CreditCard"":{""CardNumber"":180044856959390,""CVV"":390,""Vencimiento"":""04/21""}}','Inactivo','Tarjeta de crédito');
Insert into MEDIOS_PAGO_USUARIO (ID,USUARIO_ID,MEDIO_PAGO_DETALLE,ESTADO,TIPO) values (471,571,'{""CreditCard"":{""CardNumber"":180023081191409,""CVV"":409,""Vencimiento"":""04/21""}}','Activo','Tarjeta de crédito');
Insert into MEDIOS_PAGO_USUARIO (ID,USUARIO_ID,MEDIO_PAGO_DETALLE,ESTADO,TIPO) values (472,572,'{""CreditCard"":{""CardNumber"":180010589219840,""CVV"":840,""Vencimiento"":""04/21""}}','Inactivo','Tarjeta de crédito');
Insert into MEDIOS_PAGO_USUARIO (ID,USUARIO_ID,MEDIO_PAGO_DETALLE,ESTADO,TIPO) values (473,573,'{""CreditCard"":{""CardNumber"":180036910191168,""CVV"":168,""Vencimiento"":""04/21""}}','Inactivo','Tarjeta de crédito');
Insert into MEDIOS_PAGO_USUARIO (ID,USUARIO_ID,MEDIO_PAGO_DETALLE,ESTADO,TIPO) values (474,574,'{""CreditCard"":{""CardNumber"":180064373377975,""CVV"":975,""Vencimiento"":""04/21""}}','Activo','Tarjeta de crédito');
Insert into MEDIOS_PAGO_USUARIO (ID,USUARIO_ID,MEDIO_PAGO_DETALLE,ESTADO,TIPO) values (475,575,'{""CreditCard"":{""CardNumber"":210050516739613,""CVV"":613,""Vencimiento"":""04/21""}}','Inactivo','Tarjeta de crédito');
Insert into MEDIOS_PAGO_USUARIO (ID,USUARIO_ID,MEDIO_PAGO_DETALLE,ESTADO,TIPO) values (476,576,'{""CreditCard"":{""CardNumber"":180023604092399,""CVV"":399,""Vencimiento"":""04/21""}}','Inactivo','Tarjeta de crédito');
Insert into MEDIOS_PAGO_USUARIO (ID,USUARIO_ID,MEDIO_PAGO_DETALLE,ESTADO,TIPO) values (477,577,'{""CreditCard"":{""CardNumber"":210055968963777,""CVV"":777,""Vencimiento"":""04/21""}}','Activo','Tarjeta de crédito');
Insert into MEDIOS_PAGO_USUARIO (ID,USUARIO_ID,MEDIO_PAGO_DETALLE,ESTADO,TIPO) values (478,578,'{""CreditCard"":{""CardNumber"":180023530769722,""CVV"":722,""Vencimiento"":""04/21""}}','Activo','Tarjeta de crédito');
Insert into MEDIOS_PAGO_USUARIO (ID,USUARIO_ID,MEDIO_PAGO_DETALLE,ESTADO,TIPO) values (479,579,'{""CreditCard"":{""CardNumber"":210034622608813,""CVV"":813,""Vencimiento"":""04/21""}}','Inactivo','Tarjeta de crédito');
Insert into MEDIOS_PAGO_USUARIO (ID,USUARIO_ID,MEDIO_PAGO_DETALLE,ESTADO,TIPO) values (480,580,'{""CreditCard"":{""CardNumber"":180041642173021,""CVV"":17,""Vencimiento"":""04/21""}}','Activo','Tarjeta de crédito');
Insert into MEDIOS_PAGO_USUARIO (ID,USUARIO_ID,MEDIO_PAGO_DETALLE,ESTADO,TIPO) values (481,581,'{""CreditCard"":{""CardNumber"":210097662501941,""CVV"":941,""Vencimiento"":""04/21""}}','Activo','Tarjeta de crédito');
Insert into MEDIOS_PAGO_USUARIO (ID,USUARIO_ID,MEDIO_PAGO_DETALLE,ESTADO,TIPO) values (482,582,'{""CreditCard"":{""CardNumber"":210075390624987,""CVV"":987,""Vencimiento"":""04/21""}}','Activo','Tarjeta de crédito');
Insert into MEDIOS_PAGO_USUARIO (ID,USUARIO_ID,MEDIO_PAGO_DETALLE,ESTADO,TIPO) values (483,583,'{""CreditCard"":{""CardNumber"":210064279723250,""CVV"":250,""Vencimiento"":""04/21""}}','Inactivo','Tarjeta de crédito');
Insert into MEDIOS_PAGO_USUARIO (ID,USUARIO_ID,MEDIO_PAGO_DETALLE,ESTADO,TIPO) values (484,584,'{""CreditCard"":{""CardNumber"":180072146904256,""CVV"":256,""Vencimiento"":""04/21""}}','Inactivo','Tarjeta de crédito');
Insert into MEDIOS_PAGO_USUARIO (ID,USUARIO_ID,MEDIO_PAGO_DETALLE,ESTADO,TIPO) values (485,585,'{""CreditCard"":{""CardNumber"":180002237679418,""CVV"":418,""Vencimiento"":""04/21""}}','Activo','Tarjeta de crédito');
Insert into MEDIOS_PAGO_USUARIO (ID,USUARIO_ID,MEDIO_PAGO_DETALLE,ESTADO,TIPO) values (486,586,'{""CreditCard"":{""CardNumber"":210003307759951,""CVV"":951,""Vencimiento"":""04/21""}}','Inactivo','Tarjeta de crédito');
Insert into MEDIOS_PAGO_USUARIO (ID,USUARIO_ID,MEDIO_PAGO_DETALLE,ESTADO,TIPO) values (487,587,'{""CreditCard"":{""CardNumber"":180074886416624,""CVV"":624,""Vencimiento"":""04/21""}}','Inactivo','Tarjeta de crédito');
Insert into MEDIOS_PAGO_USUARIO (ID,USUARIO_ID,MEDIO_PAGO_DETALLE,ESTADO,TIPO) values (488,588,'{""CreditCard"":{""CardNumber"":210042623011747,""CVV"":747,""Vencimiento"":""04/21""}}','Activo','Tarjeta de crédito');
Insert into MEDIOS_PAGO_USUARIO (ID,USUARIO_ID,MEDIO_PAGO_DETALLE,ESTADO,TIPO) values (489,589,'{""CreditCard"":{""CardNumber"":180046499246374,""CVV"":374,""Vencimiento"":""04/21""}}','Activo','Tarjeta de crédito');
Insert into MEDIOS_PAGO_USUARIO (ID,USUARIO_ID,MEDIO_PAGO_DETALLE,ESTADO,TIPO) values (490,590,'{""CreditCard"":{""CardNumber"":180051493830314,""CVV"":314,""Vencimiento"":""04/21""}}','Inactivo','Tarjeta de crédito');
Insert into MEDIOS_PAGO_USUARIO (ID,USUARIO_ID,MEDIO_PAGO_DETALLE,ESTADO,TIPO) values (491,591,'{""CreditCard"":{""CardNumber"":180039033245101,""CVV"":101,""Vencimiento"":""04/21""}}','Activo','Tarjeta de crédito');
Insert into MEDIOS_PAGO_USUARIO (ID,USUARIO_ID,MEDIO_PAGO_DETALLE,ESTADO,TIPO) values (492,592,'{""CreditCard"":{""CardNumber"":180092465476199,""CVV"":199,""Vencimiento"":""04/21""}}','Activo','Tarjeta de crédito');
Insert into MEDIOS_PAGO_USUARIO (ID,USUARIO_ID,MEDIO_PAGO_DETALLE,ESTADO,TIPO) values (493,593,'{""CreditCard"":{""CardNumber"":180033287232097,""CVV"":97,""Vencimiento"":""04/21""}}','Inactivo','Tarjeta de crédito');
Insert into MEDIOS_PAGO_USUARIO (ID,USUARIO_ID,MEDIO_PAGO_DETALLE,ESTADO,TIPO) values (494,594,'{""CreditCard"":{""CardNumber"":180093883508704,""CVV"":704,""Vencimiento"":""04/21""}}','Inactivo','Tarjeta de crédito');
Insert into MEDIOS_PAGO_USUARIO (ID,USUARIO_ID,MEDIO_PAGO_DETALLE,ESTADO,TIPO) values (495,595,'{""CreditCard"":{""CardNumber"":180016128871223,""CVV"":223,""Vencimiento"":""04/21""}}','Activo','Tarjeta de crédito');
Insert into MEDIOS_PAGO_USUARIO (ID,USUARIO_ID,MEDIO_PAGO_DETALLE,ESTADO,TIPO) values (496,596,'{""CreditCard"":{""CardNumber"":180011442419114,""CVV"":114,""Vencimiento"":""04/21""}}','Inactivo','Tarjeta de crédito');
Insert into MEDIOS_PAGO_USUARIO (ID,USUARIO_ID,MEDIO_PAGO_DETALLE,ESTADO,TIPO) values (497,597,'{""CreditCard"":{""CardNumber"":210085370959667,""CVV"":667,""Vencimiento"":""04/21""}}','Inactivo','Tarjeta de crédito');
Insert into MEDIOS_PAGO_USUARIO (ID,USUARIO_ID,MEDIO_PAGO_DETALLE,ESTADO,TIPO) values (498,598,'{""CreditCard"":{""CardNumber"":180054519600554,""CVV"":554,""Vencimiento"":""04/21""}}','Inactivo','Tarjeta de crédito');
Insert into MEDIOS_PAGO_USUARIO (ID,USUARIO_ID,MEDIO_PAGO_DETALLE,ESTADO,TIPO) values (499,599,'{""CreditCard"":{""CardNumber"":180066571529315,""CVV"":315,""Vencimiento"":""04/21""}}','Activo','Tarjeta de crédito');
Insert into MEDIOS_PAGO_USUARIO (ID,USUARIO_ID,MEDIO_PAGO_DETALLE,ESTADO,TIPO) values (500,600,'{""CreditCard"":{""CardNumber"":180037958398897,""CVV"":897,""Vencimiento"":""04/21""}}','Inactivo','Tarjeta de crédito');
REM INSERTING into SERVICIOS
SET DEFINE OFF;
Insert into SERVICIOS (ID,CLIENTE_ID,CLIENTE_COMPARTIDO_ID,ASIGNACION_VEHICULO_ID,DISTANCIA_RECORRIDA,TIEMPO_REQUERIDO,FECHA_INICIO,FECHA_FIN,SERVICIO_COMPARTIDO,ESTADO,TARIFA_DINAMICA,DIRECCION_ORIGEN,DIRECCION_DESTINO) values (1,101,null,1,13,15,to_timestamp('02-SEP-18 12.10.11.123456000 PM','DD-MON-RR HH.MI.SSXFF AM'),to_timestamp('02-SEP-18 12.35.11.123456000 PM','DD-MON-RR HH.MI.SSXFF AM'),null,'Ejecutado','Y','CRA 45 N 89 65','CRA 22 N 36 98');
Insert into SERVICIOS (ID,CLIENTE_ID,CLIENTE_COMPARTIDO_ID,ASIGNACION_VEHICULO_ID,DISTANCIA_RECORRIDA,TIEMPO_REQUERIDO,FECHA_INICIO,FECHA_FIN,SERVICIO_COMPARTIDO,ESTADO,TARIFA_DINAMICA,DIRECCION_ORIGEN,DIRECCION_DESTINO) values (2,102,null,2,5,7,to_timestamp('05-SEP-18 02.10.11.123457000 PM','DD-MON-RR HH.MI.SSXFF AM'),to_timestamp('05-SEP-18 02.17.11.123457000 PM','DD-MON-RR HH.MI.SSXFF AM'),null,'Ejecutado','N','CRA 85 N 89 65','CRA 65 N 10 98');
Insert into SERVICIOS (ID,CLIENTE_ID,CLIENTE_COMPARTIDO_ID,ASIGNACION_VEHICULO_ID,DISTANCIA_RECORRIDA,TIEMPO_REQUERIDO,FECHA_INICIO,FECHA_FIN,SERVICIO_COMPARTIDO,ESTADO,TARIFA_DINAMICA,DIRECCION_ORIGEN,DIRECCION_DESTINO) values (3,103,null,3,20,30,to_timestamp('06-SEP-18 12.10.11.123457000 PM','DD-MON-RR HH.MI.SSXFF AM'),to_timestamp('06-SEP-18 12.40.11.123457000 PM','DD-MON-RR HH.MI.SSXFF AM'),null,'Ejecutado','N','CRA 65 N 89 65','CRA 35 N 56 98');
Insert into SERVICIOS (ID,CLIENTE_ID,CLIENTE_COMPARTIDO_ID,ASIGNACION_VEHICULO_ID,DISTANCIA_RECORRIDA,TIEMPO_REQUERIDO,FECHA_INICIO,FECHA_FIN,SERVICIO_COMPARTIDO,ESTADO,TARIFA_DINAMICA,DIRECCION_ORIGEN,DIRECCION_DESTINO) values (4,104,null,4,24,22,to_timestamp('08-SEP-18 02.10.11.123458000 PM','DD-MON-RR HH.MI.SSXFF AM'),to_timestamp('08-SEP-18 02.32.11.123458000 PM','DD-MON-RR HH.MI.SSXFF AM'),null,'Ejecutado','N','CRA 49 N 89 65','CRA 22 N 56 98');
Insert into SERVICIOS (ID,CLIENTE_ID,CLIENTE_COMPARTIDO_ID,ASIGNACION_VEHICULO_ID,DISTANCIA_RECORRIDA,TIEMPO_REQUERIDO,FECHA_INICIO,FECHA_FIN,SERVICIO_COMPARTIDO,ESTADO,TARIFA_DINAMICA,DIRECCION_ORIGEN,DIRECCION_DESTINO) values (5,105,null,5,3,4,to_timestamp('09-SEP-18 12.10.11.123458000 PM','DD-MON-RR HH.MI.SSXFF AM'),to_timestamp('09-SEP-18 12.14.11.123458000 PM','DD-MON-RR HH.MI.SSXFF AM'),null,'Ejecutado','Y','CRA 43 N 89 65','CRA 45 N 23 98');
Insert into SERVICIOS (ID,CLIENTE_ID,CLIENTE_COMPARTIDO_ID,ASIGNACION_VEHICULO_ID,DISTANCIA_RECORRIDA,TIEMPO_REQUERIDO,FECHA_INICIO,FECHA_FIN,SERVICIO_COMPARTIDO,ESTADO,TARIFA_DINAMICA,DIRECCION_ORIGEN,DIRECCION_DESTINO) values (6,106,null,6,7,10,to_timestamp('10-SEP-18 02.10.11.123459000 PM','DD-MON-RR HH.MI.SSXFF AM'),to_timestamp('10-SEP-18 02.20.11.123459000 PM','DD-MON-RR HH.MI.SSXFF AM'),null,'Ejecutado','N','CRA 35 N 89 65','CRA 6 N 56 98');
Insert into SERVICIOS (ID,CLIENTE_ID,CLIENTE_COMPARTIDO_ID,ASIGNACION_VEHICULO_ID,DISTANCIA_RECORRIDA,TIEMPO_REQUERIDO,FECHA_INICIO,FECHA_FIN,SERVICIO_COMPARTIDO,ESTADO,TARIFA_DINAMICA,DIRECCION_ORIGEN,DIRECCION_DESTINO) values (7,107,null,7,16,23,to_timestamp('11-SEP-18 12.10.11.123459000 PM','DD-MON-RR HH.MI.SSXFF AM'),to_timestamp('11-SEP-18 12.33.11.123459000 PM','DD-MON-RR HH.MI.SSXFF AM'),null,'Ejecutado','N','CRA 64 N 89 65','CRA 65 N 74 98');
Insert into SERVICIOS (ID,CLIENTE_ID,CLIENTE_COMPARTIDO_ID,ASIGNACION_VEHICULO_ID,DISTANCIA_RECORRIDA,TIEMPO_REQUERIDO,FECHA_INICIO,FECHA_FIN,SERVICIO_COMPARTIDO,ESTADO,TARIFA_DINAMICA,DIRECCION_ORIGEN,DIRECCION_DESTINO) values (8,108,null,8,18,20,to_timestamp('15-SEP-18 02.10.11.123460000 PM','DD-MON-RR HH.MI.SSXFF AM'),to_timestamp('15-SEP-18 02.28.11.123460000 PM','DD-MON-RR HH.MI.SSXFF AM'),null,'Ejecutado','N','CRA 78 N 89 65','CRA 96 N 56 98');
Insert into SERVICIOS (ID,CLIENTE_ID,CLIENTE_COMPARTIDO_ID,ASIGNACION_VEHICULO_ID,DISTANCIA_RECORRIDA,TIEMPO_REQUERIDO,FECHA_INICIO,FECHA_FIN,SERVICIO_COMPARTIDO,ESTADO,TARIFA_DINAMICA,DIRECCION_ORIGEN,DIRECCION_DESTINO) values (9,109,null,9,11,16,to_timestamp('15-SEP-18 05.10.11.123460000 PM','DD-MON-RR HH.MI.SSXFF AM'),to_timestamp('15-SEP-18 05.21.11.123460000 PM','DD-MON-RR HH.MI.SSXFF AM'),null,'Ejecutado','N','CRA 32 N 89 65','CRA 10 N 56 98');
Insert into SERVICIOS (ID,CLIENTE_ID,CLIENTE_COMPARTIDO_ID,ASIGNACION_VEHICULO_ID,DISTANCIA_RECORRIDA,TIEMPO_REQUERIDO,FECHA_INICIO,FECHA_FIN,SERVICIO_COMPARTIDO,ESTADO,TARIFA_DINAMICA,DIRECCION_ORIGEN,DIRECCION_DESTINO) values (10,110,null,10,22,75,to_timestamp('15-SEP-18 07.10.11.123460000 PM','DD-MON-RR HH.MI.SSXFF AM'),to_timestamp('15-SEP-18 08.25.11.123460000 PM','DD-MON-RR HH.MI.SSXFF AM'),null,'Ejecutado','N','CRA 42 N 80 35','CRA 80 N 30 26');
REM INSERTING into FACTURAS
SET DEFINE OFF;
Insert into FACTURAS (ID,SERVICIO_ID,MEDIO_PAGO_ID,VALOR,ESTADO) values (1,1,1,17900,'Pendiente');
Insert into FACTURAS (ID,SERVICIO_ID,MEDIO_PAGO_ID,VALOR,ESTADO) values (2,2,2,10000,'Liquidada');
Insert into FACTURAS (ID,SERVICIO_ID,MEDIO_PAGO_ID,VALOR,ESTADO) values (3,3,3,10000,'Pendiente');
Insert into FACTURAS (ID,SERVICIO_ID,MEDIO_PAGO_ID,VALOR,ESTADO) values (4,4,4,10000,'Pendiente');
Insert into FACTURAS (ID,SERVICIO_ID,MEDIO_PAGO_ID,VALOR,ESTADO) values (5,5,5,18000,'Pendiente');
Insert into FACTURAS (ID,SERVICIO_ID,MEDIO_PAGO_ID,VALOR,ESTADO) values (6,6,6,10000,'Liquidada');
Insert into FACTURAS (ID,SERVICIO_ID,MEDIO_PAGO_ID,VALOR,ESTADO) values (7,7,7,10000,'Liquidada');
Insert into FACTURAS (ID,SERVICIO_ID,MEDIO_PAGO_ID,VALOR,ESTADO) values (8,8,8,10000,'Pendiente');
Insert into FACTURAS (ID,SERVICIO_ID,MEDIO_PAGO_ID,VALOR,ESTADO) values (9,9,9,10000,'Liquidada');
Insert into FACTURAS (ID,SERVICIO_ID,MEDIO_PAGO_ID,VALOR,ESTADO) values (10,10,10,10000,'Pendiente');
REM INSERTING into DETALLE_FACTURAS
SET DEFINE OFF;
Insert into DETALLE_FACTURAS (ID,FACTURA_ID,CONCEPTO,VALOR) values (1,1,'viaje',10000);
Insert into DETALLE_FACTURAS (ID,FACTURA_ID,CONCEPTO,VALOR) values (2,1,'peaje',7900);
Insert into DETALLE_FACTURAS (ID,FACTURA_ID,CONCEPTO,VALOR) values (3,2,'viaje',10000);
Insert into DETALLE_FACTURAS (ID,FACTURA_ID,CONCEPTO,VALOR) values (4,3,'viaje',10000);
Insert into DETALLE_FACTURAS (ID,FACTURA_ID,CONCEPTO,VALOR) values (5,4,'viaje',10000);
Insert into DETALLE_FACTURAS (ID,FACTURA_ID,CONCEPTO,VALOR) values (6,5,'viaje',10000);
Insert into DETALLE_FACTURAS (ID,FACTURA_ID,CONCEPTO,VALOR) values (7,5,'peaje',8000);
Insert into DETALLE_FACTURAS (ID,FACTURA_ID,CONCEPTO,VALOR) values (8,6,'viaje',10000);
Insert into DETALLE_FACTURAS (ID,FACTURA_ID,CONCEPTO,VALOR) values (9,7,'viaje',10000);
Insert into DETALLE_FACTURAS (ID,FACTURA_ID,CONCEPTO,VALOR) values (10,8,'viaje',10000);
Insert into DETALLE_FACTURAS (ID,FACTURA_ID,CONCEPTO,VALOR) values (11,9,'viaje',10000);
Insert into DETALLE_FACTURAS (ID,FACTURA_ID,CONCEPTO,VALOR) values (12,9,'peaje',6000);
REM INSERTING into GEOLOCALIZACIONES
SET DEFINE OFF;
Insert into GEOLOCALIZACIONES (ID,SERVICIO_ID,LONGITUD,LATITUD) values (1,1,'164.79809','50.83612');
Insert into GEOLOCALIZACIONES (ID,SERVICIO_ID,LONGITUD,LATITUD) values (2,9,'-49.82462','46.50223');
Insert into GEOLOCALIZACIONES (ID,SERVICIO_ID,LONGITUD,LATITUD) values (3,10,'71.61951','-77.53111');
Insert into GEOLOCALIZACIONES (ID,SERVICIO_ID,LONGITUD,LATITUD) values (4,6,'-26.61537','72.64959');
Insert into GEOLOCALIZACIONES (ID,SERVICIO_ID,LONGITUD,LATITUD) values (5,7,'123.79538','27.98462');
Insert into GEOLOCALIZACIONES (ID,SERVICIO_ID,LONGITUD,LATITUD) values (6,5,'-10.24395','19.96733');
Insert into GEOLOCALIZACIONES (ID,SERVICIO_ID,LONGITUD,LATITUD) values (7,3,'167.9515','-56.75898');
Insert into GEOLOCALIZACIONES (ID,SERVICIO_ID,LONGITUD,LATITUD) values (8,10,'102.72632','4.10339');
Insert into GEOLOCALIZACIONES (ID,SERVICIO_ID,LONGITUD,LATITUD) values (9,4,'-51.75597','-4.51475');
Insert into GEOLOCALIZACIONES (ID,SERVICIO_ID,LONGITUD,LATITUD) values (10,6,'-83.01902','60.89295');
Insert into GEOLOCALIZACIONES (ID,SERVICIO_ID,LONGITUD,LATITUD) values (11,9,'11.35099','57.45228');
Insert into GEOLOCALIZACIONES (ID,SERVICIO_ID,LONGITUD,LATITUD) values (12,4,'-151.78809','80.07667');
Insert into GEOLOCALIZACIONES (ID,SERVICIO_ID,LONGITUD,LATITUD) values (13,5,'158.72307','-10.83819');
Insert into GEOLOCALIZACIONES (ID,SERVICIO_ID,LONGITUD,LATITUD) values (14,10,'-32.96447','32.05918');
Insert into GEOLOCALIZACIONES (ID,SERVICIO_ID,LONGITUD,LATITUD) values (15,6,'165.52454','2.90149');
Insert into GEOLOCALIZACIONES (ID,SERVICIO_ID,LONGITUD,LATITUD) values (16,10,'-164.97172','23.25604');
Insert into GEOLOCALIZACIONES (ID,SERVICIO_ID,LONGITUD,LATITUD) values (17,7,'-51.99926','17.04703');
Insert into GEOLOCALIZACIONES (ID,SERVICIO_ID,LONGITUD,LATITUD) values (18,1,'120.39562','51.19358');
Insert into GEOLOCALIZACIONES (ID,SERVICIO_ID,LONGITUD,LATITUD) values (19,10,'-4.47624','-70.6899');
Insert into GEOLOCALIZACIONES (ID,SERVICIO_ID,LONGITUD,LATITUD) values (20,4,'-38.37661','34.21039');
Insert into GEOLOCALIZACIONES (ID,SERVICIO_ID,LONGITUD,LATITUD) values (21,10,'30.67206','18.70798');
Insert into GEOLOCALIZACIONES (ID,SERVICIO_ID,LONGITUD,LATITUD) values (22,10,'59.85689','31.54216');
Insert into GEOLOCALIZACIONES (ID,SERVICIO_ID,LONGITUD,LATITUD) values (23,6,'-76.37259','-23.8492');
Insert into GEOLOCALIZACIONES (ID,SERVICIO_ID,LONGITUD,LATITUD) values (24,10,'100.31685','-40.14542');
Insert into GEOLOCALIZACIONES (ID,SERVICIO_ID,LONGITUD,LATITUD) values (25,4,'3.87065','-46.99654');
Insert into GEOLOCALIZACIONES (ID,SERVICIO_ID,LONGITUD,LATITUD) values (26,7,'-104.30813','27.86799');
Insert into GEOLOCALIZACIONES (ID,SERVICIO_ID,LONGITUD,LATITUD) values (27,4,'-17.62162','-8.81648');
Insert into GEOLOCALIZACIONES (ID,SERVICIO_ID,LONGITUD,LATITUD) values (28,3,'-105.24094','64.62557');
Insert into GEOLOCALIZACIONES (ID,SERVICIO_ID,LONGITUD,LATITUD) values (29,4,'145.38078','-76.3003');
Insert into GEOLOCALIZACIONES (ID,SERVICIO_ID,LONGITUD,LATITUD) values (30,2,'82.66073','30.68267');
Insert into GEOLOCALIZACIONES (ID,SERVICIO_ID,LONGITUD,LATITUD) values (31,7,'143.67813','-50.41342');
Insert into GEOLOCALIZACIONES (ID,SERVICIO_ID,LONGITUD,LATITUD) values (32,1,'8.85972','63.95013');
Insert into GEOLOCALIZACIONES (ID,SERVICIO_ID,LONGITUD,LATITUD) values (33,6,'27.35695','30.48366');
Insert into GEOLOCALIZACIONES (ID,SERVICIO_ID,LONGITUD,LATITUD) values (34,7,'-136.73811','10.14849');
Insert into GEOLOCALIZACIONES (ID,SERVICIO_ID,LONGITUD,LATITUD) values (35,4,'-154.30652','-82.37085');
Insert into GEOLOCALIZACIONES (ID,SERVICIO_ID,LONGITUD,LATITUD) values (36,5,'-124.52481','73.43904');
Insert into GEOLOCALIZACIONES (ID,SERVICIO_ID,LONGITUD,LATITUD) values (37,2,'4.8032','-72.34084');
Insert into GEOLOCALIZACIONES (ID,SERVICIO_ID,LONGITUD,LATITUD) values (38,5,'-72.92409','-28.85009');
Insert into GEOLOCALIZACIONES (ID,SERVICIO_ID,LONGITUD,LATITUD) values (39,9,'-63.05755','-45.90752');
Insert into GEOLOCALIZACIONES (ID,SERVICIO_ID,LONGITUD,LATITUD) values (40,3,'-91.62546','-65.24078');
Insert into GEOLOCALIZACIONES (ID,SERVICIO_ID,LONGITUD,LATITUD) values (41,4,'7.99129','-44.16954');
Insert into GEOLOCALIZACIONES (ID,SERVICIO_ID,LONGITUD,LATITUD) values (42,1,'95.22655','5.37268');
Insert into GEOLOCALIZACIONES (ID,SERVICIO_ID,LONGITUD,LATITUD) values (43,7,'33.54603','75.38784');
Insert into GEOLOCALIZACIONES (ID,SERVICIO_ID,LONGITUD,LATITUD) values (44,4,'-58.85034','-82.48769');
Insert into GEOLOCALIZACIONES (ID,SERVICIO_ID,LONGITUD,LATITUD) values (45,7,'133.29885','21.94474');
Insert into GEOLOCALIZACIONES (ID,SERVICIO_ID,LONGITUD,LATITUD) values (46,3,'119.43832','-58.01555');
Insert into GEOLOCALIZACIONES (ID,SERVICIO_ID,LONGITUD,LATITUD) values (47,5,'-98.41197','-24.18374');
Insert into GEOLOCALIZACIONES (ID,SERVICIO_ID,LONGITUD,LATITUD) values (48,2,'77.60437','4.71811');
Insert into GEOLOCALIZACIONES (ID,SERVICIO_ID,LONGITUD,LATITUD) values (49,6,'105.49963','38.74924');
Insert into GEOLOCALIZACIONES (ID,SERVICIO_ID,LONGITUD,LATITUD) values (50,7,'-154.0231','51.09289');
Insert into GEOLOCALIZACIONES (ID,SERVICIO_ID,LONGITUD,LATITUD) values (51,9,'71.64135','-80.30619');
Insert into GEOLOCALIZACIONES (ID,SERVICIO_ID,LONGITUD,LATITUD) values (52,6,'-81.44174','39.52625');
Insert into GEOLOCALIZACIONES (ID,SERVICIO_ID,LONGITUD,LATITUD) values (53,10,'-126.94641','48.44369');
Insert into GEOLOCALIZACIONES (ID,SERVICIO_ID,LONGITUD,LATITUD) values (54,10,'75.65496','44.72567');
Insert into GEOLOCALIZACIONES (ID,SERVICIO_ID,LONGITUD,LATITUD) values (55,6,'94.96216','61.4004');
Insert into GEOLOCALIZACIONES (ID,SERVICIO_ID,LONGITUD,LATITUD) values (56,2,'44.46495','-40.08419');
Insert into GEOLOCALIZACIONES (ID,SERVICIO_ID,LONGITUD,LATITUD) values (57,6,'-137.48354','15.97596');
Insert into GEOLOCALIZACIONES (ID,SERVICIO_ID,LONGITUD,LATITUD) values (58,8,'-158.10114','-81.91504');
Insert into GEOLOCALIZACIONES (ID,SERVICIO_ID,LONGITUD,LATITUD) values (59,4,'-11.09629','-12.27983');
Insert into GEOLOCALIZACIONES (ID,SERVICIO_ID,LONGITUD,LATITUD) values (60,10,'-120.28244','-47.8579');
Insert into GEOLOCALIZACIONES (ID,SERVICIO_ID,LONGITUD,LATITUD) values (61,10,'-7.46636','-47.39982');
Insert into GEOLOCALIZACIONES (ID,SERVICIO_ID,LONGITUD,LATITUD) values (62,2,'67.95552','-42.57913');
Insert into GEOLOCALIZACIONES (ID,SERVICIO_ID,LONGITUD,LATITUD) values (63,6,'23.23245','70.42329');
Insert into GEOLOCALIZACIONES (ID,SERVICIO_ID,LONGITUD,LATITUD) values (64,9,'64.19412','-53.63582');
Insert into GEOLOCALIZACIONES (ID,SERVICIO_ID,LONGITUD,LATITUD) values (65,3,'14.88185','30.41236');
Insert into GEOLOCALIZACIONES (ID,SERVICIO_ID,LONGITUD,LATITUD) values (66,3,'-67.47232','-11.62463');
Insert into GEOLOCALIZACIONES (ID,SERVICIO_ID,LONGITUD,LATITUD) values (67,2,'35.92855','78.1993');
Insert into GEOLOCALIZACIONES (ID,SERVICIO_ID,LONGITUD,LATITUD) values (68,8,'160.29663','-35.33384');
Insert into GEOLOCALIZACIONES (ID,SERVICIO_ID,LONGITUD,LATITUD) values (69,1,'110.46026','-76.70057');
Insert into GEOLOCALIZACIONES (ID,SERVICIO_ID,LONGITUD,LATITUD) values (70,4,'140.88693','19.59187');
Insert into GEOLOCALIZACIONES (ID,SERVICIO_ID,LONGITUD,LATITUD) values (71,6,'78.34266','-84.94776');
Insert into GEOLOCALIZACIONES (ID,SERVICIO_ID,LONGITUD,LATITUD) values (72,9,'-178.39813','57.28402');
Insert into GEOLOCALIZACIONES (ID,SERVICIO_ID,LONGITUD,LATITUD) values (73,8,'-152.96459','20.41117');
Insert into GEOLOCALIZACIONES (ID,SERVICIO_ID,LONGITUD,LATITUD) values (74,2,'-57.1048','6.96729');
Insert into GEOLOCALIZACIONES (ID,SERVICIO_ID,LONGITUD,LATITUD) values (75,1,'43.75966','20.8061');
Insert into GEOLOCALIZACIONES (ID,SERVICIO_ID,LONGITUD,LATITUD) values (76,6,'113.3701','-83.64889');
Insert into GEOLOCALIZACIONES (ID,SERVICIO_ID,LONGITUD,LATITUD) values (77,5,'45.9524','-47.55423');
Insert into GEOLOCALIZACIONES (ID,SERVICIO_ID,LONGITUD,LATITUD) values (78,10,'140.33633','-12.73223');
Insert into GEOLOCALIZACIONES (ID,SERVICIO_ID,LONGITUD,LATITUD) values (79,3,'169.94799','-47.57727');
Insert into GEOLOCALIZACIONES (ID,SERVICIO_ID,LONGITUD,LATITUD) values (80,1,'93.63288','-17.83373');
Insert into GEOLOCALIZACIONES (ID,SERVICIO_ID,LONGITUD,LATITUD) values (81,4,'82.74304','-61.49214');
Insert into GEOLOCALIZACIONES (ID,SERVICIO_ID,LONGITUD,LATITUD) values (82,2,'-72.40356','23.16568');
Insert into GEOLOCALIZACIONES (ID,SERVICIO_ID,LONGITUD,LATITUD) values (83,3,'-53.74535','2.90523');
Insert into GEOLOCALIZACIONES (ID,SERVICIO_ID,LONGITUD,LATITUD) values (84,4,'-126.72178','77.07552');
Insert into GEOLOCALIZACIONES (ID,SERVICIO_ID,LONGITUD,LATITUD) values (85,9,'172.057','-59.40805');
Insert into GEOLOCALIZACIONES (ID,SERVICIO_ID,LONGITUD,LATITUD) values (86,2,'-86.46834','49.52474');
Insert into GEOLOCALIZACIONES (ID,SERVICIO_ID,LONGITUD,LATITUD) values (87,8,'-77.1771','-83.4763');
Insert into GEOLOCALIZACIONES (ID,SERVICIO_ID,LONGITUD,LATITUD) values (88,4,'-86.69533','-89.25661');
Insert into GEOLOCALIZACIONES (ID,SERVICIO_ID,LONGITUD,LATITUD) values (89,1,'-29.06841','40.44031');
Insert into GEOLOCALIZACIONES (ID,SERVICIO_ID,LONGITUD,LATITUD) values (90,6,'-81.70019','80.20829');
Insert into GEOLOCALIZACIONES (ID,SERVICIO_ID,LONGITUD,LATITUD) values (91,6,'-92.81187','33.06744');
Insert into GEOLOCALIZACIONES (ID,SERVICIO_ID,LONGITUD,LATITUD) values (92,4,'-105.79436','-49.60488');
Insert into GEOLOCALIZACIONES (ID,SERVICIO_ID,LONGITUD,LATITUD) values (93,5,'-31.39486','16.91934');
Insert into GEOLOCALIZACIONES (ID,SERVICIO_ID,LONGITUD,LATITUD) values (94,2,'157.74834','6.03699');
Insert into GEOLOCALIZACIONES (ID,SERVICIO_ID,LONGITUD,LATITUD) values (95,5,'79.8229','-32.24536');
Insert into GEOLOCALIZACIONES (ID,SERVICIO_ID,LONGITUD,LATITUD) values (96,1,'-137.46569','-31.74305');
Insert into GEOLOCALIZACIONES (ID,SERVICIO_ID,LONGITUD,LATITUD) values (97,1,'110.59938','-41.25124');
Insert into GEOLOCALIZACIONES (ID,SERVICIO_ID,LONGITUD,LATITUD) values (98,8,'111.08577','-14.2569');
Insert into GEOLOCALIZACIONES (ID,SERVICIO_ID,LONGITUD,LATITUD) values (99,10,'-149.64202','-19.12326');
Insert into GEOLOCALIZACIONES (ID,SERVICIO_ID,LONGITUD,LATITUD) values (100,4,'-149.25264','-87.60044');
REM INSERTING into PAGOS_CONDUCTORES
SET DEFINE OFF;
Insert into PAGOS_CONDUCTORES (ID,CONDUCTOR_ID,MEDIO_PAGO_ID,VALOR,FECHA_CORTE_INCIAL,FECHA_CORTE_FINAL,OBSERVACIONES) values (1,87,10,479737,to_timestamp('28-JUL-18 12.00.00.000000000 AM','DD-MON-RR HH.MI.SSXFF AM'),to_timestamp('15-JUN-19 12.00.00.000000000 AM','DD-MON-RR HH.MI.SSXFF AM'),'Lorem ipsum dolor sit amet, consectetuer');
Insert into PAGOS_CONDUCTORES (ID,CONDUCTOR_ID,MEDIO_PAGO_ID,VALOR,FECHA_CORTE_INCIAL,FECHA_CORTE_FINAL,OBSERVACIONES) values (2,67,9,846456,to_timestamp('29-SEP-18 12.00.00.000000000 AM','DD-MON-RR HH.MI.SSXFF AM'),to_timestamp('31-JUL-18 12.00.00.000000000 AM','DD-MON-RR HH.MI.SSXFF AM'),'Lorem ipsum dolor sit');
Insert into PAGOS_CONDUCTORES (ID,CONDUCTOR_ID,MEDIO_PAGO_ID,VALOR,FECHA_CORTE_INCIAL,FECHA_CORTE_FINAL,OBSERVACIONES) values (3,84,8,1206813,to_timestamp('17-FEB-19 12.00.00.000000000 AM','DD-MON-RR HH.MI.SSXFF AM'),to_timestamp('25-JUL-18 12.00.00.000000000 AM','DD-MON-RR HH.MI.SSXFF AM'),'Lorem ipsum dolor');
Insert into PAGOS_CONDUCTORES (ID,CONDUCTOR_ID,MEDIO_PAGO_ID,VALOR,FECHA_CORTE_INCIAL,FECHA_CORTE_FINAL,OBSERVACIONES) values (4,38,3,1048192,to_timestamp('24-MAY-19 12.00.00.000000000 AM','DD-MON-RR HH.MI.SSXFF AM'),to_timestamp('30-MAR-19 12.00.00.000000000 AM','DD-MON-RR HH.MI.SSXFF AM'),'Lorem ipsum');
Insert into PAGOS_CONDUCTORES (ID,CONDUCTOR_ID,MEDIO_PAGO_ID,VALOR,FECHA_CORTE_INCIAL,FECHA_CORTE_FINAL,OBSERVACIONES) values (5,47,10,1253404,to_timestamp('20-APR-19 12.00.00.000000000 AM','DD-MON-RR HH.MI.SSXFF AM'),to_timestamp('12-MAY-19 12.00.00.000000000 AM','DD-MON-RR HH.MI.SSXFF AM'),'Lorem ipsum dolor sit amet, consectetuer adipiscing elit.');
Insert into PAGOS_CONDUCTORES (ID,CONDUCTOR_ID,MEDIO_PAGO_ID,VALOR,FECHA_CORTE_INCIAL,FECHA_CORTE_FINAL,OBSERVACIONES) values (6,91,2,621743,to_timestamp('21-DEC-17 12.00.00.000000000 AM','DD-MON-RR HH.MI.SSXFF AM'),to_timestamp('28-DEC-17 12.00.00.000000000 AM','DD-MON-RR HH.MI.SSXFF AM'),'Lorem ipsum dolor sit amet, consectetuer adipiscing');
Insert into PAGOS_CONDUCTORES (ID,CONDUCTOR_ID,MEDIO_PAGO_ID,VALOR,FECHA_CORTE_INCIAL,FECHA_CORTE_FINAL,OBSERVACIONES) values (7,1,3,457179,to_timestamp('15-JUN-19 12.00.00.000000000 AM','DD-MON-RR HH.MI.SSXFF AM'),to_timestamp('02-SEP-18 12.00.00.000000000 AM','DD-MON-RR HH.MI.SSXFF AM'),'Lorem ipsum dolor sit amet,');
Insert into PAGOS_CONDUCTORES (ID,CONDUCTOR_ID,MEDIO_PAGO_ID,VALOR,FECHA_CORTE_INCIAL,FECHA_CORTE_FINAL,OBSERVACIONES) values (8,87,1,1478945,to_timestamp('31-AUG-18 12.00.00.000000000 AM','DD-MON-RR HH.MI.SSXFF AM'),to_timestamp('01-JUL-18 12.00.00.000000000 AM','DD-MON-RR HH.MI.SSXFF AM'),'Lorem');
Insert into PAGOS_CONDUCTORES (ID,CONDUCTOR_ID,MEDIO_PAGO_ID,VALOR,FECHA_CORTE_INCIAL,FECHA_CORTE_FINAL,OBSERVACIONES) values (9,25,10,676019,to_timestamp('24-FEB-18 12.00.00.000000000 AM','DD-MON-RR HH.MI.SSXFF AM'),to_timestamp('05-OCT-17 12.00.00.000000000 AM','DD-MON-RR HH.MI.SSXFF AM'),'Lorem ipsum dolor sit amet, consectetuer adipiscing elit.');
Insert into PAGOS_CONDUCTORES (ID,CONDUCTOR_ID,MEDIO_PAGO_ID,VALOR,FECHA_CORTE_INCIAL,FECHA_CORTE_FINAL,OBSERVACIONES) values (10,42,1,836422,to_timestamp('25-NOV-18 12.00.00.000000000 AM','DD-MON-RR HH.MI.SSXFF AM'),to_timestamp('07-MAY-18 12.00.00.000000000 AM','DD-MON-RR HH.MI.SSXFF AM'),'Lorem ipsum dolor sit');
Insert into PAGOS_CONDUCTORES (ID,CONDUCTOR_ID,MEDIO_PAGO_ID,VALOR,FECHA_CORTE_INCIAL,FECHA_CORTE_FINAL,OBSERVACIONES) values (11,16,3,873750,to_timestamp('15-MAY-18 12.00.00.000000000 AM','DD-MON-RR HH.MI.SSXFF AM'),to_timestamp('16-JAN-18 12.00.00.000000000 AM','DD-MON-RR HH.MI.SSXFF AM'),'Lorem ipsum dolor sit');
Insert into PAGOS_CONDUCTORES (ID,CONDUCTOR_ID,MEDIO_PAGO_ID,VALOR,FECHA_CORTE_INCIAL,FECHA_CORTE_FINAL,OBSERVACIONES) values (12,81,2,353016,to_timestamp('28-MAY-19 12.00.00.000000000 AM','DD-MON-RR HH.MI.SSXFF AM'),to_timestamp('27-SEP-19 12.00.00.000000000 AM','DD-MON-RR HH.MI.SSXFF AM'),'Lorem ipsum dolor');
Insert into PAGOS_CONDUCTORES (ID,CONDUCTOR_ID,MEDIO_PAGO_ID,VALOR,FECHA_CORTE_INCIAL,FECHA_CORTE_FINAL,OBSERVACIONES) values (13,41,2,886295,to_timestamp('03-NOV-18 12.00.00.000000000 AM','DD-MON-RR HH.MI.SSXFF AM'),to_timestamp('17-AUG-19 12.00.00.000000000 AM','DD-MON-RR HH.MI.SSXFF AM'),'Lorem ipsum dolor sit');
Insert into PAGOS_CONDUCTORES (ID,CONDUCTOR_ID,MEDIO_PAGO_ID,VALOR,FECHA_CORTE_INCIAL,FECHA_CORTE_FINAL,OBSERVACIONES) values (14,83,3,1437238,to_timestamp('01-MAY-19 12.00.00.000000000 AM','DD-MON-RR HH.MI.SSXFF AM'),to_timestamp('10-MAR-18 12.00.00.000000000 AM','DD-MON-RR HH.MI.SSXFF AM'),'Lorem ipsum dolor sit');
Insert into PAGOS_CONDUCTORES (ID,CONDUCTOR_ID,MEDIO_PAGO_ID,VALOR,FECHA_CORTE_INCIAL,FECHA_CORTE_FINAL,OBSERVACIONES) values (15,63,7,472938,to_timestamp('09-JUL-19 12.00.00.000000000 AM','DD-MON-RR HH.MI.SSXFF AM'),to_timestamp('09-JUN-18 12.00.00.000000000 AM','DD-MON-RR HH.MI.SSXFF AM'),'Lorem ipsum dolor sit');
Insert into PAGOS_CONDUCTORES (ID,CONDUCTOR_ID,MEDIO_PAGO_ID,VALOR,FECHA_CORTE_INCIAL,FECHA_CORTE_FINAL,OBSERVACIONES) values (16,4,9,639351,to_timestamp('24-SEP-17 12.00.00.000000000 AM','DD-MON-RR HH.MI.SSXFF AM'),to_timestamp('12-AUG-19 12.00.00.000000000 AM','DD-MON-RR HH.MI.SSXFF AM'),'Lorem ipsum dolor sit amet, consectetuer adipiscing elit.');
Insert into PAGOS_CONDUCTORES (ID,CONDUCTOR_ID,MEDIO_PAGO_ID,VALOR,FECHA_CORTE_INCIAL,FECHA_CORTE_FINAL,OBSERVACIONES) values (17,48,1,1297161,to_timestamp('04-SEP-18 12.00.00.000000000 AM','DD-MON-RR HH.MI.SSXFF AM'),to_timestamp('23-JUL-18 12.00.00.000000000 AM','DD-MON-RR HH.MI.SSXFF AM'),'Lorem ipsum dolor sit amet,');
Insert into PAGOS_CONDUCTORES (ID,CONDUCTOR_ID,MEDIO_PAGO_ID,VALOR,FECHA_CORTE_INCIAL,FECHA_CORTE_FINAL,OBSERVACIONES) values (18,95,10,315426,to_timestamp('16-OCT-18 12.00.00.000000000 AM','DD-MON-RR HH.MI.SSXFF AM'),to_timestamp('24-NOV-18 12.00.00.000000000 AM','DD-MON-RR HH.MI.SSXFF AM'),'Lorem ipsum dolor sit amet, consectetuer adipiscing');
Insert into PAGOS_CONDUCTORES (ID,CONDUCTOR_ID,MEDIO_PAGO_ID,VALOR,FECHA_CORTE_INCIAL,FECHA_CORTE_FINAL,OBSERVACIONES) values (19,17,7,911497,to_timestamp('15-AUG-18 12.00.00.000000000 AM','DD-MON-RR HH.MI.SSXFF AM'),to_timestamp('22-FEB-18 12.00.00.000000000 AM','DD-MON-RR HH.MI.SSXFF AM'),'Lorem ipsum dolor sit amet, consectetuer adipiscing elit. Curabitur sed');
Insert into PAGOS_CONDUCTORES (ID,CONDUCTOR_ID,MEDIO_PAGO_ID,VALOR,FECHA_CORTE_INCIAL,FECHA_CORTE_FINAL,OBSERVACIONES) values (20,35,5,1018218,to_timestamp('08-APR-19 12.00.00.000000000 AM','DD-MON-RR HH.MI.SSXFF AM'),to_timestamp('12-AUG-19 12.00.00.000000000 AM','DD-MON-RR HH.MI.SSXFF AM'),'Lorem ipsum');
Insert into PAGOS_CONDUCTORES (ID,CONDUCTOR_ID,MEDIO_PAGO_ID,VALOR,FECHA_CORTE_INCIAL,FECHA_CORTE_FINAL,OBSERVACIONES) values (21,50,1,661227,to_timestamp('28-SEP-17 12.00.00.000000000 AM','DD-MON-RR HH.MI.SSXFF AM'),to_timestamp('09-DEC-17 12.00.00.000000000 AM','DD-MON-RR HH.MI.SSXFF AM'),'Lorem ipsum dolor sit amet, consectetuer adipiscing elit. Curabitur sed');
Insert into PAGOS_CONDUCTORES (ID,CONDUCTOR_ID,MEDIO_PAGO_ID,VALOR,FECHA_CORTE_INCIAL,FECHA_CORTE_FINAL,OBSERVACIONES) values (22,27,6,343310,to_timestamp('04-JUN-18 12.00.00.000000000 AM','DD-MON-RR HH.MI.SSXFF AM'),to_timestamp('21-APR-19 12.00.00.000000000 AM','DD-MON-RR HH.MI.SSXFF AM'),'Lorem ipsum dolor sit amet, consectetuer adipiscing elit. Curabitur sed');
Insert into PAGOS_CONDUCTORES (ID,CONDUCTOR_ID,MEDIO_PAGO_ID,VALOR,FECHA_CORTE_INCIAL,FECHA_CORTE_FINAL,OBSERVACIONES) values (23,93,5,504982,to_timestamp('13-MAY-19 12.00.00.000000000 AM','DD-MON-RR HH.MI.SSXFF AM'),to_timestamp('11-SEP-19 12.00.00.000000000 AM','DD-MON-RR HH.MI.SSXFF AM'),'Lorem ipsum dolor sit amet, consectetuer adipiscing');
Insert into PAGOS_CONDUCTORES (ID,CONDUCTOR_ID,MEDIO_PAGO_ID,VALOR,FECHA_CORTE_INCIAL,FECHA_CORTE_FINAL,OBSERVACIONES) values (24,12,3,361485,to_timestamp('17-FEB-18 12.00.00.000000000 AM','DD-MON-RR HH.MI.SSXFF AM'),to_timestamp('15-MAR-19 12.00.00.000000000 AM','DD-MON-RR HH.MI.SSXFF AM'),'Lorem ipsum dolor sit amet, consectetuer adipiscing elit. Curabitur sed');
Insert into PAGOS_CONDUCTORES (ID,CONDUCTOR_ID,MEDIO_PAGO_ID,VALOR,FECHA_CORTE_INCIAL,FECHA_CORTE_FINAL,OBSERVACIONES) values (25,59,3,1480821,to_timestamp('18-SEP-18 12.00.00.000000000 AM','DD-MON-RR HH.MI.SSXFF AM'),to_timestamp('30-MAR-18 12.00.00.000000000 AM','DD-MON-RR HH.MI.SSXFF AM'),'Lorem');
Insert into PAGOS_CONDUCTORES (ID,CONDUCTOR_ID,MEDIO_PAGO_ID,VALOR,FECHA_CORTE_INCIAL,FECHA_CORTE_FINAL,OBSERVACIONES) values (26,10,7,1096978,to_timestamp('16-FEB-18 12.00.00.000000000 AM','DD-MON-RR HH.MI.SSXFF AM'),to_timestamp('21-FEB-19 12.00.00.000000000 AM','DD-MON-RR HH.MI.SSXFF AM'),'Lorem ipsum dolor sit amet, consectetuer adipiscing elit. Curabitur sed');
Insert into PAGOS_CONDUCTORES (ID,CONDUCTOR_ID,MEDIO_PAGO_ID,VALOR,FECHA_CORTE_INCIAL,FECHA_CORTE_FINAL,OBSERVACIONES) values (27,17,6,632640,to_timestamp('11-JUN-18 12.00.00.000000000 AM','DD-MON-RR HH.MI.SSXFF AM'),to_timestamp('01-MAR-18 12.00.00.000000000 AM','DD-MON-RR HH.MI.SSXFF AM'),'Lorem ipsum dolor');
Insert into PAGOS_CONDUCTORES (ID,CONDUCTOR_ID,MEDIO_PAGO_ID,VALOR,FECHA_CORTE_INCIAL,FECHA_CORTE_FINAL,OBSERVACIONES) values (28,93,7,689471,to_timestamp('26-SEP-18 12.00.00.000000000 AM','DD-MON-RR HH.MI.SSXFF AM'),to_timestamp('13-JUN-19 12.00.00.000000000 AM','DD-MON-RR HH.MI.SSXFF AM'),'Lorem ipsum dolor sit');
Insert into PAGOS_CONDUCTORES (ID,CONDUCTOR_ID,MEDIO_PAGO_ID,VALOR,FECHA_CORTE_INCIAL,FECHA_CORTE_FINAL,OBSERVACIONES) values (29,27,8,602809,to_timestamp('31-JAN-18 12.00.00.000000000 AM','DD-MON-RR HH.MI.SSXFF AM'),to_timestamp('21-APR-19 12.00.00.000000000 AM','DD-MON-RR HH.MI.SSXFF AM'),'Lorem ipsum dolor sit amet, consectetuer adipiscing');
Insert into PAGOS_CONDUCTORES (ID,CONDUCTOR_ID,MEDIO_PAGO_ID,VALOR,FECHA_CORTE_INCIAL,FECHA_CORTE_FINAL,OBSERVACIONES) values (30,20,5,332986,to_timestamp('24-SEP-18 12.00.00.000000000 AM','DD-MON-RR HH.MI.SSXFF AM'),to_timestamp('19-SEP-18 12.00.00.000000000 AM','DD-MON-RR HH.MI.SSXFF AM'),'Lorem ipsum');
Insert into PAGOS_CONDUCTORES (ID,CONDUCTOR_ID,MEDIO_PAGO_ID,VALOR,FECHA_CORTE_INCIAL,FECHA_CORTE_FINAL,OBSERVACIONES) values (31,37,4,990956,to_timestamp('05-SEP-17 12.00.00.000000000 AM','DD-MON-RR HH.MI.SSXFF AM'),to_timestamp('01-AUG-18 12.00.00.000000000 AM','DD-MON-RR HH.MI.SSXFF AM'),'Lorem');
Insert into PAGOS_CONDUCTORES (ID,CONDUCTOR_ID,MEDIO_PAGO_ID,VALOR,FECHA_CORTE_INCIAL,FECHA_CORTE_FINAL,OBSERVACIONES) values (32,76,1,1246105,to_timestamp('29-JUL-18 12.00.00.000000000 AM','DD-MON-RR HH.MI.SSXFF AM'),to_timestamp('05-MAY-18 12.00.00.000000000 AM','DD-MON-RR HH.MI.SSXFF AM'),'Lorem ipsum dolor sit amet, consectetuer adipiscing');
Insert into PAGOS_CONDUCTORES (ID,CONDUCTOR_ID,MEDIO_PAGO_ID,VALOR,FECHA_CORTE_INCIAL,FECHA_CORTE_FINAL,OBSERVACIONES) values (33,7,5,1056658,to_timestamp('27-MAY-18 12.00.00.000000000 AM','DD-MON-RR HH.MI.SSXFF AM'),to_timestamp('30-APR-18 12.00.00.000000000 AM','DD-MON-RR HH.MI.SSXFF AM'),'Lorem ipsum dolor sit amet, consectetuer adipiscing elit. Curabitur');
Insert into PAGOS_CONDUCTORES (ID,CONDUCTOR_ID,MEDIO_PAGO_ID,VALOR,FECHA_CORTE_INCIAL,FECHA_CORTE_FINAL,OBSERVACIONES) values (34,75,10,825058,to_timestamp('05-JAN-18 12.00.00.000000000 AM','DD-MON-RR HH.MI.SSXFF AM'),to_timestamp('22-MAR-18 12.00.00.000000000 AM','DD-MON-RR HH.MI.SSXFF AM'),'Lorem ipsum dolor sit amet, consectetuer adipiscing elit. Curabitur');
Insert into PAGOS_CONDUCTORES (ID,CONDUCTOR_ID,MEDIO_PAGO_ID,VALOR,FECHA_CORTE_INCIAL,FECHA_CORTE_FINAL,OBSERVACIONES) values (35,57,2,1262610,to_timestamp('10-JAN-19 12.00.00.000000000 AM','DD-MON-RR HH.MI.SSXFF AM'),to_timestamp('18-FEB-18 12.00.00.000000000 AM','DD-MON-RR HH.MI.SSXFF AM'),'Lorem ipsum dolor');
Insert into PAGOS_CONDUCTORES (ID,CONDUCTOR_ID,MEDIO_PAGO_ID,VALOR,FECHA_CORTE_INCIAL,FECHA_CORTE_FINAL,OBSERVACIONES) values (36,25,1,1459379,to_timestamp('05-MAY-18 12.00.00.000000000 AM','DD-MON-RR HH.MI.SSXFF AM'),to_timestamp('20-JUN-19 12.00.00.000000000 AM','DD-MON-RR HH.MI.SSXFF AM'),'Lorem ipsum dolor sit amet, consectetuer adipiscing elit.');
Insert into PAGOS_CONDUCTORES (ID,CONDUCTOR_ID,MEDIO_PAGO_ID,VALOR,FECHA_CORTE_INCIAL,FECHA_CORTE_FINAL,OBSERVACIONES) values (37,8,8,346961,to_timestamp('25-SEP-17 12.00.00.000000000 AM','DD-MON-RR HH.MI.SSXFF AM'),to_timestamp('31-MAR-18 12.00.00.000000000 AM','DD-MON-RR HH.MI.SSXFF AM'),'Lorem ipsum dolor sit');
Insert into PAGOS_CONDUCTORES (ID,CONDUCTOR_ID,MEDIO_PAGO_ID,VALOR,FECHA_CORTE_INCIAL,FECHA_CORTE_FINAL,OBSERVACIONES) values (38,10,5,1324675,to_timestamp('18-NOV-17 12.00.00.000000000 AM','DD-MON-RR HH.MI.SSXFF AM'),to_timestamp('17-JUN-18 12.00.00.000000000 AM','DD-MON-RR HH.MI.SSXFF AM'),'Lorem ipsum');
Insert into PAGOS_CONDUCTORES (ID,CONDUCTOR_ID,MEDIO_PAGO_ID,VALOR,FECHA_CORTE_INCIAL,FECHA_CORTE_FINAL,OBSERVACIONES) values (39,95,9,1152564,to_timestamp('14-JAN-18 12.00.00.000000000 AM','DD-MON-RR HH.MI.SSXFF AM'),to_timestamp('21-JUL-19 12.00.00.000000000 AM','DD-MON-RR HH.MI.SSXFF AM'),'Lorem ipsum dolor sit amet, consectetuer adipiscing elit. Curabitur');
Insert into PAGOS_CONDUCTORES (ID,CONDUCTOR_ID,MEDIO_PAGO_ID,VALOR,FECHA_CORTE_INCIAL,FECHA_CORTE_FINAL,OBSERVACIONES) values (40,89,3,899559,to_timestamp('17-JAN-19 12.00.00.000000000 AM','DD-MON-RR HH.MI.SSXFF AM'),to_timestamp('01-JUL-18 12.00.00.000000000 AM','DD-MON-RR HH.MI.SSXFF AM'),'Lorem ipsum dolor');
Insert into PAGOS_CONDUCTORES (ID,CONDUCTOR_ID,MEDIO_PAGO_ID,VALOR,FECHA_CORTE_INCIAL,FECHA_CORTE_FINAL,OBSERVACIONES) values (41,58,2,1060005,to_timestamp('12-OCT-17 12.00.00.000000000 AM','DD-MON-RR HH.MI.SSXFF AM'),to_timestamp('10-OCT-17 12.00.00.000000000 AM','DD-MON-RR HH.MI.SSXFF AM'),'Lorem ipsum dolor');
Insert into PAGOS_CONDUCTORES (ID,CONDUCTOR_ID,MEDIO_PAGO_ID,VALOR,FECHA_CORTE_INCIAL,FECHA_CORTE_FINAL,OBSERVACIONES) values (42,47,6,1053066,to_timestamp('28-AUG-19 12.00.00.000000000 AM','DD-MON-RR HH.MI.SSXFF AM'),to_timestamp('02-MAR-19 12.00.00.000000000 AM','DD-MON-RR HH.MI.SSXFF AM'),'Lorem ipsum dolor sit amet, consectetuer adipiscing elit. Curabitur sed');
Insert into PAGOS_CONDUCTORES (ID,CONDUCTOR_ID,MEDIO_PAGO_ID,VALOR,FECHA_CORTE_INCIAL,FECHA_CORTE_FINAL,OBSERVACIONES) values (43,77,1,1473479,to_timestamp('19-DEC-17 12.00.00.000000000 AM','DD-MON-RR HH.MI.SSXFF AM'),to_timestamp('02-AUG-18 12.00.00.000000000 AM','DD-MON-RR HH.MI.SSXFF AM'),'Lorem ipsum dolor sit amet, consectetuer');
Insert into PAGOS_CONDUCTORES (ID,CONDUCTOR_ID,MEDIO_PAGO_ID,VALOR,FECHA_CORTE_INCIAL,FECHA_CORTE_FINAL,OBSERVACIONES) values (44,11,8,377089,to_timestamp('13-MAY-19 12.00.00.000000000 AM','DD-MON-RR HH.MI.SSXFF AM'),to_timestamp('09-SEP-19 12.00.00.000000000 AM','DD-MON-RR HH.MI.SSXFF AM'),'Lorem ipsum dolor sit amet, consectetuer adipiscing elit.');
Insert into PAGOS_CONDUCTORES (ID,CONDUCTOR_ID,MEDIO_PAGO_ID,VALOR,FECHA_CORTE_INCIAL,FECHA_CORTE_FINAL,OBSERVACIONES) values (45,92,5,256894,to_timestamp('18-NOV-18 12.00.00.000000000 AM','DD-MON-RR HH.MI.SSXFF AM'),to_timestamp('16-NOV-18 12.00.00.000000000 AM','DD-MON-RR HH.MI.SSXFF AM'),'Lorem ipsum dolor sit amet, consectetuer adipiscing');
Insert into PAGOS_CONDUCTORES (ID,CONDUCTOR_ID,MEDIO_PAGO_ID,VALOR,FECHA_CORTE_INCIAL,FECHA_CORTE_FINAL,OBSERVACIONES) values (46,8,7,413376,to_timestamp('11-FEB-18 12.00.00.000000000 AM','DD-MON-RR HH.MI.SSXFF AM'),to_timestamp('11-DEC-17 12.00.00.000000000 AM','DD-MON-RR HH.MI.SSXFF AM'),'Lorem ipsum dolor sit amet,');
Insert into PAGOS_CONDUCTORES (ID,CONDUCTOR_ID,MEDIO_PAGO_ID,VALOR,FECHA_CORTE_INCIAL,FECHA_CORTE_FINAL,OBSERVACIONES) values (47,63,7,1030410,to_timestamp('04-JUN-18 12.00.00.000000000 AM','DD-MON-RR HH.MI.SSXFF AM'),to_timestamp('24-DEC-18 12.00.00.000000000 AM','DD-MON-RR HH.MI.SSXFF AM'),'Lorem ipsum');
Insert into PAGOS_CONDUCTORES (ID,CONDUCTOR_ID,MEDIO_PAGO_ID,VALOR,FECHA_CORTE_INCIAL,FECHA_CORTE_FINAL,OBSERVACIONES) values (48,35,2,735393,to_timestamp('20-APR-19 12.00.00.000000000 AM','DD-MON-RR HH.MI.SSXFF AM'),to_timestamp('02-JUL-18 12.00.00.000000000 AM','DD-MON-RR HH.MI.SSXFF AM'),'Lorem ipsum dolor sit amet, consectetuer adipiscing elit.');
Insert into PAGOS_CONDUCTORES (ID,CONDUCTOR_ID,MEDIO_PAGO_ID,VALOR,FECHA_CORTE_INCIAL,FECHA_CORTE_FINAL,OBSERVACIONES) values (49,62,4,911837,to_timestamp('01-NOV-18 12.00.00.000000000 AM','DD-MON-RR HH.MI.SSXFF AM'),to_timestamp('18-MAR-19 12.00.00.000000000 AM','DD-MON-RR HH.MI.SSXFF AM'),'Lorem ipsum dolor sit amet, consectetuer');
Insert into PAGOS_CONDUCTORES (ID,CONDUCTOR_ID,MEDIO_PAGO_ID,VALOR,FECHA_CORTE_INCIAL,FECHA_CORTE_FINAL,OBSERVACIONES) values (50,8,6,465587,to_timestamp('27-NOV-18 12.00.00.000000000 AM','DD-MON-RR HH.MI.SSXFF AM'),to_timestamp('15-JUN-18 12.00.00.000000000 AM','DD-MON-RR HH.MI.SSXFF AM'),'Lorem ipsum dolor sit amet, consectetuer adipiscing elit.');
Insert into PAGOS_CONDUCTORES (ID,CONDUCTOR_ID,MEDIO_PAGO_ID,VALOR,FECHA_CORTE_INCIAL,FECHA_CORTE_FINAL,OBSERVACIONES) values (51,95,1,505041,to_timestamp('11-NOV-17 12.00.00.000000000 AM','DD-MON-RR HH.MI.SSXFF AM'),to_timestamp('26-JUN-18 12.00.00.000000000 AM','DD-MON-RR HH.MI.SSXFF AM'),'Lorem');
Insert into PAGOS_CONDUCTORES (ID,CONDUCTOR_ID,MEDIO_PAGO_ID,VALOR,FECHA_CORTE_INCIAL,FECHA_CORTE_FINAL,OBSERVACIONES) values (52,69,2,408999,to_timestamp('28-MAR-19 12.00.00.000000000 AM','DD-MON-RR HH.MI.SSXFF AM'),to_timestamp('05-SEP-18 12.00.00.000000000 AM','DD-MON-RR HH.MI.SSXFF AM'),'Lorem ipsum dolor sit amet, consectetuer');
Insert into PAGOS_CONDUCTORES (ID,CONDUCTOR_ID,MEDIO_PAGO_ID,VALOR,FECHA_CORTE_INCIAL,FECHA_CORTE_FINAL,OBSERVACIONES) values (53,18,9,1211473,to_timestamp('23-OCT-17 12.00.00.000000000 AM','DD-MON-RR HH.MI.SSXFF AM'),to_timestamp('06-JUL-19 12.00.00.000000000 AM','DD-MON-RR HH.MI.SSXFF AM'),'Lorem ipsum dolor sit amet, consectetuer');
Insert into PAGOS_CONDUCTORES (ID,CONDUCTOR_ID,MEDIO_PAGO_ID,VALOR,FECHA_CORTE_INCIAL,FECHA_CORTE_FINAL,OBSERVACIONES) values (54,7,8,884641,to_timestamp('14-APR-19 12.00.00.000000000 AM','DD-MON-RR HH.MI.SSXFF AM'),to_timestamp('10-DEC-17 12.00.00.000000000 AM','DD-MON-RR HH.MI.SSXFF AM'),'Lorem');
Insert into PAGOS_CONDUCTORES (ID,CONDUCTOR_ID,MEDIO_PAGO_ID,VALOR,FECHA_CORTE_INCIAL,FECHA_CORTE_FINAL,OBSERVACIONES) values (55,26,2,560544,to_timestamp('11-MAR-18 12.00.00.000000000 AM','DD-MON-RR HH.MI.SSXFF AM'),to_timestamp('21-JUL-18 12.00.00.000000000 AM','DD-MON-RR HH.MI.SSXFF AM'),'Lorem ipsum dolor sit amet, consectetuer adipiscing elit. Curabitur');
Insert into PAGOS_CONDUCTORES (ID,CONDUCTOR_ID,MEDIO_PAGO_ID,VALOR,FECHA_CORTE_INCIAL,FECHA_CORTE_FINAL,OBSERVACIONES) values (56,43,7,1209820,to_timestamp('10-FEB-19 12.00.00.000000000 AM','DD-MON-RR HH.MI.SSXFF AM'),to_timestamp('09-APR-19 12.00.00.000000000 AM','DD-MON-RR HH.MI.SSXFF AM'),'Lorem ipsum dolor sit amet, consectetuer adipiscing');
Insert into PAGOS_CONDUCTORES (ID,CONDUCTOR_ID,MEDIO_PAGO_ID,VALOR,FECHA_CORTE_INCIAL,FECHA_CORTE_FINAL,OBSERVACIONES) values (57,12,2,1199295,to_timestamp('28-OCT-18 12.00.00.000000000 AM','DD-MON-RR HH.MI.SSXFF AM'),to_timestamp('16-FEB-19 12.00.00.000000000 AM','DD-MON-RR HH.MI.SSXFF AM'),'Lorem ipsum dolor sit');
Insert into PAGOS_CONDUCTORES (ID,CONDUCTOR_ID,MEDIO_PAGO_ID,VALOR,FECHA_CORTE_INCIAL,FECHA_CORTE_FINAL,OBSERVACIONES) values (58,68,1,611827,to_timestamp('08-JUL-19 12.00.00.000000000 AM','DD-MON-RR HH.MI.SSXFF AM'),to_timestamp('03-APR-19 12.00.00.000000000 AM','DD-MON-RR HH.MI.SSXFF AM'),'Lorem');
Insert into PAGOS_CONDUCTORES (ID,CONDUCTOR_ID,MEDIO_PAGO_ID,VALOR,FECHA_CORTE_INCIAL,FECHA_CORTE_FINAL,OBSERVACIONES) values (59,88,2,1270639,to_timestamp('17-MAY-19 12.00.00.000000000 AM','DD-MON-RR HH.MI.SSXFF AM'),to_timestamp('06-FEB-19 12.00.00.000000000 AM','DD-MON-RR HH.MI.SSXFF AM'),'Lorem ipsum dolor sit amet, consectetuer adipiscing elit. Curabitur');
Insert into PAGOS_CONDUCTORES (ID,CONDUCTOR_ID,MEDIO_PAGO_ID,VALOR,FECHA_CORTE_INCIAL,FECHA_CORTE_FINAL,OBSERVACIONES) values (60,13,10,1172460,to_timestamp('03-DEC-17 12.00.00.000000000 AM','DD-MON-RR HH.MI.SSXFF AM'),to_timestamp('20-MAY-18 12.00.00.000000000 AM','DD-MON-RR HH.MI.SSXFF AM'),'Lorem ipsum');
Insert into PAGOS_CONDUCTORES (ID,CONDUCTOR_ID,MEDIO_PAGO_ID,VALOR,FECHA_CORTE_INCIAL,FECHA_CORTE_FINAL,OBSERVACIONES) values (61,52,3,1287207,to_timestamp('12-FEB-19 12.00.00.000000000 AM','DD-MON-RR HH.MI.SSXFF AM'),to_timestamp('06-OCT-17 12.00.00.000000000 AM','DD-MON-RR HH.MI.SSXFF AM'),'Lorem ipsum dolor sit amet, consectetuer');
Insert into PAGOS_CONDUCTORES (ID,CONDUCTOR_ID,MEDIO_PAGO_ID,VALOR,FECHA_CORTE_INCIAL,FECHA_CORTE_FINAL,OBSERVACIONES) values (62,91,1,594991,to_timestamp('26-OCT-18 12.00.00.000000000 AM','DD-MON-RR HH.MI.SSXFF AM'),to_timestamp('08-MAY-19 12.00.00.000000000 AM','DD-MON-RR HH.MI.SSXFF AM'),'Lorem ipsum dolor sit amet, consectetuer');
Insert into PAGOS_CONDUCTORES (ID,CONDUCTOR_ID,MEDIO_PAGO_ID,VALOR,FECHA_CORTE_INCIAL,FECHA_CORTE_FINAL,OBSERVACIONES) values (63,84,2,1076514,to_timestamp('12-SEP-17 12.00.00.000000000 AM','DD-MON-RR HH.MI.SSXFF AM'),to_timestamp('21-OCT-17 12.00.00.000000000 AM','DD-MON-RR HH.MI.SSXFF AM'),'Lorem ipsum dolor sit');
Insert into PAGOS_CONDUCTORES (ID,CONDUCTOR_ID,MEDIO_PAGO_ID,VALOR,FECHA_CORTE_INCIAL,FECHA_CORTE_FINAL,OBSERVACIONES) values (64,5,6,805948,to_timestamp('26-OCT-17 12.00.00.000000000 AM','DD-MON-RR HH.MI.SSXFF AM'),to_timestamp('29-NOV-18 12.00.00.000000000 AM','DD-MON-RR HH.MI.SSXFF AM'),'Lorem');
Insert into PAGOS_CONDUCTORES (ID,CONDUCTOR_ID,MEDIO_PAGO_ID,VALOR,FECHA_CORTE_INCIAL,FECHA_CORTE_FINAL,OBSERVACIONES) values (65,68,3,1457360,to_timestamp('20-JAN-19 12.00.00.000000000 AM','DD-MON-RR HH.MI.SSXFF AM'),to_timestamp('19-JUL-18 12.00.00.000000000 AM','DD-MON-RR HH.MI.SSXFF AM'),'Lorem');
Insert into PAGOS_CONDUCTORES (ID,CONDUCTOR_ID,MEDIO_PAGO_ID,VALOR,FECHA_CORTE_INCIAL,FECHA_CORTE_FINAL,OBSERVACIONES) values (66,40,5,410047,to_timestamp('19-OCT-17 12.00.00.000000000 AM','DD-MON-RR HH.MI.SSXFF AM'),to_timestamp('25-MAY-19 12.00.00.000000000 AM','DD-MON-RR HH.MI.SSXFF AM'),'Lorem ipsum dolor sit amet, consectetuer adipiscing elit. Curabitur');
Insert into PAGOS_CONDUCTORES (ID,CONDUCTOR_ID,MEDIO_PAGO_ID,VALOR,FECHA_CORTE_INCIAL,FECHA_CORTE_FINAL,OBSERVACIONES) values (67,21,8,1163104,to_timestamp('13-JUN-18 12.00.00.000000000 AM','DD-MON-RR HH.MI.SSXFF AM'),to_timestamp('24-JAN-19 12.00.00.000000000 AM','DD-MON-RR HH.MI.SSXFF AM'),'Lorem ipsum dolor sit amet, consectetuer adipiscing elit.');
Insert into PAGOS_CONDUCTORES (ID,CONDUCTOR_ID,MEDIO_PAGO_ID,VALOR,FECHA_CORTE_INCIAL,FECHA_CORTE_FINAL,OBSERVACIONES) values (68,58,5,757551,to_timestamp('05-JUL-19 12.00.00.000000000 AM','DD-MON-RR HH.MI.SSXFF AM'),to_timestamp('14-NOV-18 12.00.00.000000000 AM','DD-MON-RR HH.MI.SSXFF AM'),'Lorem ipsum dolor sit amet, consectetuer adipiscing elit.');
Insert into PAGOS_CONDUCTORES (ID,CONDUCTOR_ID,MEDIO_PAGO_ID,VALOR,FECHA_CORTE_INCIAL,FECHA_CORTE_FINAL,OBSERVACIONES) values (69,41,5,1028669,to_timestamp('16-SEP-17 12.00.00.000000000 AM','DD-MON-RR HH.MI.SSXFF AM'),to_timestamp('06-APR-19 12.00.00.000000000 AM','DD-MON-RR HH.MI.SSXFF AM'),'Lorem ipsum dolor');
Insert into PAGOS_CONDUCTORES (ID,CONDUCTOR_ID,MEDIO_PAGO_ID,VALOR,FECHA_CORTE_INCIAL,FECHA_CORTE_FINAL,OBSERVACIONES) values (70,18,5,861536,to_timestamp('05-SEP-18 12.00.00.000000000 AM','DD-MON-RR HH.MI.SSXFF AM'),to_timestamp('11-JUL-18 12.00.00.000000000 AM','DD-MON-RR HH.MI.SSXFF AM'),'Lorem ipsum dolor');
Insert into PAGOS_CONDUCTORES (ID,CONDUCTOR_ID,MEDIO_PAGO_ID,VALOR,FECHA_CORTE_INCIAL,FECHA_CORTE_FINAL,OBSERVACIONES) values (71,11,10,283699,to_timestamp('19-AUG-18 12.00.00.000000000 AM','DD-MON-RR HH.MI.SSXFF AM'),to_timestamp('26-JUL-19 12.00.00.000000000 AM','DD-MON-RR HH.MI.SSXFF AM'),'Lorem ipsum dolor sit amet,');
Insert into PAGOS_CONDUCTORES (ID,CONDUCTOR_ID,MEDIO_PAGO_ID,VALOR,FECHA_CORTE_INCIAL,FECHA_CORTE_FINAL,OBSERVACIONES) values (72,64,5,769464,to_timestamp('21-MAR-18 12.00.00.000000000 AM','DD-MON-RR HH.MI.SSXFF AM'),to_timestamp('26-OCT-17 12.00.00.000000000 AM','DD-MON-RR HH.MI.SSXFF AM'),'Lorem ipsum dolor sit amet,');
Insert into PAGOS_CONDUCTORES (ID,CONDUCTOR_ID,MEDIO_PAGO_ID,VALOR,FECHA_CORTE_INCIAL,FECHA_CORTE_FINAL,OBSERVACIONES) values (73,50,5,1136393,to_timestamp('17-APR-19 12.00.00.000000000 AM','DD-MON-RR HH.MI.SSXFF AM'),to_timestamp('05-JUL-18 12.00.00.000000000 AM','DD-MON-RR HH.MI.SSXFF AM'),'Lorem ipsum dolor');
Insert into PAGOS_CONDUCTORES (ID,CONDUCTOR_ID,MEDIO_PAGO_ID,VALOR,FECHA_CORTE_INCIAL,FECHA_CORTE_FINAL,OBSERVACIONES) values (74,23,5,805095,to_timestamp('19-OCT-18 12.00.00.000000000 AM','DD-MON-RR HH.MI.SSXFF AM'),to_timestamp('12-MAR-19 12.00.00.000000000 AM','DD-MON-RR HH.MI.SSXFF AM'),'Lorem ipsum');
Insert into PAGOS_CONDUCTORES (ID,CONDUCTOR_ID,MEDIO_PAGO_ID,VALOR,FECHA_CORTE_INCIAL,FECHA_CORTE_FINAL,OBSERVACIONES) values (75,62,4,849892,to_timestamp('03-APR-19 12.00.00.000000000 AM','DD-MON-RR HH.MI.SSXFF AM'),to_timestamp('01-MAY-18 12.00.00.000000000 AM','DD-MON-RR HH.MI.SSXFF AM'),'Lorem ipsum dolor sit amet, consectetuer adipiscing');
Insert into PAGOS_CONDUCTORES (ID,CONDUCTOR_ID,MEDIO_PAGO_ID,VALOR,FECHA_CORTE_INCIAL,FECHA_CORTE_FINAL,OBSERVACIONES) values (76,90,9,967422,to_timestamp('24-AUG-19 12.00.00.000000000 AM','DD-MON-RR HH.MI.SSXFF AM'),to_timestamp('02-MAR-19 12.00.00.000000000 AM','DD-MON-RR HH.MI.SSXFF AM'),'Lorem ipsum dolor sit amet, consectetuer');
Insert into PAGOS_CONDUCTORES (ID,CONDUCTOR_ID,MEDIO_PAGO_ID,VALOR,FECHA_CORTE_INCIAL,FECHA_CORTE_FINAL,OBSERVACIONES) values (77,74,2,785768,to_timestamp('25-AUG-19 12.00.00.000000000 AM','DD-MON-RR HH.MI.SSXFF AM'),to_timestamp('22-SEP-18 12.00.00.000000000 AM','DD-MON-RR HH.MI.SSXFF AM'),'Lorem');
Insert into PAGOS_CONDUCTORES (ID,CONDUCTOR_ID,MEDIO_PAGO_ID,VALOR,FECHA_CORTE_INCIAL,FECHA_CORTE_FINAL,OBSERVACIONES) values (78,95,9,1224548,to_timestamp('12-OCT-17 12.00.00.000000000 AM','DD-MON-RR HH.MI.SSXFF AM'),to_timestamp('22-AUG-19 12.00.00.000000000 AM','DD-MON-RR HH.MI.SSXFF AM'),'Lorem ipsum dolor sit amet, consectetuer adipiscing');
Insert into PAGOS_CONDUCTORES (ID,CONDUCTOR_ID,MEDIO_PAGO_ID,VALOR,FECHA_CORTE_INCIAL,FECHA_CORTE_FINAL,OBSERVACIONES) values (79,46,3,679769,to_timestamp('03-JUN-19 12.00.00.000000000 AM','DD-MON-RR HH.MI.SSXFF AM'),to_timestamp('11-JAN-19 12.00.00.000000000 AM','DD-MON-RR HH.MI.SSXFF AM'),'Lorem');
Insert into PAGOS_CONDUCTORES (ID,CONDUCTOR_ID,MEDIO_PAGO_ID,VALOR,FECHA_CORTE_INCIAL,FECHA_CORTE_FINAL,OBSERVACIONES) values (80,94,5,583353,to_timestamp('17-APR-19 12.00.00.000000000 AM','DD-MON-RR HH.MI.SSXFF AM'),to_timestamp('21-MAR-19 12.00.00.000000000 AM','DD-MON-RR HH.MI.SSXFF AM'),'Lorem ipsum dolor sit');
Insert into PAGOS_CONDUCTORES (ID,CONDUCTOR_ID,MEDIO_PAGO_ID,VALOR,FECHA_CORTE_INCIAL,FECHA_CORTE_FINAL,OBSERVACIONES) values (81,53,7,1458687,to_timestamp('18-JAN-19 12.00.00.000000000 AM','DD-MON-RR HH.MI.SSXFF AM'),to_timestamp('03-JAN-18 12.00.00.000000000 AM','DD-MON-RR HH.MI.SSXFF AM'),'Lorem ipsum dolor sit amet, consectetuer adipiscing elit. Curabitur sed');
Insert into PAGOS_CONDUCTORES (ID,CONDUCTOR_ID,MEDIO_PAGO_ID,VALOR,FECHA_CORTE_INCIAL,FECHA_CORTE_FINAL,OBSERVACIONES) values (82,32,3,1148740,to_timestamp('26-APR-18 12.00.00.000000000 AM','DD-MON-RR HH.MI.SSXFF AM'),to_timestamp('01-OCT-18 12.00.00.000000000 AM','DD-MON-RR HH.MI.SSXFF AM'),'Lorem ipsum dolor sit amet, consectetuer adipiscing elit. Curabitur sed');
Insert into PAGOS_CONDUCTORES (ID,CONDUCTOR_ID,MEDIO_PAGO_ID,VALOR,FECHA_CORTE_INCIAL,FECHA_CORTE_FINAL,OBSERVACIONES) values (83,50,8,1368626,to_timestamp('16-AUG-18 12.00.00.000000000 AM','DD-MON-RR HH.MI.SSXFF AM'),to_timestamp('10-OCT-17 12.00.00.000000000 AM','DD-MON-RR HH.MI.SSXFF AM'),'Lorem');
Insert into PAGOS_CONDUCTORES (ID,CONDUCTOR_ID,MEDIO_PAGO_ID,VALOR,FECHA_CORTE_INCIAL,FECHA_CORTE_FINAL,OBSERVACIONES) values (84,34,9,634721,to_timestamp('25-NOV-17 12.00.00.000000000 AM','DD-MON-RR HH.MI.SSXFF AM'),to_timestamp('14-OCT-18 12.00.00.000000000 AM','DD-MON-RR HH.MI.SSXFF AM'),'Lorem ipsum dolor sit amet, consectetuer adipiscing');
Insert into PAGOS_CONDUCTORES (ID,CONDUCTOR_ID,MEDIO_PAGO_ID,VALOR,FECHA_CORTE_INCIAL,FECHA_CORTE_FINAL,OBSERVACIONES) values (85,76,6,977946,to_timestamp('21-MAY-18 12.00.00.000000000 AM','DD-MON-RR HH.MI.SSXFF AM'),to_timestamp('25-JAN-18 12.00.00.000000000 AM','DD-MON-RR HH.MI.SSXFF AM'),'Lorem ipsum dolor sit amet, consectetuer adipiscing elit. Curabitur sed');
Insert into PAGOS_CONDUCTORES (ID,CONDUCTOR_ID,MEDIO_PAGO_ID,VALOR,FECHA_CORTE_INCIAL,FECHA_CORTE_FINAL,OBSERVACIONES) values (86,19,8,890059,to_timestamp('25-MAY-19 12.00.00.000000000 AM','DD-MON-RR HH.MI.SSXFF AM'),to_timestamp('27-OCT-17 12.00.00.000000000 AM','DD-MON-RR HH.MI.SSXFF AM'),'Lorem ipsum dolor sit amet, consectetuer adipiscing elit. Curabitur sed');
Insert into PAGOS_CONDUCTORES (ID,CONDUCTOR_ID,MEDIO_PAGO_ID,VALOR,FECHA_CORTE_INCIAL,FECHA_CORTE_FINAL,OBSERVACIONES) values (87,83,9,1089132,to_timestamp('10-NOV-17 12.00.00.000000000 AM','DD-MON-RR HH.MI.SSXFF AM'),to_timestamp('05-JAN-18 12.00.00.000000000 AM','DD-MON-RR HH.MI.SSXFF AM'),'Lorem ipsum dolor sit amet, consectetuer adipiscing elit. Curabitur sed');
Insert into PAGOS_CONDUCTORES (ID,CONDUCTOR_ID,MEDIO_PAGO_ID,VALOR,FECHA_CORTE_INCIAL,FECHA_CORTE_FINAL,OBSERVACIONES) values (88,53,3,284619,to_timestamp('10-SEP-18 12.00.00.000000000 AM','DD-MON-RR HH.MI.SSXFF AM'),to_timestamp('11-SEP-19 12.00.00.000000000 AM','DD-MON-RR HH.MI.SSXFF AM'),'Lorem ipsum dolor sit amet, consectetuer adipiscing');
Insert into PAGOS_CONDUCTORES (ID,CONDUCTOR_ID,MEDIO_PAGO_ID,VALOR,FECHA_CORTE_INCIAL,FECHA_CORTE_FINAL,OBSERVACIONES) values (89,6,8,1196183,to_timestamp('02-MAY-18 12.00.00.000000000 AM','DD-MON-RR HH.MI.SSXFF AM'),to_timestamp('31-OCT-17 12.00.00.000000000 AM','DD-MON-RR HH.MI.SSXFF AM'),'Lorem ipsum dolor sit');
Insert into PAGOS_CONDUCTORES (ID,CONDUCTOR_ID,MEDIO_PAGO_ID,VALOR,FECHA_CORTE_INCIAL,FECHA_CORTE_FINAL,OBSERVACIONES) values (90,43,4,601209,to_timestamp('01-JUN-19 12.00.00.000000000 AM','DD-MON-RR HH.MI.SSXFF AM'),to_timestamp('31-MAY-18 12.00.00.000000000 AM','DD-MON-RR HH.MI.SSXFF AM'),'Lorem ipsum dolor sit amet, consectetuer adipiscing elit. Curabitur sed');
Insert into PAGOS_CONDUCTORES (ID,CONDUCTOR_ID,MEDIO_PAGO_ID,VALOR,FECHA_CORTE_INCIAL,FECHA_CORTE_FINAL,OBSERVACIONES) values (91,41,4,1224830,to_timestamp('06-JAN-18 12.00.00.000000000 AM','DD-MON-RR HH.MI.SSXFF AM'),to_timestamp('24-JUN-18 12.00.00.000000000 AM','DD-MON-RR HH.MI.SSXFF AM'),'Lorem ipsum dolor sit amet,');
Insert into PAGOS_CONDUCTORES (ID,CONDUCTOR_ID,MEDIO_PAGO_ID,VALOR,FECHA_CORTE_INCIAL,FECHA_CORTE_FINAL,OBSERVACIONES) values (92,35,9,671314,to_timestamp('19-AUG-19 12.00.00.000000000 AM','DD-MON-RR HH.MI.SSXFF AM'),to_timestamp('12-DEC-17 12.00.00.000000000 AM','DD-MON-RR HH.MI.SSXFF AM'),'Lorem ipsum dolor');
Insert into PAGOS_CONDUCTORES (ID,CONDUCTOR_ID,MEDIO_PAGO_ID,VALOR,FECHA_CORTE_INCIAL,FECHA_CORTE_FINAL,OBSERVACIONES) values (93,73,5,1206093,to_timestamp('23-OCT-18 12.00.00.000000000 AM','DD-MON-RR HH.MI.SSXFF AM'),to_timestamp('22-MAY-18 12.00.00.000000000 AM','DD-MON-RR HH.MI.SSXFF AM'),'Lorem ipsum');
Insert into PAGOS_CONDUCTORES (ID,CONDUCTOR_ID,MEDIO_PAGO_ID,VALOR,FECHA_CORTE_INCIAL,FECHA_CORTE_FINAL,OBSERVACIONES) values (94,95,8,987864,to_timestamp('19-FEB-19 12.00.00.000000000 AM','DD-MON-RR HH.MI.SSXFF AM'),to_timestamp('31-DEC-18 12.00.00.000000000 AM','DD-MON-RR HH.MI.SSXFF AM'),'Lorem ipsum');
Insert into PAGOS_CONDUCTORES (ID,CONDUCTOR_ID,MEDIO_PAGO_ID,VALOR,FECHA_CORTE_INCIAL,FECHA_CORTE_FINAL,OBSERVACIONES) values (95,87,1,791790,to_timestamp('01-MAY-19 12.00.00.000000000 AM','DD-MON-RR HH.MI.SSXFF AM'),to_timestamp('05-JAN-19 12.00.00.000000000 AM','DD-MON-RR HH.MI.SSXFF AM'),'Lorem ipsum dolor sit amet, consectetuer adipiscing elit.');
Insert into PAGOS_CONDUCTORES (ID,CONDUCTOR_ID,MEDIO_PAGO_ID,VALOR,FECHA_CORTE_INCIAL,FECHA_CORTE_FINAL,OBSERVACIONES) values (96,55,1,1288786,to_timestamp('19-JUN-18 12.00.00.000000000 AM','DD-MON-RR HH.MI.SSXFF AM'),to_timestamp('02-JUN-19 12.00.00.000000000 AM','DD-MON-RR HH.MI.SSXFF AM'),'Lorem ipsum');
Insert into PAGOS_CONDUCTORES (ID,CONDUCTOR_ID,MEDIO_PAGO_ID,VALOR,FECHA_CORTE_INCIAL,FECHA_CORTE_FINAL,OBSERVACIONES) values (97,76,2,1078333,to_timestamp('13-FEB-19 12.00.00.000000000 AM','DD-MON-RR HH.MI.SSXFF AM'),to_timestamp('11-MAY-19 12.00.00.000000000 AM','DD-MON-RR HH.MI.SSXFF AM'),'Lorem');
Insert into PAGOS_CONDUCTORES (ID,CONDUCTOR_ID,MEDIO_PAGO_ID,VALOR,FECHA_CORTE_INCIAL,FECHA_CORTE_FINAL,OBSERVACIONES) values (98,42,4,434005,to_timestamp('20-JUL-19 12.00.00.000000000 AM','DD-MON-RR HH.MI.SSXFF AM'),to_timestamp('22-APR-18 12.00.00.000000000 AM','DD-MON-RR HH.MI.SSXFF AM'),'Lorem ipsum');
Insert into PAGOS_CONDUCTORES (ID,CONDUCTOR_ID,MEDIO_PAGO_ID,VALOR,FECHA_CORTE_INCIAL,FECHA_CORTE_FINAL,OBSERVACIONES) values (99,37,1,1117251,to_timestamp('07-JUN-18 12.00.00.000000000 AM','DD-MON-RR HH.MI.SSXFF AM'),to_timestamp('20-JUL-18 12.00.00.000000000 AM','DD-MON-RR HH.MI.SSXFF AM'),'Lorem ipsum');
Insert into PAGOS_CONDUCTORES (ID,CONDUCTOR_ID,MEDIO_PAGO_ID,VALOR,FECHA_CORTE_INCIAL,FECHA_CORTE_FINAL,OBSERVACIONES) values (100,70,6,888442,to_timestamp('27-APR-19 12.00.00.000000000 AM','DD-MON-RR HH.MI.SSXFF AM'),to_timestamp('03-SEP-18 12.00.00.000000000 AM','DD-MON-RR HH.MI.SSXFF AM'),'Lorem ipsum dolor sit amet,');


